HF_FNCLTY_MTRAL_RCOGN_NO,DAY_INTK_HIGHLIMIT,DAY_INTK_LOWLIMIT,WT_UNIT,RAWMTRL_NM,IFTKN_ATNT_MATR_CN,PRIMARY_FNCLTY
2023-40,500 (mg/일),500 (mg/일),mg/일,두충우슬추출복합물(KGC08EA)(제2023-40호),"(1) 성인 남성만 섭취할 것
(2) 특정질환(알레르기 체질 등)이 있는 분은 섭취에 주의할 것
(3) 이상사례 발생 시 섭취를 중단하고 전문가와 상담할 것","(국문) 갱년기 남성의 건강에 도움을 줄 수 있음
(영문) May help to maintain male health in menopause"
New제2007-13호,"2,400 (mg)","2,400 (mg)",mg,차조기등복합추출물(기능성원료인정New제2007-13호),,(국문) 관절 건강에 도움을 줄 수 있음(기타기능II) (영문) May help to maintain joint health.
New제2007-15호,1 (g),1 (g),g,바이오게르마늄 효모(기능성원료인정New제2007-15호),"(1) 임산부, 수유여성 및 12세 이하 어린이는 섭취에 주의 (2) 이상사례 발생 시 섭취를 중단하고 전문가와 상담할 것",(국문) 면역기능증진에 도움을 줄 수 있음 (영문) May help to improve immune function
New제2007-23호,2 (g),1 (g),g,PMO 참밀알부민(기능성원료인정New제2007-23호),(1) 소맥알레르기 체질인 사람은 섭취에 주의하여야 합니다.,(국문) PMO 참밀알부민은 급격한 식후 혈당상승을 억제하는데 도움을 줄 수 있습니다 (기타기능II)
제2004-1호,400 (μg),250 (μg),μg,정어리펩타이드 SP100N(기능성원료인정제2004-1호),(1) 고혈압치료제 등 복용 시 전문가와 상담할 것 (2) 이상사례 발생 시 섭취를 중단하고 전문가와 상담할 것,(국문) 혈압을 조절하는데 도움을 줄 수 있음 (영문) May help to maintain healthy blood pressure
제2004-2호,10 (g),5 (g),g,자일리톨(기능성원료인정제2004-2호),(1) 이상사례 발생 시 섭취를 중단하고 전문가와 상담할 것,(국문) 충치발생 위험 감소에 도움을 줌(치아건강) (영문) Can help to reduce risk of caries occurrence(dental health)
제2004-6호,800 (mg),800 (mg),mg,참당귀뿌리추출물(기능성원료인정제2004-6호),"①소화불량, 속쓰림 등이 나타날 수 있습니다.②혈액응고방지제 또는 혈당강하제를 복용하시는 분은 의사의 상담 하에 사용하여 주십시오.",(국문) 노인의 인지능력 저하의 개선에 도움을 줄 수 있음(기타기능II) (영문) May help to improve cognitive function affected by aging-related cognitive decline
제2004-7호,"2,079 (mg)","2,079 (mg)",mg,씨제이 히비스커스 등 복합추출물(기능성원료인정제2004-7호),"(1) 어린이, 임산부 및 수유부는 섭취를 피할 것 (2) 이상사례 발생시 섭취를 중단하고 전문가와 상담할 것",(국문) 체지방 감소에 도움을 줄 수 있음(영문) May help to reduce body fat
제2004-8호,620 (mg),620 (mg),mg,초록입홍합추출오일복합물(기능성원료인정제2004-8호),(1) 임산부 및 수유부는 섭취를 피할 것 (2) 간 질환이 있거나 혈전용해제 등 복용 시 전문가와 상담할 것 (3) 알레르기 체질 등은 개인에 따라 과민반응을 나타낼 수 있음 (4) 이상사례 발생 시 섭취를 중단하고 전문가와 상담할 것,(국문) 관절건강에 도움이 될 수 있음 (영문) May help to maintain healthy joint
제2005-10호,12 (g),8 (g),g,이소말토올리고당(기능성원료인정제2005-10호),① 과량으로 섭취 시에는 설사를 유발할 수 있습니다.,"(국문) 장내 유익균의 증식과 유해균의 억제에 도움을 줄 수 있음(기타기능II), 배변활동을 원활히 하는데 도움을 줄 수 있음(기타기능II) (영문) May help fat digestion by facilitating the secretion of bile acid, May help to improve bowel movements"
제2005-11호,12 (g),8 (g),g,이소말토올리고당(기능성원료인정제2005-11호),① 과량으로 섭취 시에는 설사를 유발할 수 있습니다.,"(국문) 장내 유익균의 증식과 유해균의 억제에 도움을 줄 수 있음(기타기능II), 배변활동을 원활히 하는데 도움을 줄 수 있음(기타기능II) (영문) May help fat digestion by facilitating the secretion of bile acid, May help to improve bowel movements"
제2005-15호,300 (mg),300 (mg),mg,피니톨(기능성원료인정제2005-15호),"(1) 영·유아, 어린이, 임산부 및 수유부는 섭취에 주의 (2) 특정질환(알레르기 체질 등)이 있는 분은 섭취에 주의 (3) 이상사례 발생 시 섭취를 중단하고 전문가와 상담할 것",(국문) 간 건강에 도움을 줄 수 있음 (영문) May help to liver health
제2005-20호,3 (g),2 (g),g,대두올리고당(기능성원료인정제2005-20호),① 과량으로 섭취 시에는 설사를 유발할 수 있습니다.,"(국문) 장내 유익균의 증식과 유해균의 억제에 도움을 줄 수 있음(기타기능II), 배변활동을 원활히 하는데 도움을 줄 수 있음(기타기능II) (영문) May help fat digestion by facilitating the secretion of bile acid, May help to improve bowel movements"
제2005-9호,300 (mg),200 (mg),mg,포도종자추출물(기능성원료인정제2005-9호),,(국문) 인체의 항산화능 증진에 도움을 줄 수 있음(기타기능II) (영문) May help protect body from oxidative stress
제2006-11호,"3,400 (mg)","3,400 (mg)",mg,식물스타놀에스테르(기능성원료인정제2006-11호),①식물 스타놀 에스테르는 지용성 비타민의 흡수를 저해할 수 있습니다.,(국문) 식물스타놀 에스테르는 높은 혈중 콜레스테롤 수치 개선에 도움을 줄 수 있습니다 (영문) May help to reduce blood triglyceride levels after meals
제2006-13호,2 (g),2 (g),g,가쯔오부시올리고펩타이드(기능성원료인정제2006-13호),"① 임산부, 수유부는 섭취를 삼가시기 바랍니다.② 어린이, 노인, 신부전이 있는 사람, 혈압약을 복용하시는 분이 섭취 시에는 의사와 상담하셔야 합니다.",(국문) 혈압이 걱정되시는 분에게 도움을 줄 수 있음(기타기능II) (영문)  May help to regulate blood pressure
제2006-17호,40 (g),20 (g),g,헤모힘 당귀등 혼합추출물(기능성원료인정제2006-17호),"(1) 어린이, 임산부 및 수유부는 섭취를 피할 것 (2) 월경불순이나 출혈성 질환이 있는 여성의 경우 전문가와 상담할 것 (3) 항응고제 복용시 전문가와 상담할 것 (4) 알레르기 체질 등은 개인에 따라 과민반응을 나타낼 수 있음 (5) 이상사례 발생시 섭취를 중단하고 전문가와 상담할 것",(국문) 면역기능 개선에 도움을 줄 수 있음 (영문) May help to improve immune function
제2006-19호,"4,000 (mg)","4,000 (mg)",mg,카제인가수분해물(기능성원료인정제2006-19호),"(1) 임산부, 수유부는 섭취를 삼가시기 바랍니다. (2) 어린이, 노인, 신부전이 있는 사람, 혈압약을 복용하시는 분이 섭취 시에는 의사와 상담하셔야 합니다.",(국문) 혈압이 걱정되시는 분에게 도움을 줄 수 있음(기타기능II)
제2006-1호,200 (mg),50 (mg),mg,피크노제놀-프랑스해안송껍질추출물<PYCNOGENOL>(기능성원료인정제2006-1호),"(1) 임산부 및 수유부와 12세 이하의 어린이는 섭취를 피할 것 (2) 수술 전후, 질환이 있거나 의약품 복용 시 전문가와 상담할 것 (3) 식사 후 또는 식사와 함께 섭취할 것 (4) 이상사례 발생 시 섭취를 중단하고 전문가와 상담할 것","(국문) 인체에 유해한 활성산소를 제거하는데 도움을 줄 수 있음, 혈액의 흐름을 방해할 수 있는 혈소판응집을 억제하는데 도움을 줄 수 있음, 갱년기 여성의 건강에 도움을 줄 수 있음 (영문) May help to remove reactive oxygen species which are harmful to human body, May help to inhibit blood coagulatin of platelet which can disturb blood flow, May help to climacteric women’s health"
제2006-25호,"1,000 (mg)",500 (mg),mg,올리브잎주정추출물 EFLA943(기능성원료인정제2006-25호),"(1) 위, 간 및 신장 질환이 있거나 고혈압치료제 등 복용 시 전문가와 상의 할 것 (2) 이상사례 발생 시 섭취를 중단하고 전문가와 상담할 것",(국문) 혈압조절에 도움을 줄 수 있음 (영문) May help to maintain healthy blood pressure
제2006-2호,"12,000 (mg)","8,000 (mg)",mg,이소말토올리고당(기능성원료인정제2006-2호),①과량으로 섭취 시에는 설사를 유발할 수 있습니다.,"(국문) 장내 유익균의 증식과 유해균의 억제에 도움을 줄 수 있음(기타기능II), 배변활동을 원활히 하는데 도움을 줄 수 있음(기타기능II) (영문) May help fat digestion by facilitating the secretion of bile acid, May help to improve bowel movements"
제2006-3호,"1,100 (mg)","1,100 (mg)",mg,황금등복합물(기능성원료인정제2006-3호),(1) 이상 사례 발생 시 섭취를 중단하고 전문가와 상담할 것,(국문) 관절 건강에 도움을 줄 수 있음 (영문) May help to maintain healthy joint
제2006-4호,20 (mg),5 (mg),mg,폴리코사놀-사탕수수왁스알코올(기능성원료인정제2006-4호),"(1) 임산부, 수유부, 청소년 및 어린이는 섭취를 피할 것 (2) 심혈관약 등 복용, 혈액응고장애가 있거나 수술예정인 사람은 전문가와 상담할 것 (3) 이상사례 발생 시 섭취를 중단하고 전문가와 상담할 것","(국문) 혈중 콜레스테롤 수치 개선에 도움을 줄 수 있음, 혈압조절에 도움을 줄 수 있음 (영문) May help to improve blood cholesterol level, May help to regulate blood pressure"
제2007-10호,900 (mg),900 (mg),mg,콩발효추출물(기능성원료인정제2007-10호),"(1) 영·유아, 어린이, 임산부 및 수유부는 섭취에 주의 (2) 특정질환(알레르기 체질 등)이 있는 분은 섭취에 주의 (3) 이상사례 발생 시 섭취를 중단하고 전문가와 상담할 것",(국문) 당의 흡수를 억제하여 식후혈당을 건강하게 유지하는데 도움을 줄 수 있음 (영문) May help to improve blood glucose levels by slowing digestion and absorption of sugar
제2007-15호,1 (g/일),1 (g/일),g/일,바이오게르마늄 효모(제2007-15호),"(1) 임산부, 수유여성 및 12세 이하 어린이는  섭취에 주의
(2) 이상사례 발생 시 섭취를 중단하고 전문가와 상담할 것","(국문)  면역기능증진에 도움을 줄 수 있음
(영문) May help to improve immune function"
제2007-4호,"50,000 (mg)",0 (mg),mg,아마인(기능성원료인정제2007-4호),①혈액응고와 관련된 질병이 있거나 혈액응고저해제를 섭취하는 경우는 반드시 의사나 약사와 상담 후에 섭취하여야 합니다.②아마인의 섭취는 다른 약물의 흡수를 방해할 수 있으므로 약제를 섭취하는 경우에는 의사나 약사와 상담 후 섭취하여야 합니다.,(국문) 콜레스테롤 감소에 도움을 줄 수 있음(기타기능II) (영문) May help to reduce blood triglyceride levels after meals
제2007-8호,"1,350 (mg)","1,350 (mg)",mg,솔잎증류농축액(기능성원료인정제2007-8호),"①기관지 천식, 해소 기침이나 기도에 심한 염증이 있는 사람은 사용을 금하시기 바랍니다.",(국문) 건강한 혈당의 유지에 도움을 줄 수 있음(기타기능II) (영문) May help to maintain healthy blood glucose levels
제2008-14호,"1,130 (mg)","1,130 (mg)",mg,소나무껍질추출물등복합물(기능성원료인정제2008-14호),"(1) 임산부, 수유부 및 어린이는 섭취를 피해야 함 (2) ’달맞이꽃종자유’에 과민증이 있는 사람을 섭취를 삼가야 함 (3) 과량 섭취 시 위장장애 등의 부작용이 있을 수 있음 (4) 기타 질병을 보유하고 있는 사람 및 수술 전후 환자는 섭취를 삼가야 하며 섭취 시 의사와 상담해야 함",(국문) 햇볕 또는 자외선에 의한 피부손상으로부터 피부 건강을 유지하는데 도움을 줄 수 있음(기타기능II)
제2008-18호,900 (mg),900 (mg),mg,토치대두발효추출물(기능성원료인정제2008-18호),,(국문) 콩발효추출물은 발효시킨 콩을 추출한 것으로 당의 흡수를 억제하여 식후혈당을 건강하게 유지하는데 도움을 줄 수 있는 식품입니다. (영문) May help to maintain healthy blood glucose level
제2008-23호,2 (g),0 (g),g,표고버섯균사체추출물(기능성원료인정제2008-23호),,(국문) 간 건강에 도움을 줄 수 있음(기타기능II) (영문) May help to protect liver
제2008-31호,"1,000 (mg)","1,000 (mg)",mg,Enterococcus faecalis 가열처리건조분말(기능성원료인정제2008-31호),,(국문) 꽃가루에 의해 나타나는 코막힘의 개선에 도움을 줄 수 있음(기타기능II) (영문) May help to improve nasal condition caused by hypersensitivity reaction
제2008-42호,200 (mg),0 (mg),mg,포도종자추출물(기능성원료인정제2008-42호),"① 위장장애가 발생할 수 있다.② 영유아, 임산부는 섭취를 삼가 해야 한다.③ 식사조절, 운동을 병행하는 것이 체지방 감소에 효과적이다.",(국문) 인체의 항산화능 증진에 도움을 줄 수 있음(기타기능II) (영문) May help protect body from oxidative stress
제2008-52호,3 (g),3 (g),g,Green Mate Extract EFLA® 920(기능성원료인정제2008-52호),"(1) 어린이, 임산부 및 수유부는 섭취를 피할 것 (2) 질환이 있거나 의약품 복용시 전문가와 상담할 것 (3) 카페인을 함유한 식품의 섭취에 주의할 것 (4) 이상사례 발생 시 섭취를 중단하고 전문가와 상담할 것",(국문) 체지방 감소에 도움을 줄 수 있습니다(생리활성기능 2등급) (영문) May help to reduce body fat
제2008-55호,"2,460 (mg)","2,460 (mg)",mg,헛개나무과병추출분말(기능성원료인정제2008-55호),(1) 임산부 및 수유부는 섭취를 피할 것 (2) 간 질환이 있는 경우 전문가와 상담할 것 (3) 이상사례 발생 시 섭취를 중단하고 전문가와 상담할 것,"(국문) 알콜성 손상으로부터 간을 보호하는데 도움을 줄 수 있음, 운동능력 향상에 도움을 줄 수 있음, 스트레스로 인한 피로개선에 도움을 줄 수 있음 (영문) May help to liver health on alcoholic liver damage, May help to improvement of exercise ability, May help to improvement of fatigue due to stress"
제2008-65호,20 (mg),10 (mg),mg,지아잔틴 추출물(기능성원료인정제2008-65호),(1) 임산부는 섭취 전 의사와 상담이 필요합니다. (2) 과다 섭취 시 일시적으로 피부가 황색으로 변할 수 있습니다.,(국문) 노화로 인해 감소될 수 있는 황반색소밀도를 유지하여 눈건강에 도움을 줄 수 있음 (영문) May help the eye health by maintaining the density of macular pigments which can be decreased by aging
제2008-66호,20 (mg),10 (mg),mg,루테인/지아잔틴 복합추출물(기능성원료인정제2008-66호),(1) 임산부는 섭취 전 의사와 상담이 필요합니다. (2) 과다 섭취 시 일시적으로 피부가 황색으로 변할 수 있습니다.,(국문) 노화로 인해 감소될 수 있는 황반색소밀도를 유지하여 눈건강에 도움을 줄 수 있음 (영문) May help the eye health by maintaining the density of macular pigments which can be decreased by aging
제2008-67호,3 (g),3 (g),g,"홍삼, 사상자, 산수유 복합추출물(기능성원료인정제2008-67호)","(1) 홍삼, 사상자, 산수유에 특이한 이상반응을 나타내는 사람은 섭취에 주의 (2)임산부 및 수유기 여성은 섭취에 주의",(국문) 햇볕 또는 자외선에 의한 피부손상으로부터 피부건강을 유지하는데 도움을 줄 수 있습니다 (기타기능II)
제2008-6호,700 (mg),700 (mg),mg,APIC 대두배아열수추출물 등 복합물(기능성원료인정제2008-6호),"(1) 어린이, 임산부 및 수유부는 섭취를 피할 것 (2) 알레르기성 비염, 천식, 우유, 대두알레르기반응을 나타내는 사람은 섭취에 주의 (3) 에스트로겐 호르몬에 민감한 사람은 섭취에 주의 (4) 이상사례 발생 시 섭취를 중단하고 전문가와 상담할 것",(국문) 체지방의 감소에 도움을 줄 수 있음 (영문) May help to reduce body fat
제2008-78호,4 (g),2 (g),g,표고버섯균사체 AHCC(기능성원료인정제2008-78호),,(국문) 면역기능 증진에 도움을 줄 수 있음(생리활성기능 2등급)
제2008-79호,705 (mg),705 (mg),mg,쏘팔메토 열매 추출물 등 복합물(기능성원료인정제2008-79호),"(1) 메스꺼움이나 설사 등 소화계통의 불편함을 유발 할 수 있음 (2) 어린이, 임산부, 수유기 여성은 섭취에 주의할 것",(국문) 전립선 건강의 유지에 도움을 줄 수 있습니다 (영문) May help to maintain healthy prostate
제2008-7호,"5,000 (mg)","3,000 (mg)",mg,L-글루타민(기능성원료인정제2008-7호),"①Methotrexate, anticonvulsants, lactulose의 효     과를 경감시킬 우려가 있음②MSG에 민감한 사람은 섭취를 주의해야 함③신장 및 간질환이 있는 환자는 섭취를 주의해야 함④임산부, 수유부는 의사의 처방 없이는 섭취를삼가야 함",(국문) 과도한 운동 후의 L-글루타민 보충은 신체 저항능력 향상에 도움이 될 수 있음(기타기능II)
제2008-9호,"1,000 (IU)",500 (IU),IU,칸탈로프멜론추출물(기능성원료인정제2008-9호),(1) 밀 단백질에 알레르기를 나타내는 사람은 섭취에 주의,"(국문) 산화스트레스로부터 인체를 보호하는데 도움을 줄 수 있습니다, 혈관벽 두께(내중막 두께 : IMT) 증가 억제를 통한 혈행개선에 도움을 줄 수 있음, 자외선에 의한 피부홍반개선으로 피부건강에 도움을 줄 수 있음"
제2009-12호,300 (mg),300 (mg),mg,BT-11원지추출분말(기능성원료인정제2009-12호),"(1) 과다섭취 시 구토, 설사, 메스꺼움 등의 위장관 장애가 나타날 수 있으며 위장장애가 있는 분은 섭취에 주의 (2) 임산부, 수유 여성, 어린이는 섭취에 주의",(국문) 성인의 기억력 개선에 도움을 줄 수 있음(생리활성기능 2등급)
제2009-15호,"1,000 (mg)","1,000 (mg)",mg,커피만노올리고당분말(기능성원료인정제2009-15호),"① 어린이, 임산부, 수유기 여성은 섭취에 주의하십시오.② 과량 섭취 시 복부팽만감을 느낄 수 있습니다.","(국문) 장내 유익균 증식, 유해균 억제, 배변활동에 도움을 줄 수 있음(기타기능II) (영문) May help fat digestion by facilitating the secretion of bile acid, May help to improve bowel movements"
제2009-16호,800 (mg),800 (mg),mg,구아바잎추출물 등 복합물(BENDU381)(기능성원료인정제2009-16호),,"(국문) 과민반응에 의한 코 상태(코 가려움, 재채기, 콧물) 개선에 도움을 줄 수 있음(기타기능 II)"
제2009-17호,1 (g),1 (g),g,보이차 추출물(기능성원료인정제2009-17호),"(1) 카페인이 함유되어 있어 초조감, 불면 등을 나타낼 수 있음 (2) 임산부, 수유 여성, 어린이, 알레르기성 질환보유자, 질병치료 중인 환자는 섭취에 주의",(국문) 혈중 콜레스테롤 개선에 도움을 줄 수 있습니다.(기타기능 II)
제2009-18호,2 (g),2 (g),g,다래추출물(기능성원료인정제2009-18호),(1) 임산부 및 수유기 여성은 섭취 전 의사와 상담하여야 함,(국문) 면역 과민반응 개선에 도움을 줄 수 있음 (영문) May help to reduce hypersensitivity reactions
제2009-19호,8 (mg),4 (mg),mg,홍국쌀(기능성원료인정제2009-19호),,(국문) 콜레스테롤 개선
제2009-1호,20 (mg),20 (mg),mg,L-글루타민산 유래 GABA 함유 분말(기능성원료인정제2009-1호),"① 임산부와 수유기 여성, 어린이는 섭취에 주의하시기 바람",(국문) 혈압이 높은 사람에게 도움을 줄 수 있습니다(기타기능II) (영문)  May help to regulate blood pressure
제2009-20호,(mg/g),(mg/g),mg/g,중쇄지방산(MCFA) 함유 유지(기능성원료인정제2009-20호),,(국문) 이 제품은 중쇄지방산을 함유하고 있어 다른 식용유와 비교하였을 때 체지방 증가가 적을 수 있음(기타기능II)
제2009-21호,"99,999 (mg)",0 (mg),mg,CJ식물성유지 디글리세라이드(DG)(기능성원료인정제2009-21호),,(국문) 이 제품은 Diacylglyderide를 함유하고 있어 다른 식용유와 비교하였을 때 식후 혈중 중성지방과 체지방 증가가 적을 수 있음(기타기능II)
제2009-22호,4 (mg),2 (mg),mg,카제인가수분해물(기능성원료인정제2009-22호),,(국문) 혈압이 높은 사람에게 도움을 줄 수 있습니다(기타기능II) (영문)  May help to regulate blood pressure
제2009-25호,2 (g),1 (g),g,호프추출물(기능성원료인정제2009-25호),"(1) 어린이, 임산부 및 수유여성은 섭취에 주의 (2) 호프추출물에 알레르기 반응을 나타내는 분은 섭취에 주의 (3) 항우울제 또는 호르몬제를 복용하시는 분은 섭취에 주의",(국문) 호프추출물은 관절 건강에 도움을 줄 수 있습니다(기타기능II)
제2009-28호,"3,000,000,000,000 (-)","100,000,000 (-)",,프로바이오틱스(드시모네)(기능성원료인정제2009-28호),,"(국문) 유익한 유산균 증식, 유해균 억제, 배변활동 원활, 장 면역을 조절하여 장 건강에 도움을 줄 수 있음"
제2009-2호,"1,248 (mg)","1,248 (mg)",mg,지방산복합물(기능성원료인정제2009-2호),① 임산부 및 수유기 여성은 섭취에 주의,(국문) 관절건강에 도움을 줄 수 있음(기타기능II) (영문) May help to maintain joint health.
제2009-38호,2 (g),1 (g),g,정제오징어유(기능성원료인정제2009-38호),,(국문) 혈행개선(기타기능II) (영문) May help to improve blood flow
제2009-39호,4 (g),4 (g),g,Nopal 추출물(기능성원료인정제2009-39호),"(1) 어린이, 임산부 및 수유여성은 섭취에 주의",(국문) 식후 혈당조절에 도움을 줄 수 있습니다 (기타기능II)
제2009-3호,2 (g/일),2 (g/일),g/일,마그나스표고균사체추출물분말(제2009-3호),-,"(국문) 간 건강에 도움을 줄 수 있음
(영문) May help to liver health"
제2009-40호,"3,000 (mg)",650 (mg),mg,락추로스분말(제2009-40호),"(1) 영‧유아, 임산부 및 수유부는 섭취를 피할 것
(2) 특정질환(당뇨병, 갈락토스혈증 등), 알레르기가 있는 사람은 섭취에 주의할 것
(3) 과다 섭취 시 위장관계 계통의 이상 반응 및 전해질 이상 등이 나타날 수 있음
(4) 이상 사례 발생 시 섭취를 중단하고 전문가와 상담할 것","(국문) 유익균 증식, 유해균 억제에 도움을 줄 수 있음
(영문) May help to increase beneficial intestinal flora and suppress pathogenic bacteria"
제2009-46호,400 (mg),200 (mg),mg,피브로인추출물(BF-7®)(제2009-46호),"(1) 임산부 및 수유부는 섭취를 피할 것
(2) 이상사례 발생 시 섭취를 중단하고 전문가와 상담할 것","(국문) 기억력 개선에 도움을 줄 수 있음
(영문) May help to improve memory"
제2009-47호,500 (mg),500 (mg),mg,콜레우스 포스콜리 추출물 Forslean(기능성원료인정제2009-47호),"(1) 항응고제 또는 혈압조절제를 복용하시거나 혈압이 낮으신 분은 섭취에 주의 (2) 임산부, 수유여성, 어린이는 섭취에 주의",(국문) 체지방 감소에 도움을 줄 수 있습니다(기타기능 II)
제2009-49호,200 (mg),200 (mg),mg,리프리놀-초록입홍합추출오일(기능성원료인정제2009-49호),(1) 임신부 및 수유부는 섭취를 피할 것 (2) 간질환이 있거나 혈전용해제 등 복용 시 전문가와 상담할 것 (3) 알레르기 체질 등은 개인에 따라 과민반응을 나타낼 수 있음 (4) 이상사례 발생 시 섭취를 중단하고 전문가와 상담할 것,(국문) 관절 건강에 도움을 줄 수 있음 (영문) May help to maintain healthy joint
제2009-50호,133 (mg),133 (mg),mg,HK 나토배양물(기능성원료인정제2009-50호),"(1) 알레르기 체질이신 분은 원재료를 확인하신 후 섭취하십시오. (2) 임산부와 수유기 여성은 섭취를 피하는 것이 좋습니다. (3) 과다 섭취 시 혈액응고가 저해되어 출혈 위험이 증가될 수 있습니다. (4) 항혈전 관련 약품(항응고제, 항혈소판제제)을 섭취하는 사람은 의사와 상담 후 섭취하여야 합니다. (5) 수술 전과 후에는 섭취를 피해야 합니다.","(국문) 혈액의 흐름을 방해할 수 있는 혈소판응집을 억제하여, 혈액흐름을 원활히 하는데 도움을 줄 수 있음.(기타 II)"
제2009-58호,3 (g),2 (g),g,액상 다래추출물(기능성원료인정제2009-58호),(1) 임산부와 수유부는 섭취에 주의,(국문) 면역 과민반응 개선에 도움을 줄 수 있음 (영문) May help to reduce hypersensitivity reactions
제2009-66호,34 (mg),10 (mg),mg,쌀겨추출물(기능성원료인정제2009-66호),(1) 임산부와 수유기 여성은 섭취를 피하는 것이 좋습니다.,(국문) 피부보습에 도움을 줄 수 있음(기타II)
제2009-67호,3 (g),3 (g),g,동결건조누에분말(기능성원료인정제2009-67호),(1) 당뇨병의 치료 및 예방에 사용될 수 없으므로 당뇨병 치료가 필요한 경우에는 의사와 상담 하에 사용하여야 합니다.,(국문) 혈당조절에 도움을 줄 수 있음 (영문) May help to maintain healthy blood glucose level
제2009-72호,50 (g),50 (g),g,아마인(기능성원료인정제2009-72호),(1) 혈액응고와 관련된 질병이 있거나 혈액응고저해제를 섭취하는 경우는 반드시 의사나 약사와 상담 후에 섭취하여야 합니다. (2) 아마인의 섭취는 다른 약물의 흡수를 방해할 수 있으므로 약제를 섭취하는 경우에는 의사나 약사와 상담 후 섭취하여야 합니다.,(국문) 콜레스테롤 감소에 도움을 줄 수 있음(기타기능 Ⅱ)
제2009-73호,8 (g),3 (g),g,보리 베타글루칸 추출물(Barley β-glucan Extract)(기능성원료인정제2009-73호),,(국문) 혈중 콜레스테롤 개선에 도움을 줄 수 있음 (영문) May help to improve blood cholesterol level
제2009-76호,2 (g),1 (g),g,정제오징어유(기능성원료인정제2009-76호),,"(국문) 혈행개선에 도움을 줄 수 있음(기타II) 혈중 중성지질 개선에 도움을 줄 수 있음(기타Ⅱ) (영문) May help to improve blood flow,May help to regulate (혹은 reduce, improve) blood triglyceride levels"
제2009-80호,8 (g),1 (g),g,자일로올리고당(xylooligosaccharide) 분말(기능성원료인정제2009-80호),"(1) 어린이는 섭취를 피할 것
(2) 과량으로 섭취 시 설사를 유발할 수도 있음
(3) 이상사례 발생 시 섭취를 중단하고 전문가와 상담할 것","(국문) 장내 유익균 증식, 유해균 억제, 배변활동에 도움을 줄 수 있음
(영문) May help to increase beneficial intestinal flora and suppress pathogenic bacteria, May help to improve bowel movements"
제2009-81호,8 (g),1 (g),g,자일로올리고당(xylooligosaccharide)(기능성원료인정제2009-81호),과량으로 섭취 시 설사를 유발할 수도 있습니다.,"(국문) 장내 유익균 증식, 유해균 억제, 배변활동에 도움을 줄 수 있음(기타II) (영문) May help to increase beneficial intestinal flora and suppress  pathogenic bacteria, May help to improve bowel movements"
제2009-84호,"1,000 (mg)",500 (mg),mg,파크랜 크랜베리 분말(PACran Whole Cranberry Powder)(기능성원료인정제2009-84호),"(1) 와파린, 쿠마딘 등 항응고제, 오메프라졸 등의 위산분비 억제제와 함께 섭취하지 마십시오 (2) 제안된 섭취량 이상 과잉 복용할 경우 설사가 있을 수 있으므로, 정해진 섭취량을 준수하여 주십시오",(국문) 요로의 유해균 흡착 억제로 요로건강에 도움을 줄 수 있음(기타기능II)
제2009-87호,2 (g),2 (g),g,해태올리고펩티드(NORI-PEPTIDE)(기능성원료인정제2009-87호),(1) 해조식 섭취에 주의해야 하는 분은 섭취를 삼가시기 바랍니다.,(국문) 혈압조절에 도움을 줄 수 있음(기타기능II)
제2010-10호,"4,400 (mg)","4,200 (mg)",mg,Nopal추출물(기능성원료인정제2010-10호),"어린이, 임산부 및 수유여성은 섭취에 주의",(국문) 식후 혈당조절에 도움을 줄 수 있습니다(기타기능II) (영문) May help to maintain healthy blood glucose levels
제2010-1호,100 (mg),50 (mg),mg,"비즈왁스알코올(Bees Wax Alcohol, BWA)(기능성원료인정제2010-1호)","(1) 어린이, 임산부 및 수유부는 섭취 시 주의","(국문) 항산화에 도움을 줄 수 있음(생리활성기능 2등급), 위점막을 보호하여 위건강에 도움을 줄 수 있음(생리활성기능 2등급), 관절 건강에 도움을 줄 수 있음(생리활성기능 2등급) (영문) May help protect body from oxidative stress, May help stomach health through improving gastric mucosa, May help to maintain healthy joint"
제2010-20호,514 (mg),514 (mg),mg,백수오 등 복합추출물(기능성원료인정제2010-20호),"(1) 임산부 및 수유부는 섭취를 피할 것 (2) 항응고제, 항혈전제 등 복용 시 전문가와 상담할 것 (3) 알레르기 체질 등은 개인에 따라 과민반응을 나타낼 수 있음 (4) 이상사례 발생 시 섭취를 중단하고 전문가와 상담할 것",(국문) 갱년기 여성 건강에 도움을 줄 수 있음 (영문) May help to menopausal women`s health
제2010-21호,5 (g),5 (g),g,발효생성아미노산 복합물(기능성원료인정제2010-21호),"(1) 신장, 심혈관계 질환이 있거나 간기능이 저하된 분은 의사와 상담 후 섭취하십시오. (2) 임산부, 수유부는 의사와 상담 후 섭취하십시오.",(국문) 지구성 운동 시 피로개선에 도움을 줄 수 있음(기타기능Ⅱ)
제2010-23호,6 (g),6 (g),g,석류추출물(기능성원료인정제2010-23호),① 임산부와 수유부는 섭취를 피하는 것이 좋습니다.② 항혈전제를 복용하시는 분은 의사와 상의하시기 바랍니다.③ 에스트로겐 호르몬에 민감한 사람은 섭취에 주의하시기 바랍니다.,(국문) 갱년기 여성의 건강에 도움을 줄 수 있음(기타II) (영문) May help to maintain female health in menopause
제2010-24호,"1,380 (mg)","1,380 (mg)",mg,레몬 밤 추출물 혼합분말(기능성원료인정제2010-24호),(1) 알레르기 반응이 나타날 경우에는 섭취를 중단하시기 바랍니다. (2) 섭취 후 진정작용이 나타날 수 있습니다. (3) 어린이 및 임산부와 수유부 여성은 섭취에 주의하시기 바랍니다.,(국문) 체지방 감소에 도움을 줄 수 있음 (기타기능II)
제2010-25호,"1,500 (mg)","1,000 (mg)",mg,AP 콜라겐 효소분해 펩타이드(기능성원료인정제2010-25호),(1) 임산부와 수유부는 섭취에 주의하시기 바랍니다.,"(국문) 피부 보습에 도움을 줄 수 있음, 자외선에 의한 피부 손상으로부터 피부 건강을 유지하는데 도움을 줄 수 있음 (영문) May help to moisturize (dry) skin, May help to maintain good skin health by protecting against damage from UV exposure"
제2010-28호,"1,350 (mg)","1,350 (mg)",mg,피카오프레토 분말 등 복합물(ClearGuard TM)(기능성원료인정제2010-28호),"(1) 임산부와 수유부, 어린이는 섭취에 주의하시기 바랍니다.",(국문) 과민반응에 의한 코 상태 개선에 도움을 줄 수 있음 (영문) May help to improve nose condition of hypersensitivity reaction
제2010-2호,2 (g),2 (g),g,연어 펩타이드(기능성원료인정제2010-2호),"(1) 임산부, 수유부는 섭취를 삼가시기 바랍니다. (2) 어린이, 노인, 신부전이 있는 사람, 혈압약을 복용하시는 분이 섭취 시에는 의사와 상담하셔야 합니다.",(국문) 혈압이 높은 사람에게 도움을 줄 수 있음(기타기능II)
제2010-32호,8 (g),3 (g),g,보리 베타글루칸 추출물(Barley b-glucan Extract)(기능성원료인정제2010-32호),,(국문) 혈중 콜레스테롤 개선에 도움을 줄 수 있음 (생리활성기능 2등급)
제2010-33호,3 (g),3 (g),g,지각상엽 추출 혼합물(기능성원료인정제2010-33호),(1) 피부에 광과민성 반응이 나타나는 사람은 섭취에 주의,(국문) 혈당 조절에 도움을 줄 수 있음 (기타기능II)
제2010-35호,350 (mg),350 (mg),mg,HK표고버섯균사체(기능성원료인정제2010-35호),"(1) 임산부, 수유부는 섭취에 주의",(국문) 간건강에 도움을 줄 수 있음(기타 II)
제2010-38호,150 (ml),150 (ml),ml,창녕양파추출액(기능성원료인정제2010-38호),,(국문) 혈중 콜레스테롤 개선에 도움을 줄 수 있음 (기타기능 II)
제2010-39호,500 (mg),500 (mg),mg,크랜베리 추출물(Cran-Max)(기능성원료인정제2010-39호),,(국문) 요로에 유해균 흡착 억제로 요로건강에 도움을 줄 수 있음 (영문) May help to urinary tract health by restraining adhesion of pathogen to urinary tract
제2010-40호,40 (ml),40 (ml),ml,석류농축액(기능성원료인정제2010-40호),"(1) 어린이, 임산부와 수유부는 섭취를 피하는 것이 좋습니다. (2) 에스트로겐 호르몬에 민감한 사람은 섭취에 주의하시기 바랍니다.",(국문) 갱년기 여성의 건강에 도움을 줄 수 있음(생리활성기능 2등급I)
제2010-47호,800 (mg),800 (mg),mg,전칠삼추출물 등 복합물(기능성원료인정제2010-47호),,(국문) 관절건강에 도움을 줄 수 있음 (기타기능II)
제2010-4호,72 (mg),67 (mg),mg,스피루리나 원말(기능성원료인정제2010-4호),「건강기능식품의 기준 및 규격」 II.2.1.5 스피루리나,(국문) 면역조절에 도움을 줄 수 있으나 인체시험을 통한 확인이 필요함 (기타기능Ⅲ)
제2010-50호,2 (g),2 (g),g,L-카르니틴 타르트레이트(기능성원료인정제2010-50호),,(국문) 체지방 감소에 도움을 줄 수 있음 (기타기능 Ⅱ)
제2010-53호,5 (g),5 (g),g,서목태(쥐눈이콩)펩타이드(기능성원료인정제2010-53호),,"(국문) 혈당 조절에 도움을 줄 수 있음(생리활성기능 2등급), 혈압이 높은 사람에게 도움을 줄 수 있음(생리활성기능 2등급), 체지방 감소에 도움을 줄 수 있음(생리활성기능 2등급)"
제2010-59호,"2,200 (mg)","2,200 (mg)",mg,지초추출물(기능성원료인정제2010-59호),,(국문) 피부보습에 도움을 줄 수 있음(기타기능Ⅱ)
제2010-62호,"3,150 (mg)","3,150 (mg)",mg,복분자추출분말(기능성원료인정제2010-62호),,(국문) 간 건강에 도움을 줄 수 있음(기타기능Ⅱ)
제2010-6호,4 (mg),2 (mg),mg,카제인 가수분해물(기능성원료인정제2010-6호),,(국문) 혈압이 높은 사람에게 도움을 줄 수 있습니다.(기타기능 II)
제2010-7호,3 (g),3 (g),g,Green Mate Extract EFLA 920(기능성원료인정제2010-7호),"(1) 어린이, 임산부 및 수유부는 섭취를 피할 것 (2) 질환이 있거나 의약품 복용시 전문가와 상담할 것 (3) 카페인을 함유한 식품의 섭취에 주의할 것 (4) 이상사례 발생 시 섭취를 중단하고 전문가와 상담할 것",(국문) 체지방 감소에 도움을 줄 수 있습니다(기타기능II)
제2010-8호,2 (g),2 (g),g,아티초크 추출물(기능성원료인정제2010-8호),(1) 담관에 이상이 있는 분은 의사와 상의하신 후 섭취하시기 바랍니다. (2) 알레르기 반응이 나타나는 경우에는 섭취를 중단하시기 바랍니다.,(국문) 담즙분비를 촉진하여 지방 소화에 도움을 줄 수 있음(생리활성기능 2등급)
제2011-15호,"1,000 (mg)",600 (mg),mg,호박씨추출물 등 복합물(기능성원료인정제2011-15호),"(1) 영유아, 어린이, 임산부와 수유부는 섭취에 주의 (2) 호박씨, 대두에 알레르기를 나타내는 사람은 섭취에 주의 (3) 에스트로겐 호르몬에 민감한 사람은 섭취에 주의",(국문) 방광의 배뇨기능 개선에 도움을 줄 수 있음(생리활성기능 2등급)
제2011-16호,3 (g/일),3 (g/일),g/일,동충하초 유래 P. hepiali 균사체(Cs-4) 추출물(제2011-16호),"(1) 어린이, 임산부, 수유부는 섭취에 주의
(2) 섭취 시 가벼운 위불쾌감 유발 가능
(3) 혈당강하제, 항응고제, 항우울제와 병용 시 섭취에 주의","(국문) 지구력 증진에 도움을 줄 수 있음
(영문) May help to improve endurance"
제2011-21호,1 (g),1 (g),g,글로빈 가수분해물(기능성원료인정제2011-21호),(1) 임산부와 수유부는 섭취 시 주의 (2) 높은 혈당 및 당뇨환자는 섭취 시 주의,(국문) 식후 혈중 중성지방 개선에 도움을 줄 수 있음(기타기능Ⅱ)
제2011-22호,2 (g),2 (g),g,유산균발효다시마추출물(기능성원료인정제2011-22호),"(1) 요오드 함량이 높은 식품(해조류, 어패류 등) 섭취 시 주의 (2) 갑상선질환 등을 보유하고 있는 사람은 섭취 시 주의 (3) 임산부 및 수유부는 섭취 시 주의","(국문) 알콜성 손상으로부터 간을 보호하는데 도움을 줄 수 있음, 기억력 개선에 도움을 줄 수 있음 (영문) May help to protect liver from alcoholic liver injury, May help to improve memory"
제2011-23호,2 (g),2 (g),g,유산균 발효 다시마추출물(기능성원료인정제2011-23호),"(1) 요오드 함량이 높은 식품(해조류, 어패류 등) 섭취 시 주의 (2) 갑상선질환 등을 보유하고 있는 사람은 섭취 시 주의 (3) 임산부 및 수유부는 섭취 시 주의",(국문) 알콜성 손상으로부터 간을 보호하는데 도움을 줄 수 있음(기타기능Ⅱ) (영문) May help to maintain liver protection from alcohol-induced damage
제2011-27호,960 (mg),960 (mg),mg,인삼가수분해 농축액(기능성원료인정제2011-27호),"(1) 의약품(당뇨치료제, 혈액항응고제) 복용 시 섭취에 주의",(국문) 혈당 조절에 도움을 줄 수 있음 (영문) May help to maintain healthy blood glucose level
제2011-28호,2 (g),2 (g),g,가시오갈피 등 복합추출물(기능성원료인정제2011-28호),,(국문) 관절 건강에 도움을 줄 수 있음(기타기능Ⅱ)
제2011-37호,8 (g),5 (g),g,타가토스(기능성원료인정제2011-37호),(1) 과량 섭취 시 위장장애가 발생할 수 있음,(국문) 식후 혈당조절에 도움을 줄 수 있음(기타기능Ⅱ)
제2011-39호,500 (mg),500 (mg),mg,크랜베리 추출물(기능성원료인정제2011-39호),,(국문) 요로에 유해균 흡착 억제로 요로건강에 도움을 줄 수 있음(기타기능 II)
제2011-3호,800 (mg),800 (mg),mg,당귀등추출복합물(기능성원료인정제2011-3호),(1) 항응고제와 병용 시 주의,(국문) 노인의 기억력 개선에 도움을 줄 수 있음 (영문) May help to improve abilities to remember
제2011-40호,5 (g),5 (g),g,발효생성아미노산 복합물(기능성원료인정제2011-40호),"(1) 신장, 심혈관계 질환이 있거나 간기능이 저하된 분은 섭취에 주의 (2) 임산부, 수유부는 섭취에 주의",(국문) 지구성 운동 시 피로개선에 도움을 줄 수 있음(생리활성기능 2등급) (영문) May help to relieve fatigue recovery
제2011-42호,500 (mg),500 (mg),mg,콜레우스 포스콜리 추출물(기능성원료인정제2011-42호),"(1) 임산부, 수유여성, 어린이는 섭취에 주의",(국문) 체지방 감소에 도움을 줄 수 있음(생리활성기능 2등급)
제2011-6호,20 (g),8 (g),g,밀전분유래 난소화성말토덱스트린(기능성원료인정제2011-6호),"(1) 과량 섭취 시 설사, 복부팽만 등을 유발할 수 있으므로 주의",(국문) 장내 유익균의 증식과 유해균의 억제에 도움을 줄 수 있음(기타기능II)
제2011-7호,5 (g),5 (g),g,마카 젤라틴화 분말(기능성원료인정제2011-7호),,(국문) 정자 운동성 개선에 도움을 줄 수 있음(생리활성기능 2등급)
제2012-12호,750 (mg),750 (mg),mg,민들레 등 추출복합물(기능성원료인정제2012-12호),,(국문) 피부보습에 도움을 줄 수 있음(생리활성기능 2등급)
제2012-16호,"1,248 (mg)","1,248 (mg)",mg,지방산복합물 FAC(Fatty Acid Complex)(기능성원료인정제2012-16호),,"관절 건강에 도움을 줄 수 있음
(생리활성기능2등급)"
제2012-19호,2 (g),2 (g),g,L-카르니틴 타르트레이트(기능성원료인정제2012-19호),"(1) 영·유아, 어린이, 임산부 및 수유부는 섭취에 주의 (2) 특정질환(알레르기 체질 등)이 있는 분은 섭취에 주의 (3) 이상사례 발생 시 섭취를 중단하고 전문가와 상담할 것","(국문) 체지방 감소에 도움을 줄 수 있음, 운동으로 인한 피로 개선에 도움을 줄 수 있음 (영문) May help to reduce body fat, May help to reduce fatigue during endurance exercise"
제2012-22호,20 (mg),19 (mg),mg,마리골드 추출물(루테인 에스테르)(기능성원료인정제2012-22호),(1) 과다 섭취시 일시적으로 피부가 황색으로 변할 수 있음,(국문) 노화로 인해 감소될 수 있는 황반색소밀도를 유지하여 눈 건강에 도움을 줄 수 있음 (영문) May help the eye health by maintaining the density of macular pigments which can be decreased by aging
제2012-24호,2 (g),2 (g),g,Collactive 콜라겐펩타이드(기능성원료인정제2012-24호),(1) 임산부와 수유부는 섭취에 주의하시기 바랍니다.,(국문) 피부 보습에 도움을 줄 수 있음 (영문) May help to moisturize skin
제2012-25호,"1,000 (mg)","1,000 (mg)",mg,청국장균배양정제물(폴리감마글루탐산칼륨)(기능성원료인정제2012-25호),"(1) 어린이, 임신 또는 수유중인 여성은 섭취에 주의",(국문) 면역기능 증진에 도움을 줄 수 있음(생리활성기능 2등급)
제2012-28호,360 (mg),72 (mg),mg,씨폴리놀 감태주정추출물(기능성원료인정제2012-28호),"(1) 요오드 함량이 높은 식품(해조류, 어패류 등) 섭취 시 주의 (2) 갑상선질환 등을 보유하고 있는 사람은 섭취 시 주의 (3) 임산부, 수유부 및 12세 이하 어린이는 섭취 시 주의","(국문) 혈중 콜레스테롤 개선에 도움을 줄 수 있음(생리활성기능 2등급), 식후혈당 상승 억제에 도움을 줄 수 있음"
제2012-30호,"1,350 (mg)","1,350 (mg)",mg,솔잎 증류 농축액(기능성원료인정제2012-30호),"(1) 기관지 천식, 해소 기침이나 기도에 심한 염증이 있는 사람은 섭취에 주의",(국문) 건강한 혈당의 유지에 도움을 줄 수 있음(생리활성기능2등급)
제2012-31호,900 (mg),900 (mg),mg,콩발효추출물(기능성원료인정제2012-31호),"(1) 대두에 알레르기를 나타내는 사람은 섭취 시 주의 (2) 임산부, 수유부 및 어린이는 섭취 시 주의",(국문) 식후 혈당상승 억제에 도움을 줄 수 있음(생리활성기능 2등급)
제2012-32호,900 (mg),900 (mg),mg,콩발효추출물(기능성원료인정제2012-32호),"(1) 대두에 알레르기를 나타내는 사람은 섭취 시 주의 (2) 임산부, 수유부 및 어린이는 섭취 시 주의",(국문) 식후 혈당상승 억제에 도움을 줄 수 있음(생리활성기능 2등급)
제2012-33호,180 (mg),125 (mg),mg,아쉬아간다 추출물(기능성원료인정제2012-33호),"(1) 임산부, 수유부, 어린이는 섭취에 주의",(국문) 스트레스로 인한 긴장 완화에 도움을 줄 수 있음 (생리활성기능 2등급)
제2012-36호,600 (mg),600 (mg),mg,핑거루트추출분말(기능성원료인정제2012-36호),,"(국문) 자외선에 의한 피부손상으로부터 피부 건강을 유지하는데 도움을 줄 수 있음(생리활성기능 2등급), 체지방 감소에 도움을 줄 수 있음(생리활성기능 2등급)"
제2012-5호,500 (mg),500 (mg),mg,콜레우스 포스콜리 추출물(기능성원료인정제2012-5호),"(1) 임산부, 수유여성, 어린이는 섭취에 주의",(국문) 체지방 감소에 도움을 줄 수 있음(생리활성기능 2등급)
제2012-7호,100 (mg),100 (mg),mg,나토균배양분말(기능성원료인정제2012-7호),(1) 대두에 알레르기를 나타내는 사람은 섭취에 주의 (2) 임산부․수유부 섭취에 주의 (3) 의약품(혈액항응고제) 복용시 섭취에 주의 (4) 수술 전․후 섭취에 주의,"(국문) 혈압이 높은 사람에게 도움을 줄 수 있음, 혈소판 응집억제를 통한 혈행개선에 도움을 줄 수 있음 (영문) May help to improve high blood pressure, May help to improve blood circulation through inhibition of platelet aggregation"
제2013-10호,600 (mg/일),600 (mg/일),mg/일,미역석류씨추출복합물(잔티젠)(제2013-10호),"(1) 영·유아, 어린이, 임산부 및 수유부는 섭취를 피할 것
(2) 석류에 알레르기를 나타내는 사람은 섭취에 주의할 것
(3) 에스트로겐 호르몬에 민감한 사람은 섭취에 주의할 것
(4) 이상 사례 발생 시 섭취를 중단하고 전문가와 상담할 것","(국문) 체지방 감소에 도움을 줄 수 있음
(영문) May help to reduce body fat"
제2013-11호,"1,000,000,000,000 (CFU)","10,000,000,000 (CFU)",CFU,과채유래유산균(L.plantarum CJLP133)(기능성원료인정제2013-11호),,(국문) 면역과민반응에 의한 피부상태 개선에 도움을 줄 수 있음 (생리활성기능 2등급)
제2013-14호,800 (mg),800 (mg),mg,가시오가피숙지황복합추출물(기능성원료인정제2013-14호),"(1) 영․유아, 임산부, 수유부는 섭취에 주의 (2) 알레르기 체질이거나 특정질환이 있는 사람은 섭취에 주의",(국문) 뼈건강에 도움을 줄 수 있음(생리활성기능 2등급)
제2013-16호,2 (g),2 (g),g,동충하초 주정추출물(기능성원료인정제2013-16호),,(국문) 면역기능 증진에 도움을 줄 수 있음(생리활성기능 2등급)
제2013-17호,"1,000,000,000,000 (CFU)","10,000,000,000 (CFU)",CFU,Lactobacillus sakei Probio65(기능성원료인정제2013-17호),,(국문) 면역과민반응에 의한 피부상태 개선에 도움을 줄 수 있음 (생리활성기능 2등급)
제2013-18호,5 (g),5 (g),g,로즈힙분말(기능성원료인정제2013-18호),"(1) 알레르기 반응을 보이는 사람의 경우 섭취전 성분 확인 필요함 (2) 임산부, 수유부, 어린이의 섭취는 전문의와 상담 후 섭취를 권장함",(국문) 관절 및 연골 건강에 도움을 줄 수 있음(생리활성기능 2등급)
제2013-1호,5 (g),5 (g),g,로즈힙분말(기능성원료인정제2013-1호),"(1) 알레르기 반응을 보이는 사람의 경우 섭취전 성분 확인 필요함 (2) 임산부, 수유부, 어린이의 섭취는 전문의와 상담 후 섭취를 권장함",(국문) 관절 및 연골 건강에 도움을 줄 수 있음 (영문) May help to maintain healthy joint and cartilage
제2013-20호,300 (mg),300 (mg),mg,락토페린(우유정제단백질)(기능성원료인정제2013-20호),(1) 우유 및 유제품에 대하여 알레르기 나타내는 사람은 섭취에 주의,(국문) 체지방 감소에 도움을 줄 수 있음 (영문) May help to reduce body fat
제2013-23호,20 (mg),10 (mg),mg,루테인지아잔틴복합추출물20%(기능성원료인정제2013-23호),"(1) 영유아, 어린이, 임산부 및 수유부는 섭취를 피할 것
(2) 흡연자는 섭취 시 전문가와 상담할 것
(3) 과다 섭취 시 일시적으로 피부가 황색으로 변할 수 있음
(4) 이상사례 발생 시 섭취를 중단하고 전문가와 상담할 것",(국문) 노화로 인해 감소될 수 있는 황반색소밀도를 유지하여 눈건강에 도움을 줄 수 있음 (영문) May help the eye health by maintaining the density of macular pigments which can be decreased by aging
제2013-25호,2 (g),2 (g),g,가시오갈피 등 복합추출물(기능성원료인정제2013-25호),"(1) 임산부 및 수유부 여성은 섭취에 주의 (2) 알레르기 및 특이체질, 질병치료 중인 사람은 섭취에 주의",(국문) 관절 건강에 도움을 줄 수 있음(생리활성기능 2등급)
제2013-26호,3 (g),3 (g),g,도라지추출물(기능성원료인정제2013-26호),(1) 임산부․수유부 섭취에 주의 (2) 알레르기 체질이거나 특정질환이 있는 분은 의사와 상담 후 섭취,(국문) 간 건강에 도움을 줄 수 있음(생리활성기능 2등급)
제2013-30호,"3,000 (mg)","1,000 (mg)",mg,저분자콜라겐펩타이드(기능성원료인정제2013-30호),"(1) 영·유아, 어린이, 임산부, 수유부는 섭취에 주의","(국문) 피부 보습에 도움을 줄 수 있음, 자외선에 의한 피부손상으로부터 피부 건강을 유지하는데 도움을 줄 수 있음 (영문) May help to maintain skin moisturizing, May help to maintain skin health from skin damage by UV radiation"
제2013-31호,400 (mg),400 (mg),mg,MR-10 민들레등복합추출물(기능성원료인정제2013-31호),"(1) 영·유아, 어린이, 임산부 및 수유부는 섭취에 주의 (2) 특정질환(알레르기 체질 등)이 있는 분은 섭취에 주의 (3) 이상사례 발생 시 섭취를 중단하고 전문가와 상담할 것",(국문) 갱년기 남성의 건강에 도움을 줄 수 있음 (영문) May help to maintain male health in menopause
제2013-32호,800 (mg),800 (mg),mg,전칠삼추출물 등 복합물(기능성원료인정제2013-32호),,(국문) 관절 건강에 도움을 줄 수 있음 (영문) May help to maintain healthy joint
제2013-34호,250 (mg),250 (mg),mg,효모베타글루칸(기능성원료인정제2013-34호),,(국문) 면역기능 증진에 도움을 줄 수 있음 (생리활성기능 2등급)
제2013-35호,1 (g),1 (g),g,"피엘에이지(PLAG, 1-palmitoyl-2-linoleoyl-3-acetyl-rac-glycerol)(기능성원료인정제2013-35호)","(1) 장기간(6개월 이상) 섭취 시 주의 (2) 어린이, 임산부, 수유부 및 가임여성은 섭취를 삼가 (3) 위장장애가 발생할 수 있으므로 주의",(국문) 인터루킨 4 감소를 통한 면역조절에 도움을 줄 수 있음 (생리활성기능 2등급)
제2013-5호,600 (mg),600 (mg),mg,핑거루트추출분말(판두라틴)(기능성원료인정제2013-5호),,"(국문) 자외선에 의한 피부손상으로부터 피부 건강을 유지하는데 도움을 줄 수 있음, 체지방 감소에 도움을 줄 수 있음, 피부보습에 도움을 줄 수 있음 (영문) May help to maintain skin health from skin damage by UV radiation, May help to reduce body fat, May help to maintain skin moisturizing"
제2013-5호,300 (mg/일),300 (mg/일),mg/일,핑거루트추출물(판두라틴)(제2013-5호),-,"(국문)
(1) 자외선에 의한 피부손상으로부터 피부 건강을 유지하는데 도움을 줄 수 있음
(2) 체지방 감소에 도움을 줄 수 있음
(3) 피부보습에 도움을 줄 수 있음
(영문)
(1) May help to maintain skin health from skin damage by UV radiation
(2) May help to reduce body fat
(3) May help to maintain skin moisturizing"
제2013-6호,67 (mg/일),44 (mg/일),mg/일,나토균배양분말(기능성원료인정제2013-6호),"(1) 대두에 알레르기를 나타내는 사람은 섭취에 주의할 것
(2) 어린이, 임산부 및 수유부는 섭취를 피할 것
(3) 수술전후, 의약품(항응고제) 복용 시 전문가와 상담할 것
(4) 이상사례 발생 시 섭취를 중단하고 전문가와 상담할 것","(국문) 혈행 개선에 도움을 줄 수 있음
(영문) May help to improve blood circulation"
제2013-8호,450 (mg/일),450 (mg/일),mg/일,돌외잎주정추출분말(액티포닌®)(기능성원료인정제2013-8호),"(1) 영유아, 어린이 임산부 및 수유부는 섭취에 주의할 것 
(2) 특정질환(알레르기 체질 등)이 있는 분은 섭취에 주의할 것
(3) 이상 사례 발생 시 섭취를 중단하고 전문가와 상담할 것
(4) 일일섭취량 이상 섭취 시 위장장애(구토와 위장운동 증가)가 발생할 수 있음.","(국문) 체지방 감소에 도움을 줄 수 있음 
(영문) May help reduce body fat"
제2013-9호,300 (mg),150 (mg),mg,포도씨 효소분해 추출 분말(기능성원료인정제2013-9호),,(국문) 혈압이 높은 사람에게 도움을 줄 수 있음(생리활성기능 2등급)
제2014-12호,8 (g),4 (g),g,히드록시프로필메틸셀룰로오스(기능성원료인정제2014-12호),(1) 과량 복용 시 약한 완하 작용 및 변비 주의 (2) 반드시 충분한 물과 함께 섭취할 것 (액상 제외),(국문) 식후 혈당상승 억제에 도움을 줄 수 있음 (생리활성기능 2등급)
제2014-14호,10 (g/일),10 (g/일),g/일,상엽추출물(기능성원료인정제2014-14호),"(1) 영·유아, 어린이, 임산부 및 수유부는 섭취를 피할 것 
(2) 특정질환(알레르기 체질 등)이 있는 분은 섭취에 주의
(3) 이상사례 발생 시 섭취를 중단하고 전문가와 상담할 것","(국문) 식후혈당 상승 억제에 도움을 줄 수 있음
(영문) May help to improve blood glucose levels"
제2014-17호,5 (g),5 (g),g,로즈힙분말(기능성원료인정제2014-17호),"(1) 알레르기 반응을 보이는 사람의 경우 섭취전 성분 확인 필요함 (2) 임산부, 수유부, 어린이의 섭취는 전문의와 상담 후 섭취를 권장함",(국문) 관절 및 연골건강에 도움을 줄 수 있음 (영문) May help to maintain healthy joint and cartilage
제2014-1호,"2,460 (mg)","2,460 (mg)",mg,헛개나무과병추출분말(기능성원료인정제2014-1호),(1) 임산부 및 수유부는 섭취를 피할 것 (2) 간 질환이 있거나 의약품 복용 시 전문가와 상담할 것 (3) 이상사례 발생 시 섭취를 중단하고 전문가와 상담할 것,(국문) 알콜성 손상으로부터 간을 보호하는데 도움을 줄 수 있음 (영문) May help to liver health on alcoholic liver damage
제2014-22호,13 (g),13 (g),g,석류농축액(기능성원료인정제2014-22호),"(1) 어린이, 임산부와 수유부는 섭취를 피하는 것이 좋습니다. (2) 에스트로겐 호르몬에 민감한 사람은 섭취에 주의하시기 바랍니다.","(국문) 갱년기 여성의 건강에 도움을 줄 수 있음, 피부보습에 도움을 줄 수 있음, 자외선에 의한 피부 손상으로부터 피부건강을 유지하는데 도움을 줄 수 있음 (영문) May help to menopausal women`s health, May help to maintain skin moisturizing, May help to maintain skin health from skindamage by UV radiation"
제2014-23호,"1,000 (mg)","1,000 (mg)",mg,보스웰리아 추출물(Boswellia serrata R. extract)(기능성원료인정제2014-23호),(1) 임산부 및 수유부는 섭취 시 주의,(국문) 관절 및 연골건강에 도움을 줄 수 있음 (영문) May help to maintain healthy joint and cartilage
제2014-25호,3 (g),3 (g),g,카카오분말(기능성원료인정제2014-25호),"(1) 제안된 일일섭취량 이상 과량 섭취하지 않도록 주의 (2) 임산부와 수유부, 카페인에 민감한 사람의 경우 섭취에 주의 (3) 특정 질병이 있는 경우 섭취 전에 의사와 상담",(국문) 혈관이완을 통한 혈행 개선에 도움을 줄 수 있음 (영문) May help to improve blood flow by vaso-relaxative action
제2014-26호,893 (mg),893 (mg),mg,CMO 함유 FAC(Fatty Acid Complex)(기능성원료인정제2014-26호),(1) 임산부 및 수유부는 섭취 시 주의,(국문) 관절 건강에 도움을 줄 수 있음 (영문) May help to maintain healthy joint and cartilage
제2014-27호,"1,000,000,000 (CFU/일)","1,000,000,000 (CFU/일)",CFU/일,UREX 프로바이오틱스(기능성원료인정제2014-27호),"* 유산균의 정성적 품질관리를 위해 식약처에 제시하신 방법으로 주기적으로 관리하여야 함. 또한 식약처 요청 시 시험방법 및 결과를 제출하여야 함
* [완제품 제조업체]
 - 제조국 : 이탈리아, - 제조회사명 : BIOFARMA S.R.L, - 소재지 : VIA CASTELLIERE, 2-33036 MERETO DI TOMBA (UD)
※「건강기능식품의 기준 및 규격」개정고시에 따른 프로바이오틱스 명칭 변경 사항의 시행일은 2024년 1월 1일임. 다만, 시행일 이전에 변경내용을 업체가 적용하고자 하는 경우 그 이전에도 적용할 수 있음","(국문) 질내 유익균 증식 및 유해균 억제에 도움을 줄 수 있음
(영문) May help to proliferate vaginal beneficial flora and to suppress pathogenic bacteria"
제2014-29호,300 (g),300 (g),g,무화과페이스트(기능성원료인정제2014-29호),(1) 무화과에 알레르기를 나타내는 사람은 섭취에 주의 (2) 과다 섭취 시 일시적인 복부팽만감을 느낄 수 있음,(국문) 배변활동 원활에 도움을 줄 수 있음 (생리활성기능 2등급)
제2014-2호,1 (g),1 (g),g,강황 추출물(터마신)(기능성원료인정제2014-2호),"(1) 영·유아, 임산부, 수유부는 섭취에 주의 (2) 강황 알레르기 체질이거나 특정질환(담낭질환 등)이 있는 분은 섭취에 주의 (3) 제안된 섭취량 이상 섭취 시 소화불량, 위장장애, 메스꺼움, 위산역류 등이 있을 수 있음",(국문) 관절건강에 도움을 줄 수 있음(생리활성기능 2등급)
제2014-30호,24 (ml),24 (ml),ml,적포도발효농축액(기능성원료인정제2014-30호),"(1) 유아, 어린이, 임산부 등 철의 필요량이 증가하는 연령층은 섭취에 주의",(국문) 콜레스테롤 개선에 도움을 줄 수 있음(생리활성기능 2등급)
제2014-31호,400 (mg),400 (mg),mg,그린커피빈추출물(기능성원료인정제2014-31호),"(1) 임산부와 수유기 여성, 유아, 어린이는 섭취에 주의 (2) 카페인이 함유되어 있어 초조감, 불면 등을 나타낼 수 있음",(국문) 체지방 감소에 도움을 줄 수 있음 (영문) May help to reduce body fat
제2014-32호,3 (g),3 (g),g,식물스타놀 에스테르(기능성원료인정제2014-32호),(1) 식물스타놀 에스테르는 지용성 비타민의 흡수를 저해할 수 있습니다,(국문) 높은 혈중 콜레스테롤 수치 개선에 도움을 줄 수 있음(생리활성기능 2등급)
제2014-34호,"1,000 (mg)",500 (mg),mg,파크랜 크랜베리 분말(기능성원료인정제2014-34호),(1) 일일섭취량 준수하여 섭취,(국문) 요로의 유해균 흡착 억제로 요로건강에 도움을 줄 수 있음(생리활성기능 2등급)
제2014-35호,"1,000 (mg)",500 (mg),mg,파크랜 크랜베리 분말(기능성원료인정제2014-35호),(1) 일일섭취량 준수하여 섭취,(국문) 요로의 유해균 흡착 억제로 요로건강에 도움을 줄 수 있음(생리활성기능 2등급)
제2014-36호,2 (g),1 (g),g,오메가-3 지방산 함유 유지(기능성원료인정제2014-36호),「건강기능식품 기능성 원료 및 기준?규격  인정에 관한 규정」 제10조제2항에 따라 「건강기능식품의 기준 및 규격」에 고시 예정임,(국문) 기억력 개선에 도움을 줄 수 있음(생리활성기능 2등급) (영문) May help to improve memory
제2014-39호,40 (mg),40 (mg),mg,닭가슴연골분말(UC-II)(기능성원료인정제2014-39호),"(1) 임산부, 수유부는 섭취 시 의사와 상담 (2) 복용중인 의약품이 있는 분은 섭취 시 의사와 상담",(국문) 관절건강에 도움을 줄 수 있음(생리활성기능 2등급)
제2014-40호,2 (g/일),2 (g/일),g/일,황기추출물 등 복합물(HT042)(기능성원료인정제2014-40호),"(1) 임산부 및 수유부는 섭취를 피할 것
(2) 특정원료에 알레르기가 있거나 장기간 또는 의약품 복용시 전문가와 상담할 것
(3) 이상사례 발생 시 섭취를 중단하고 전문가와 상담할 것
(4) 키 성장에는 충분한 영양섭취, 적절한 수면, 건강한 생활습관ㆍ운동을 병행하여야 함","(국문) 어린이 키성장에 도움을 줄 수 있음
(영문) May help to children grow taller"
제2014-43호,"1,000 (mg)",600 (mg),mg,호박씨추출물 등 복합물(기능성원료인정제2014-43호),"(1) 영유아, 어린이, 임산부와 수유부는 섭취에 주의 (2) 호박씨, 대두에 알레르기를 나타내는 사람은 섭취에 주의 (3) 에스트로겐 호르몬에 민감한 사람은 섭취에 주의",(국문) 방광의 배뇨기능 개선에 도움을 줄 수 있음(생리활성기능 2등급)
제2014-44호,800 (mg),800 (mg),mg,참당귀 추출분말(Nutragen)(기능성원료인정제2014-44호),"(1) 소화불량, 속쓰림 등이 나타날 수 있습니다. (2) 혈액응고방지제 또는 혈당강하제를 복용하시는 분은 의사의 상담 하에 사용하여 주십시오.","(국문) 노화로 저하된 인지기능 개선에 도움을 줄 수 있음, 관절건강에 도움을 줄 수 있음 (영문) May help to improve cognitive function degraded by aging, May help to maintain healthy joint"
제2014-45호,6 (g),6 (g),g,L-arabinose(기능성원료인정제2014-45호),(1) 과도한 설탕의 섭취는 건강에 해로울 수 있음 (2) 본 원료를 과량으로 섭취하면 설사를 유발할 수 있음 (3) 당뇨병 치료를 받으시는 분은 의사와 상담 후 본 원료를 섭취할 것을 권장함,(국문) 설탕 소화흡수를 완만하게 하여 혈당조절에 도움을 줄 수 있음(생리활성기능 2등급)
제2014-46호,2 (g),2 (g),g,비파엽추출물(기능성원료인정제2014-46호),,(국문) 기억력 개선에 도움을 줄 수 있음(생리활성기능 2등급)
제2014-4호,150 (mg),150 (mg),mg,스페인감초추출물(기능성원료인정제2014-4호),"(1) 영・유아, 어린이, 임산부 및 수유부는 섭취에 주의 (2) 특정 질환(알레르기 체질 등)이 있는 분은 섭취에 주의 (3) 이상사례 발생 시 섭취를 중단하고 전문가와 상담할 것",(국문) 위 점막 내 헬리코박터균(Helicobacter pylori) 증식을 억제하고 위 점막을 보호하여 위 건강에 도움을 줄 수 있음 (영문) May help to stomach health by protecting gastric mucosa and inhibiting proliferation of Helicobacter pylori in gastric mucosa.
제2014-50호,"1,050 (mg)","1,050 (mg)",mg,매스틱 검(기능성원료인정제2014-50호),"(1) 임산부, 수유부 및 어린이는 섭취에 주의",(국문) 위 불편감 개선에 도움을 줄 수 있음(생리활성기능 2등급)
제2014-51호,"1,425 (mg)","1,425 (mg)",mg,구기자추출물(기능성원료인정제2014-51호),"(1) 영유아 및 임산부, 수유부는 의사와 상담 후 섭취",(국문) 기억력 개선에 도움을 줄 수 있음(생리활성기능 2등급)
제2014-57호,22 (ml),22 (ml),ml,발효식초석류복합물(기능성원료인정제2014-57호),(1) 임산부와 수유부는 섭취에 주의 (2) 공복에 섭취하거나 과다 섭취 시 속쓰림 등 위에 자극을 느낄 수 있음,(국문) 체지방 감소에 도움을 줄 수 있음(생리활성기능 2등급) (영문) May help to reduce body fat
제2014-5호,"10,000,000,000 (CFU)","10,000,000,000 (CFU)",CFU,Lactobacillus gasseri BNR17(기능성원료인정제2014-5호),(1) 산성도가 낮은 음료나 뜨거운 물과 함께 복용하는 것을 피하는 것이 좋음,(국문) 체지방 감소에 도움을 줄 수 있음(생리활성기능 2등급)
제2014-64호,1 (g),1 (g),g,옻나무 추출분말(기능성원료인정제2014-64호),,(국문) 갱년기 남성의 건강에 도움을 줄 수 있음(생리활성기능 2등급)
제2014-6호,(mg/g),(mg/g),mg/g,중쇄지방산(MCFA)함유 유지(기능성원료인정제2014-6호),,(국문) 이 제품은 중쇄지방산을 함유하고 있어 다른 식용유와 비교하였을 때 체지방 증가가 적을 수 있음(생리활성기능 2등급) (영문) May help to reduce body fat
제2014-7호,1 (g),1 (g),g,보이차추출물(기능성원료인정제2014-7호),"(1) 카페인이 함유되어 있어 초조감, 불면 등을 나타낼 수 있음 (2) 임산부, 수유여성, 어린이, 질병치료 중인 환자는 섭취에 주의","(국문) 체지방 감소에 도움을 줄 수 있음, 혈중 콜레스테롤 개선에 도움을 줄 수 있음(생리활성기능 2등급)"
제2014-8호,60 (mg),40 (mg),mg,옥수수배아추출물(기능성원료인정제2014-8호),"(1) 영·유아, 임산부와 수유부는 섭취에 주의 (2) 알레르기 체질이거나 특정질환이 있는 분은 섭취 전 의사와 상담",(국문) 피부보습에 도움을 줄 수 있음(생리활성기능2등급)
제2014-9호,"1,000 (mg)",500 (mg),mg,올리브잎주정추출물(기능성원료인정제2014-9호),"(1) 위, 간 및 신장 질환이 있거나 고혈압치료제 등 복용시 전문가와 상의할 것 (2) 이상사례 발생 시 섭취를 중단하고 전문가와 상담할 것",(국문) 혈압 조절에 도움을 줄 수 있음 (영문) May help to maintain healthy blood pressure
제2015-10호,3 (g),3 (g),g,콩․보리 발효복합물(기능성원료인정제2015-10호),"(1) 영․유아, 어린이, 임산부 및 수유부는 섭취에 주의 (2) 알레르기 체질이거나 특정질환이 있는 분은 섭취 전 의사와 상담 (3) 에스트로겐 호르몬에 민감한 사람은 섭취에 주의",(국문) 피부 보습에 도움을 줄 수 있음 (생리활성기능 2등급)
제2015-11호,6 (g),6 (g),g,인삼다당체추출물(기능성원료인정제2015-11호),"(1) 특이체질 또는 알레르기 체질인 경우에는 성분을 확인한 후 섭취 (2) 의약품(당뇨치료제, 혈액항응고제) 복용 시 섭취에 주의",(국문) 면역기능 증진에 도움을 줄 수 있음 (생리활성기능 2등급)
제2015-14호,300 (mg),300 (mg),mg,아프리카망고 종자추출물(IGOB131)(기능성원료인정제2015-14호),(1) 임산부 및 수유 여성은 섭취에 주의,(국문) 체지방 감소에 도움을 줄 수 있음 (영문) May help to reduce body fat
제2015-16호,40 (mg),40 (mg),mg,유단백추출물(기능성원료인정제2015-16호),(1) 우유 알레르기를 나타내는 사람은 섭취 시 주의,(국문) 뼈 건강에 도움을 줄 수 있음 (영문) May help to maintain healthy bone
제2015-17호,1 (g),1 (g),g,천마 등 복합추출물(HX106)(기능성원료인정제2015-17호),(1) 임산부와 수유부는 섭취에 주의,(국문) 기억력 개선에 도움을 줄 수 있음 (영문) May help to improve memory
제2015-18호,30 (mg),30 (mg),mg,밀배유추출물(기능성원료인정제2015-18호),"(1) 임신, 수유부는 섭취를 권하지 않음 (2) 밀 알레르기를 나타내는 사람은 섭취에 주의",(국문) 피부 보습에 도움을 줄 수 있음 (영문) May help to maintain skin moisturizing
제2015-19호,6 (g/일),6 (g/일),g/일,L-아르기닌(제2015-19호),"(1) 임산부 및 수유부는 섭취에 주의 
(2) 저단백질 식사를 하고 있을 경우 또는 천식, 심장계 질환이 있을 경우 의사와 상의하여 섭취할 것을 권장","(국문) · 혈관이완을 통해 혈행 개선에 도움을 줄 수 있음
· 피로 개선에 도움을 줄 수 있음
(영문) · May help to improve blood flow by vaso-relaxative action
· May help to reduce fatigue"
제2015-1호,"10,000,000,000 (CFU)","10,000,000,000 (CFU)",CFU,프로바이오틱스 HY7714(기능성원료인정제2015-1호),"(1)영·유아, 어린이, 임산부 및 수유부는 섭취에 주의 (2)특정질환(알레르기 체질 등)이 있는 분은 섭취에 주의 (3)이상사례 발생 시 섭취를 중단하고 전문가와 상담할 것","(국문) 피부 보습에 도움을 줄 수 있음, 자외선에 의한 피부손상으로부터 피부 건강 유지에 도움을 줄 수 있음 (영문) May help to moisturize (dry) skin, May help to maintain skin health from skin damage by UV"
제2015-22호,200 (mg),200 (mg),mg,까마귀쪽나무 열매 주정추출물(기능성원료인정제2015-22호),,(국문) 관절건강에 도움을 줄 수 있음(생리활성기능 2등급)
제2015-23호,200 (mg),200 (mg),mg,까마귀쪽나무 열매 주정추출물(기능성원료인정제2015-23호),,(국문) 관절건강에 도움을 줄 수 있음(생리활성기능 2등급)
제2015-28호,2 (g),2 (g),g,석류추출물(기능성원료인정제2015-28호),(1) 임산부와 수유부는 섭취를 피하는 것이 좋습니다. (2) 항혈전제를 복용하시는 분은 의사와 상의하시기 바랍니다. (3) 에스트로겐 호르몬에 민감한 사람은 섭취에 주의하시기 바랍니다.,(국문) 갱년기 여성의 건강에 도움을 줄 수 있음 (영문) May help to menopausal women`s health
제2015-6호,500 (mg/일),500 (mg/일),mg/일,감태추출물(제2015-6호),"(1) 영‧유아, 어린이, 임산부 및 수유부는 섭취를 피할 것 
(2) 특정질환(알레르기 체질 등)이 있는 분은 섭취에 주의할 것
(3) 이상사례 발생 시 섭취를 중단하고 전문가와 상담할 것 
(4) 요오드 함량이 높은 식품(해조류, 어패류 등)과 섭취 시 주의할 것
(5) 갑상선질환, 위장관 장애(질환) 등을 보유하고 있는 사람은 섭취를 주의할 것","(국문) ․수면의 질 개선에 도움을 줄 수 있음
       ․스트레스로 인한 긴장완화에 도움을 줄 수 있음
(영문) ․May help to improve sleep quality
       ․May help to relaxation of tension by stress"
제2015-7호,400 (mg),400 (mg),mg,돌외잎추출물(기능성원료인정제2015-7호),"(1) 과량 섭취 시 위장장애(구토와 위장운동 증가)가 발생할 수 있음 (2) 아스피린, 혈액항응고제 복용 시 섭취에 주의",(국문) 스트레스로 인한 긴장완화에 도움을 줄 수 있음 (영문) May help to relaxation of tension by stress
제2015-9호,600 (mg),600 (mg),mg,풋사과추출물 애플페논(Applephenon)(기능성원료인정제2015-9호),(1) 사과에 알레르기가 있으신 분은 섭취 시 주의,(국문) 체지방 감소에 도움을 줄 수 있음(생리활성기능 2등급)
제2016-10호,"2,460 (mg)","2,460 (mg)",mg,헛개나무과병추출분말(기능성원료인정제2016-10호),(1) 임산부 및 수유부는 섭취를 피할 것 (2) 간 질환이 있는 경우 전문가와 상담할 것 (3) 이상사례 발생 시 섭취를 중단하고 전문가와 상담할 것,(국문) 알콜성 손상으로부터 간을 보호하는데 도움을 줄 수 있음 (영문) May help to liver health on alcoholic liver damage
제2016-11호,150 (ml),150 (ml),ml,창녕양파추출액(기능성원료인정제2016-11호),,(국문) 혈중 콜레스테롤 개선에 도움을 줄 수 있음(생리활성기능 2등급)
제2016-16호,2 (g/일),2 (g/일),g/일,유산균발효마늘추출분말(제2016-16호),-,"(국문) 간건강에 도움을 줄 수 있음
(영문) May help protect liver"
제2016-21호,783 (mg),783 (mg),mg,오미자추출물(기능성원료인정제2016-21호),,(국문) 갱년기 여성 건강에 도움을 줄 수 있음(생리활성기능 2등급)
제2017-3호,800 (mg),400 (mg),mg,허니부쉬추출발효분말(기능성원료인정제2017-3호),"(1) 어린이, 임산부, 수유부는 섭취에 주의 (2) 유당불내증이 있는 사람은 섭취에 주의",(국문) 자외선에 의한 피부손상으로부터 피부 건강 유지에 도움을 줄 수 있음 (영문) May help to maintain skin health from skin damage by UV radiation
제2017-5호,400 (mg),400 (mg),mg,호로파종자 등 추출복합물(기능성원료인정제2017-5호),(1) 땅콩 알레르기가 있는 사람은 섭취에 주의,(국문) 남성의 갱년기 건강에 도움을 줄 수 있음 (영문) May help to climacteric men`s health
제2017-6호,"10,000,000,000 (CFU)","10,000,000,000 (CFU)",CFU,Lactobacillus gasseri BNR17(기능성원료인정제2017-6호),(1) 산성도가 낮은 음료나 뜨거운 물과 함께 복용하는 것을 피하는 것이 좋음,(국문) 체지방 감소에 도움을 줄 수 있음(생리활성기능) (영문) May help to reduce body fat
제2018-10호,750 (mg/일),750 (mg/일),mg/일,키토올리고당(기능성원료인정제2018-10호),"(가)어린이, 임산부 및 수유부는 섭취를 피할 것
(나)게 또는 새우에 알레르기가 있는 사람은 섭취에 주의(게 또는 새우를 원재료로 사용한 경우에 한함)
(다)이상사례 발생 시 섭취를 중단하고 전문가와 상담할 것",(국문) 식후혈당 감소에 도움을 줄 수 있음 (영문) May help to maintain healthy blood glucose level
제2018-11호,24 (mg),12 (mg),mg,루테인지아잔틴복합추출물(기능성원료인정제2018-11호),"(1) 영·유아, 어린이, 임산부 및 수유부는 섭취에 주의 (2) 과다 섭취 시 일시적으로 피부가 황색으로 변할 수 있음",(국문) 노화로 인해 감소될 수 있는 황반색소밀도를 유지하여 눈건강에 도움을 줄 수 있음 (영문) May help the eye health by maintaining the density of macular pigments which can be decreased by aging
제2018-12호,400 (mg/일),400 (mg/일),mg/일,L. rhamnosus IDCC 3201 열처리배양건조물(RHT®)(제2018-12호),"(1) 어린이, 임산부 및 수유부는 섭취에 주의
(2) 알레르기 체질이신 경우 섭취시 주의
(3) 질병으로 인하여 치료중인 분은 의사 또는 약사와 상담이 필요함","(국문) 면역과민반응에 의한 피부상태 개선에 도움을 줄 수 있음 
(영문) May help to improve skin condition of immune hypersensitivity reaction"
제2018-13호,"1,000 (mg)","1,000 (mg)",mg,우슬 등 복합물(HL-Joint100)(기능성원료인정제2018-13호),"(1) 영·유아, 어린이, 임산부 및 수유부는 섭취에 주의 (2) 에스트로겐 호르몬에 민감한 사람은 섭취에 주의",(국문) 관절 및 연골건강에 도움을 줄 수 있음 (영문) May help to maintain healthy joint and cartilage
제2018-14호,300 (mg),300 (mg),mg,시서스추출물(기능성원료인정제2018-14호),"(1) 영·유아, 어린이, 임산부 및 수유부는 섭취에 주의 (2) 의약품(혈당강하제) 복용 시 섭취에 주의",(국문) 체지방 감소에 도움을 줄 수 있음(생리활성기능) (영문) May help to reduce body fat
제2018-1호,420 (mg),420 (mg),mg,곰피추출물(기능성원료인정제2018-1호),"(1) 임산부, 수유부 및 12세 이하 어린이는 섭취 시 주의 (2) 요오드 함량이 높은 식품(해조류, 어패류 등)과 병용 섭취 시 주의 (3) 갑상선질환 등을 보유하고 있는 사람은 섭취 시 주의",(국문) 간 건강에 도움을 줄 수 있음 (영문) May help to liver health
제2018-2호,240 (mg),160 (mg),mg,빌베리 추출물(기능성원료인정제2018-2호),,(국문) 눈의 피로 개선에 도움을 줄 수 있음 (영문) May help to improve eye fatigue
제2018-3호,1 (g),1 (g),g,미강주정추출물(기능성원료인정제2018-3호),"(1) 영·유아, 어린이, 임산부 및 수유부는 섭취에 주의 (2) 의약품(항히스타민제 또는 중추신경계억제제)과 병용섭취 시 주의",(국문) 수면에 도움을 줄 수 있음 (영문) May help to sleep
제2018-4호,20 (mg/일),10 (mg/일),mg/일,루테인지아잔틴복합추출물(기능성원료인정제2018-4호),"(1) 영유아, 어린이, 임산부 및 수유부는 섭취를 피할 것
(2) 흡연자는 섭취 시 전문가와 상담할 것
(3) 과다 섭취 시 일시적으로 피부가 황색으로 변할 수 있음
(4) 이상사례 발생 시 섭취를 중단하고 전문가와 상담할 것","(국문) ① 노화로 인해 감소될 수 있는 황반색소밀도를 유지하여 눈 건강에 도움을 줄 수 있음
② 건조한 눈을 개선하여 눈 건강에 도움을 줄 수 있음
(영문) ① May help the eye health by maintaining the density of macular pigments which can be decreased by aging
② May help to maintain eyes healthy by relieving dryness"
제2018-5호,3 (g),3 (g),g,세리포리아 락세라타 균사체 배양물(기능성원료인정제2018-5호),"(1) 유아, 어린이, 임산부 및 수유부는 섭취에 주의 (2) 알레르기 체질이거나 특정질환이 있는 분은 섭취 전 의사와 상담",(국문) 혈당조절에 도움을 줄 수 있음 (영문) May help to maintain healthy blood glucose level
제2018-6호,500 (mg),500 (mg),mg,그린커피빈주정추출물(기능성원료인정제2018-6호),"(1) 영·유아, 어린이, 임산부 및 수유부는 섭취에 주의 (2) 카페인이 함유되어 있어 초조감, 불면 등을 나타낼 수 있음",(국문) 체지방 감소에 도움을 줄 수 있음 (영문) May help to reduce body fat
제2018-8호,1 (g),1 (g),g,석류농축분말(기능성원료인정제2018-8호),"(1) 영·유아, 어린이, 임산부와 수유부는 섭취에 주의 (2) 에스트로겐 호르몬에 민감한 사람은 섭취에 주의","(국문) 피부 보습에 도움을 줄 수 있음, 자외선에 의한 피부 손상으로부터 피부건강을 유지하는데 도움을 줄 수 있음 (영문) Help to maintain skin moisturizing, Help to maintain skin health from skin damage by UV radiation"
제2018-9호,"1,582 (mg)","1,582 (mg)",mg,오미자추출물(기능성원료인정제2018-9호),"(1) 영·유아, 어린이, 임산부 및 수유부는 섭취에 주의 (2) 수술 전․후 섭취에 주의 (3) 식사조절, 운동을 병행하는 것이 바람직함",(국문) 근력 개선에 도움을 줄 수 있음 (영문) Help to improve muscle strength
제2019-10호,240 (mg),160 (mg),mg,빌베리 추출물(기능성원료인정제2019-10호),,(국문) 눈의 피로 개선에 도움을 줄 수 있음 (영문) May help to improve eye fatigue
제2019-11호,2 (g),2 (g),g,오가피열매추출물(기능성원료인정제2019-11호),"(1) 영·유아, 어린이, 임산부 및 수유부는 섭취에 주의 (2) 특정질환(알레르기 체질, 간·신장 질환 환자 등)이 있는 분은 섭취에 주의 (3) 이상사례 발생 시 섭취를 중단하고 전문가와 상담할 것",(국문) 혈압조절에 도움을 줄 수 있음 (영문) May help to regulate blood pressure
제2019-12호,"3,270 (mg)","3,270 (mg)",mg,피쉬 콜라겐펩타이드(기능성원료인정제2019-12호),"(1) 영·유아, 어린이, 임산부 및 수유부는 섭취에 주의 (2) 특정질환(알레르기 체질 등)이 있는 분은 섭취에 주의 (3) 이상사례 발생 시 섭취를 중단하고 전문가와 상담할 것","(국문) 자외선에 의한 피부손상으로부터 피부건강을 유지하는데 도움을 줄 수 있음, 피부보습에 도움을 줄 수 있음 (영문) May help to maintain skin health from skin damage by UV radiation, May help to maintain skin moisturizing"
제2019-13호,2 (g),2 (g),g,쑥부쟁이추출분말(기능성원료인정제2019-13호),"(1) 영·유아, 어린이, 임산부 및 수유부는 섭취에 주의 (2) 국화과에 알레르기를 나타내는 사람은 섭취에 주의 (3) 이상사례 발생 시 섭취를 중단하고 전문가와 상담할 것",(국문) 면역과민반응에 의한 코상태 개선에 도움을 줄 수 있음 (영문) May help to improve nasal condition caused by hypersensitivity reaction
제2019-14호,250 (mg),250 (mg),mg,인동덩굴꽃봉오리추출물(그린세라-F)(기능성원료인정제2019-14호),"(1) 영·유아, 어린이, 임산부 및 수유부는 섭취에 주의 (2) 특정질환(알레르기 체질 등)이 있는 분은 섭취에 주의 (3) 이상사례 발생 시 섭취를 중단하고 전문가와 상담할 것",(국문) 위 점막을 보호하여 위 건강에 도움을 줄 수 있음 (영문) May help to maintain healthy stomach by protecting gastric mucosa
제2019-15호,600 (mg),600 (mg),mg,호로파종자추출물(TestofenⓇ)(기능성원료인정제2019-15호),"(1) 땅콩 알레르기가 있는 사람은 섭취에 주의 (2) 영·유아, 어린이, 임산부 및 수유부는 섭취에 주의 (3) 특정질환(알레르기 체질 등)이 있는 분은 섭취에 주의 (4) 이상사례 발생 시 섭취를 중단하고 전문가와 상담할 것",(국문) 갱년기 남성 건강에 도움을 줄 수 있음 (영문) May help to climacteric men`s health
제2019-16호,20 (mg/일),10 (mg/일),mg/일,루테인지아잔틴복합추출물(제2019-16호),"(1) 영유아, 어린이, 임산부 및 수유부는 섭취를 피할 것
(2) 흡연자는 섭취 시 전문가와 상담할 것
(3) 과다 섭취 시 일시적으로 피부가 황색으로 변할 수 있음
(4) 이상사례 발생 시 섭취를 중단하고 전문가와 상담할 것","(국문) ① 노화로 인해 감소될 수 있는 황반색소밀도를 유지하여 눈 건강에 도움을 줄 수 있음
② 건조한 눈을 개선하여 눈 건강에 도움을 줄 수 있음
(영문) ① May help the eye health by maintaining the density of macular pigments which can be decreased by aging
② May help to maintain eyes healthy by relieving dryness"
제2019-17호,500 (mg),500 (mg),mg,차즈기추출물(기능성원료인정제2019-17호),"(1) 영·유아, 어린이, 임산부 및 수유부는 섭취에 주의 (2) 특정질환(알레르기 체질 등)이 있는 분은 섭취에 주의 (3) 이상사례 발생 시 섭취를 중단하고 전문가와 상담할 것",(국문) 눈의 피로도 개선에 도움을 줄 수 있음 (영문) May help to improve eye fatigue
제2019-18호,480 (mg),480 (mg),mg,쇠비름주정추출분말(KDC16-2)(기능성원료인정제2019-18호),"(1) 영·유아, 어린이, 임산부 및 수유부는 섭취에 주의 (2) 특정질환(알레르기 체질 등)이 있는 분은 섭취에 주의 (3) 이상사례 발생 시 섭취를 중단하고 전문가와 상담할 것",(국문) 배변활동 원활에 도움을 줄 수 있음 (영문) May help to improve bowel movements
제2019-19호,"1,960 (mg/일)","1,960 (mg/일)",mg/일,댕댕이나무열매(허니베리)추출분말(제2019-19호),"(1) 영·유아, 어린이, 임산부 및 수유부는 섭취에 주의 
(2) 특정질환(알레르기 체질 등)이 있는 분은 섭취에 주의
(3) 이상사례 발생 시 섭취를 중단하고 전문가와 상담할 것","(국문) ① 비알콜성 간 손상으로부터 간 건강에 도움을 줄 수 있음
         ② 체지방 감소에 도움을 줄 수 있음
(영문) ① May help to liver health by non-alcoholic liver injury
         ② May help to reduce body fat"
제2019-1호,1 (g),1 (g),g,옻나무 추출분말(기능성원료인정제2019-1호),"(1) 영·유아 어린이, 임산부 및 수유부는 섭취에 주의 (2) 특이체질(옻 알레르기)을 나타내는 사람은 섭취에 주의",(국문) 갱년기 남성의 건강에 도움을 줄 수 있음 (영문) May help to climacteric men`s health
제2019-20호,2 (g),2 (g),g,저분자콜라겐펩타이드NS(기능성원료인정제2019-20호),"(1) 영·유아, 어린이, 임산부와 수유부는 섭취에 주의 (2) 특정 질환(알레르기 체질 등)이 있는 분은 섭취에 주의 (3) 이상사례 발생 시 섭취를 중단하고 전문가와 상담할 것","(국문) 자외선에 의한 피부손상으로부터 피부건강을 유지하는데 도움을 줄 수 있음, 피부보습에 도움을 줄 수 있음 (영문) May help to maintain skin health from skin damage by UV radiation, May help to maintain skin moisturizing"
제2019-21호,600 (mg),600 (mg),mg,풋사과추출물 애플페논(Applephenon)(기능성원료인정제2019-21호),"(1) 영·유아, 어린이, 임산부 및 수유부는 섭취에 주의 (2) 특정 질환(알레르기 체질 등)이 있는 분은 섭취에 주의 (3) 이상사례 발생 시 섭취를 중단하고 전문가와 상담할 것",(국문) 체지방 감소에 도움을 줄 수 있음 (영문) May help to reduce body fat
제2019-22호,"100,000,000 (CFU)","100,000,000 (CFU)",CFU,Lactobacillus acidophilus YT1(기능성원료인정제2019-22호),(1) 질환이 있거나 의약품(면역억제제 등) 복용 시 전문가와 상담할 것 (2) 알레르기 체질 등은 개인에 따라 과민반응을 나타낼 수 있음 (3) 어린이가 함부로 섭취하지 않도록 일일섭취량 방법을 지도할 것 (4) 이상사례 발생 시 섭취를 중단하고 전문가와 상담할 것,(국문) 갱년기 여성 건강에 도움을 줄 수 있음 (영문) May help to improve menopausal women’s health
제2019-24호,900 (mg),900 (mg),mg,자몽추출물등 복합물(Sinetrol)(기능성원료인정제2019-24호),"(1) 영·유아, 어린이, 임산부 및 수유부는 섭취에 주의 (2) 특정질환(알레르기 체질 등)이 있는 분은 섭취에 주의 (3) 이상사례 발생 시 섭취를 중단하고 전문가와 상담할 것 (4) 의약품(혈압강하제, 부정맥치료제, 고지혈증치료제, 항응고제 등)을 복용하시는 분은 섭취 전 의사와 상담 (5) 카페인을 함유한 식품의 섭취에 주의할 것",(국문) 체지방 감소에 도움을 줄 수 있음 (영문) May help to reduce body fat
제2019-25호,250 (mg),100 (mg),mg,로즈마리자몽추출복합물(Nutroxsun)(기능성원료인정제2019-25호),"(1) 영·유아, 어린이, 임산부 및 수유부는 섭취에 주의 (2) 특정질환(알레르기 체질 등)이 있는 분은 섭취에 주의 (3) 이상사례 발생 시 섭취를 중단하고 전문가와 상담할 것 (4) 의약품(혈압강하제, 부정맥치료제, 고지혈증치료제, 항응고제 등)을 복용하시는 분은 섭취 전 의사와 상담",(국문) 자외선에 의한 피부손상으로부터 피부건강을 유지하는데 도움을 줄 수 있음 (영문) May help to maintain skin health from skin damage by UV radiation
제2019-26호,124 (mg),124 (mg),mg,리스펙타(Respecta®)[프로바이오틱스 등 복합물](기능성원료인정제2019-26호),"(1) 영·유아, 어린이, 임산부 및 수유부는 섭취에 주의 (2) 우유, 유제품 및 기타 제품에 대해 알레르기가 있는 사람은 섭취에 주의 (3) 이상사례 발생 시 섭취를 중단하고 전문가와 상담할 것",(국문) 질내 유익균 증식 및 유해균 억제에 도움을 줄 수 있음 (영문) May help to proliferate vaginal beneficial flora and to suppress pathogenic bacteria
제2019-27호,800 (mg),800 (mg),mg,포도과피 효소발효추출물(KL-GEFE)(기능성원료인정제2019-27호),"(1) 영·유아, 어린이, 임산부 및 수유부는 섭취에 주의 (2) 이상사례 발생 시 섭취를 중단하고 전문가와 상담할 것 (3) 특정질환(알레르기 체질 등)은 섭취에 주의",(국문) 건조한 눈을 개선하여 눈 건강에 도움을 줄 수 있음 (영문) May help to maintain eye health as the improvement of dry eyes
제2019-28호,"10,000,000,000 (CFU)","10,000,000,000 (CFU)",CFU,L.plantarum IM76과 B.longum IM55 복합물(NVP1703)(기능성원료인정제2019-28호),"(1) 질환이 있거나 의약품 복용 시 전문가와 상담할 것 (2) 특정 질환(알레르기 체질 등)이 있는 분은 섭취에 주의 (3) 영·유아, 어린이, 임산부 및 수유부는 섭취에 주의 (4) 어린이가 함부로 섭취하지 않도록 일일섭취량 방법을 지도할 것 (5) 이상사례 발생 시 섭취를 중단하고 전문가와 상담할 것",(국문) 면역과민반응에 의한 코상태 개선에 도움을 줄 수 있음 (영문) May help to improve nasal condition caused by hypersensitivity reaction
제2019-29호,190 (mg/일),190 (mg/일),mg/일,대두추출물등 복합물(메노세라)(제2019-29호),"(1) 영·유아, 어린이, 임산부 및 수유부는 섭취에 주의
(2) 에스트로겐 호르몬에 민감한 사람은 섭취에 주의
(3) 메스꺼움 등 소화계통의 불편함과 설사를 유발 할 수 있음
(4) 알레르기 체질이거나 특정질환이 있는 사람은 섭취 전 전문가와 상담할 것
(5) 이상사례 발생 시 섭취를 중단하고 전문가와 상담할 것","(국문) 갱년기 여성건강에 도움을 줄 수 있음
(영문) May help to menopausal women`s health"
제2019-2호,25 (mg),25 (mg),mg,인삼(기능성원료인정제2019-2호),"(1) 의약품(당뇨치료제, 혈액항응고제) 복용 시 섭취에 주의",(국문) 뼈 건강에 도움을 줄 수 있음 (영문) May help to maintain healthy bone
제2019-30호,600 (mg/일),600 (mg/일),mg/일,포도블루베리추출혼합분말(제2019-30호),"(1) 영·유아, 어린이, 임산부 및 수유부는 섭취에 주의
(2) 특정질환(알레르기 체질 등)이 있는 분은 섭취에 주의
(3) 이상사례 발생 시 섭취를 중단하고 전문가와 상담할 것","(국문) 기억력 개선에 도움을 줄 수 있음
(영문) May help to improve memory"
제2019-31호,320 (mg),320 (mg),mg,돈태반 발효추출물(기능성원료인정제2019-31호),"(1) 영·유아, 어린이, 임산부 및 수유부는 섭취에 주의 (2) 특정 질환(알레르기 체질 등)이 있는 분은 섭취에 주의 (3) 이상사례 발생 시 섭취를 중단하고 전문가와 상담할 것",(국문) 피로 개선에 도움을 줄 수 있음 (영문) May help to improve fatigue
제2019-3호,3 (g),3 (g),g,깻잎추출물(PF501)(기능성원료인정제2019-3호),"(1) 영·유아, 어린이, 임산부 및 수유부는 섭취에 주의",(국문) 체지방 감소에 도움을 줄 수 있음 (영문) May help to reduce body fat
제2019-4호,"10,000,000,000 (CFU/일)","10,000,000,000 (CFU/일)",CFU/일,L. curvatus HY7601와 L. plantarum KY1032의 프로바이오틱스 복합물(제2019-4호),"(1) 질환이 있거나 의약품(면역억제제 등) 복용 시 전문가와 상담할 것
(2) 알레르기 체질 등은 개인에 따라 과민반응을 나타낼 수 있음
(3) 어린이가 함부로 섭취하지 않도록 일일섭취량 방법을 지도할 것
(4) 이상사례 발생 시 섭취를 중단하고 전문가와 상담할 것","(국문) 체지방 감소에 도움을 줄 수 있음
(영문) May help to reduce body fat"
제2019-5호,750 (mg/일),500 (mg/일),mg/일,연어이리추출물(DOTTM연어핵산)(제2019-5호),"(1) 영·유아, 어린이, 임산부 및 수유부는 섭취에 주의
(2) 질환이 있거나 의약품(면역억제제 등) 복용 시 전문가와 상담할 것
(3) 이상사례(알러지, 설사, 소화불량 등) 발생 시 섭취를 중단하고 전문가와 상담할 것","(국문) ① 관절 건강에 도움을 줄 수 있음, ② 위 점막을 보호하여 위 건강에 도움을 줄 수 있음
(영문) ① May help to maintain healthy joint, ② May help to maintain healthy stomach by protecting gastric mucosa"
제2019-6호,4 (mg),4 (mg),mg,루바브뿌리 추출물(기능성원료인정제2019-6호),"(1) 영·유아, 어린이, 임산부 및 수유부는 섭취에 주의 (2) 에스트로겐 호르몬에 민감한 사람은 섭취에 주의 (3) 메스꺼움 등 소화계통의 불편함과 설사를 유발 할 수 있음 (4) 알레르기 체질이거나 특정질환이 있는 사람은 섭취 전 전문가와 상담할 것 (5) 이상사례 발생 시 섭취를 중단하고 전문가와 상담할 것",(국문) 갱년기 여성 건강에 도움을 줄 수 있음 (영문) May help to menopausal women`s health
제2019-7호,150 (mg),150 (mg),mg,스페인감초추출물(기능성원료인정제2019-7호),"(1) 영・유아, 어린이, 임산부 및 수유부는 섭취에 주의 (2) 특정 질환(알레르기 체질 등)이 있는 분은 섭취에 주의 (3) 이상사례 발생 시 섭취를 중단하고 전문가와 상담할 것",(국문) 위 점막 내 헬리코박터균(Helicobacter pylori) 증식을 억제하고 위 점막을 보호하여 위 건강에 도움을 줄 수 있음 (영문) May help to stomach health by protecting gastric mucosa and inhibiting proliferation of Helicobacter pylori in gastric mucosa.
제2019-8호,900 (mg),900 (mg),mg,상황버섯등 추출복합물(기능성원료인정제2019-8호),"(1) 영·유아, 어린이, 임산부 및 수유부는 섭취에 주의 (2) 의약품(항응고제)과 복용 시 섭취에 주의 (3) 특정질환(알레르기 체질 등)이 있는 분은 섭취에 주의 (4)이상사례 발생 시 섭취를 중단하고 전문가와 상담할 것",(국문) 혈관이완을 통한 혈행개선에 도움을 줄 수 있음 (영문) May help to blood flow improvement by vaso-relaxative action
제2019-9호,"1,000 (mg)","1,000 (mg)",mg,우뭇가사리추출물(기능성원료인정제2019-9호),"(1) 영·유아, 어린이, 임산부 및 수유부는 섭취에 주의 (2) 특정 질환(알레르기 체질 등)이 있는 분은 섭취에 주의 (3) H653과다섭취시 미약한 설사, 구토, 배변량 증가, 배변빈도 증가, 복부팽만, 두통 등의 부작용을 일으킬 수 있음 (4) 이상사례 발생 시 섭취를 중단하고 전문가와 상담할 것",(국문) 체지방 감소에 도움을 줄 수 있음 (영문) May help to reduce body fat
제2020-10호,412 (mg),412 (mg),mg,베타글루칸분말(기능성원료인정제2020-10호),"(1) 영·유아, 어린이, 임산부 및 수유부는 섭취에 주의 (2) 특정질환(알레르기 체질 등)이 있는 분은 섭취에 주의 (3) 이상사례 발생 시 섭취를 중단하고 전문가와 상담할 것",(국문) 면역기능 증진에 도움을 줄 수 있음 (영문) May help to improve immune function
제2020-14호,2 (g),2 (g),g,미숙여주주정추출분말(기능성원료인정제2020-14호),"(1) 영·유아, 어린이, 임산부 및 수유부는 섭취에 주의 (2) 특정질환(알레르기 체질 등)이 있는 분은 섭취에 주의 (3) 이상사례 발생 시 섭취를 중단하고 전문가와 상담할 것",(국문) 식후 혈당상승 억제에 도움을 줄 수 있음 (영문) May help to suppress the rise in blood glucose after eating
제2020-15호,350 (mg),350 (mg),mg,밀 추출물(Ceratiq®)(기능성원료인정제2020-15호),"(1) 영·유아, 어린이, 임산부 및 수유부는 섭취에 주의 (2) 밀 알레르기를 나타내는 사람은 섭취에 주의 (3) 특정질환(알레르기 체질 등)이 있는 분은 섭취에 주의 (4) 이상사례 발생 시 섭취를 중단하고 전문가와 상담할 것",(국문) 피부보습에 도움을 줄 수 있음 (영문) May help to maintain skin moisturizing
제2020-1호,"1,200 (mg/일)","1,200 (mg/일)",mg/일,콘드로이친 황산염(제2020-1호),"(1) 영·유아, 어린이, 임산부 및 수유부는 섭취에 주의할 것
(2) 이상사례 발생 시 섭취를 중단하고 전문가와 상담할 것
(3) 특정질환(알레르기 체질 등)이 있는 분은 섭취에 주의할 것
(4) 수술 전후 또는 항응고제, 항혈소판제, 비스테로이드계 항염증약 복용자는 섭취 전 전문의와 상담할 것
(5) 천식이 있는 사람은 섭취 전 전문의와 상담할 것","(국문) 관절 및 연골 건강에 도움을 줄 수 있음
(영문) May help maintain healthy joint"
제2020-2호,300 (mg),300 (mg),mg,유단백가수분해물(락티움)(기능성원료인정제2020-2호),"(1) 임산부, 수유여성 및 어린이는 섭취에 주의 (2) 우유 및 유제품에 대하여 알레르기를 나타내는 사람은 섭취에 주의",(국문) 수면의 질 개선에 도움을 줄 수 있음 (영문) May help to improve sleep
제2020-3호,700 (mg),700 (mg),mg,작약추출물등복합물(HT074)(기능성원료인정제2020-3호),"(1) 영·유아, 어린이, 임산부 및 수유부는 섭취에 주의 (2) 특정질환(알레르기 체질 등)이 있는 분은 섭취에 주의 (3) 이상사례 발생 시 섭취를 중단하고 전문가와 상담할 것",(국문) 위 점막을 보호하여 위 건강에 도움을 줄 수 있음 (영문) May help to maintain healthy stomach by protecting gastric mucosa
제2020-4호,1 (g),1 (g),g,배초향 추출물(Agatri)(기능성원료인정제2020-4호),"(1) 영·유아, 어린이, 임산부 및 수유부는 섭취에 주의 (2) 특정질환(알레르기 체질 등)이 있는 분은 섭취에 주의 (3) 이상사례 발생 시 섭취를 중단하고 전문가와 상담할 것","(국문) 피부보습에 도움을 줄 수 있음, 자외선에 의한 피부손상으로부터 피부건강을 유지하는데 도움을 줄 수 있음 (영문) May help to maintain skin moisturizing, May help to maintain skin health from skin damage by UV radiation"
제2020-5호,1 (g),1 (g),g,배초향 추출물(Agatri)(기능성원료인정제2020-5호),"(1) 영·유아, 어린이, 임산부 및 수유부는 섭취에 주의 (2) 특정질환(알레르기 체질 등)이 있는 분은 섭취에 주의 (3) 이상사례 발생 시 섭취를 중단하고 전문가와 상담할 것",(국문) 자외선에 의한 피부손상으로부터 피부건강을 유지하는데 도움을 줄 수 있음 (영문) May help to maintain skin health from skin damage by UV radiation
제2020-6호,300 (mg),300 (mg),mg,MS-10 엉겅퀴등복합추출물(기능성원료인정제2020-6호),(1) 임산부 및 수유부는 섭취를 피할 것 (2) 알레르기를 나타내는 사람은 섭취 시 주의 (3) 이상사례 발생 시 섭취를 중단하고 전문가와 상담할 것 (4) 에스트로겐 호르몬에 민감한 사람은 섭취에 주의 (5) 항우울제 또는 호르몬제를 복용하는 사람은 섭취에 주의,(국문) 갱년기 여성건강에 도움을 줄 수 있음 (영문) May help to menopausal women`s health
제2020-7호,600 (mg),300 (mg),mg,수국잎열수추출물(기능성원료인정제2020-7호),"(1) 영·유아, 어린이, 임산부 및 수유부는 섭취에 주의 (2) 특정 질환(알레르기 체질 등)이 있는 분은 섭취에 주의 (3) 이상사례 발생 시 섭취를 중단하고 전문가와 상담할 것","(국문) 피부보습에 도움을 줄 수 있음, 자외선에 의한 피부손상으로부터 피부건강 유지에 도움을 줄 수 있음 (영문) May help to maintain skin moisturizing, May help to maintain skin health from skin damage by UV radiation"
제2020-8호,600 (mg),300 (mg),mg,수국잎열수추출물(기능성원료인정제2020-8호),"(1) 영·유아, 어린이, 임산부 및 수유부는 섭취에 주의 (2) 특정 질환(알레르기 체질 등)이 있는 분은 섭취에 주의 (3) 이상사례 발생 시 섭취를 중단하고 전문가와 상담할 것",(국문) 자외선에 의한 피부손상으로부터 피부건강 유지에 도움을 줄 수 있음 (영문) May help to maintain skin health from skin damage by UV radiation
제2020-9호,600 (mg),600 (mg),mg,풋사과추출물 애플페논(Applephenon)(기능성원료인정제2020-9호),"(1) 영·유아, 어린이, 임산부 및 수유부는 섭취에 주의 (2) 특정 질환(알레르기 체질 등)이 있는 분은 섭취에 주의 (3) 이상사례 발생 시 섭취를 중단하고 전문가와 상담할 것",(국문) 체지방 감소에 도움을 줄 수 있음 (영문) May help to reduce body fat
제2021-10호,29 (mg),29 (mg),mg,인삼(기능성원료인정제2021-10호),"(1) 의약품(당뇨치료제, 혈액항응고제) 복용 시 섭취에 주의",(국문) 간 건강에 도움을 줄 수 있음 (영문) May help to liver health
제2021-11호,"1,080 (mg/일)","1,080 (mg/일)",mg/일,들깨쇠비름혼합추출물(제2021-11호),"(1) 영·유아, 어린이, 임산부 및 수유부는 섭취에 주의
(2) 특정질환(알레르기 체질 등)이 있는 분은 섭취에 주의
(3) 이상사례 발생 시 섭취를 중단하고 전문가와 상담할 것","(국문) 면역기능 증진에 도움을 줄 수 있음
(영문) May help to improve immune function"
제2021-12호,250 (mg),250 (mg),mg,구절초추출물(기능성원료인정제2021-12호),"(1) 영·유아, 어린이, 임산부 및 수유부는 섭취에 주의 (2) 특정질환(알레르기 체질 등)이 있는 분은 섭취에 주의 (3) 이상사례 발생 시 섭취를 중단하고 전문가와 상담할 것",(국문) 관절 및 연골 건강에 도움을 줄 수 있음 (영문) May help to maintain healthy joint and cartilage
제2021-13호,2 (g),2 (g),g,쑥부쟁이추출분말(기능성원료인정제2021-13호),"(1) 영·유아, 어린이, 임산부 및 수유부는 섭취에 주의 (2) 국화과에 알레르기를 나타내는 사람은 섭취에 주의 (3) 이상사례 발생 시 섭취를 중단하고 전문가와 상담할 것",(국문) 면역과민반응에 의한 코 상태 개선에 도움을 줄 수 있음 (영문) May help to improve nasal condition caused by hypersensitivity reaction
제2021-15호,2 (g/일),2 (g/일),g/일,뽕나무가지주정추출분말(제2021-15호),"(1) 영·유아, 어린이, 임산부 및 수유부는 섭취에 주의
(2) 특정질환(알레르기 체질 등)이 있는 분은 섭취에 주의
(3) 이상사례 발생 시 섭취를 중단하고 전문가와 상담할 것","(국문) 혈당조절에 도움을 줄 수 있음
(영문) May help to maintain healthy blood glucose levels"
제2021-16호,100 (mg),100 (mg),mg,꾸지뽕잎추출물(기능성원료인정제2021-16호),"(1) 영·유아, 어린이, 임산부 및 수유부는 섭취에 주의 (2) 특정질환(알레르기 체질 등)이 있는 분은 섭취에 주의 (3) 이상사례 발생 시 섭취를 중단하고 전문가와 상담할 것",(국문) 위 불편감 개선에 도움을 줄 수 있음 (영문) May help to reduce stomach discomfort
제2021-17호,4 (mg),4 (mg),mg,루바브뿌리추출물(기능성원료인정제2021-17호),"(1) 영·유아, 어린이, 임산부 및 수유부는 섭취에 주의 (2) 에스트로겐 호르몬에 민감한 사람은 섭취에 주의 (3) 메스꺼움 등 소화계통의 불편함과 설사를 유발할 수 있음 (4) 알레르기 체질이거나 특정질환이 있는 사람은 섭취 전 전문가와 상담할 것 (5) 이상사례 발생 시 섭취를 중단하고 전문가와 상담할 것",(국문) 갱년기 여성 건강에 도움을 줄 수 있음 (영문) May help to maintain female health in menopause
제2021-18호,225 (mg),225 (mg),mg,로즈마리추출물등복합물(기능성원료인정제2021-18호),"(1) 영‧유아, 어린이, 임산부 및 수유부는 섭취에 주의
(2) 특정질환(알레르기 체질 등)이 있는 분은 섭취에 주의
(3) 이상사례 발생 시 섭취를 중단하고 전문가와 상담할 것
(4) 흡연자는 섭취 시 전문가와 상담할 것
(5) 과다 섭취 시 일시적으로 피부가 황색으로 변할 수 있음",(국문) 자외선에 의한 피부손상으로부터 피부 건강 유지에 도움을 줄 수 있음 (영문) May help to maintain skin health from skin damage by UV
제2021-19호,686 (mg/일),686 (mg/일),mg/일,청호추출분말(리베라템)(제2021-19호),"(1) 영·유아, 어린이, 임산부 및 수유부는 섭취를 삼가
(2) 특정질환(알레르기 체질 등)이 있는 분은 섭취에 주의
(3) 이상사례 발생 시 섭취를 중단하고 전문가와 상담할 것","(국문) 간 건강에 도움을 줄 수 있음
(영문) May help to protect liver"
제2021-1호,8 (g),8 (g),g,실크단백질 산가수분해물(Sil-Q1)(기능성원료인정제2021-1호),"(1) 영·유아, 어린이, 임산부 및 수유부는 섭취에 주의 (2) 특정질환(알레르기 체질 등)이 있는 분은 섭취에 주의 (3) 이상사례 발생 시 섭취를 중단하고 전문가와 상담할 것 (4) 간, 신장 기능 이상자는 섭취에 주의",(국문) 면역기능 증진에 도움을 줄 수 있음 (영문) May help to improve immune function
제2021-20호,686 (mg/일),686 (mg/일),mg/일,청호추출분말(리베라템)(제2021-20호),"(1) 영·유아, 어린이, 임산부 및 수유부는 섭취를 삼가
(2) 특정질환(알레르기 체질 등)이 있는 분은 섭취에 주의
(3) 이상사례 발생 시 섭취를 중단하고 전문가와 상담할 것","(국문) 간 건강에 도움을 줄 수 있음
(영문) May help to protect liver"
제2021-21호,12 (mg/일),12 (mg/일),mg/일,루테인지아잔틴추출복합물(제2021-21호),"(1) 영‧유아, 어린이, 임산부 및 수유부는 섭취에 주의
(2) 과다 섭취 시 일시적으로 피부가 황색으로 변할 수 있음
(3) 이상사례 발생 시 섭취를 중단하고 전문가와 상담할 것
(4) 흡연자는 섭취 시 전문가와 상담할 것","(국문) 노화로 인해 감소될 수 있는 황반색소밀도를 유지하여 눈 건강에 도움을 줄 수 있음
(영문) May support eye health by maintaining the density of macular pigments which can be affected by aging"
제2021-23호,"4,000,000,000 (CFU/일)","4,000,000,000 (CFU/일)",CFU/일,Lactiplantibacillus plantarum Q180(제2021-23호),"(1) 질환이 있거나 의약품 복용 시 전문가와 상담할 것
(2) 특정 질환(알레르기 체질, 단장증후군 등)이 있는 분은 섭취에 주의
(3) 영·유아, 어린이, 임산부 및 수유부는 섭취에 주의
(4) 어린이가 함부로 섭취하지 않도록 일일 섭취량 방법을 지도할 것
(5) 이상 사례 발생 시 섭취를 중단하고 전문가와 상담할 것","(국문) 식후 혈중 중성지방 개선에 도움을 줄 수 있음
(영문) May help to maintain healthy blood triglyceride level"
제2021-24호,300 (mg),300 (mg),mg,병풀추출분말(기능성원료인정제2021-24호),"(1) 영·유아, 어린이, 청소년, 임산부 및 수유부, 임신을 계획하고 있는 자는 섭취하지 말 것 (2) 특정질환(알레르기 체질 등)이 있는 분은 섭취에 주의 (3) 이상사례 발생 시 섭취를 중단하고 전문가와 상담할 것 (4) 의약품(중추신경억제제 등)을 복용하시는 분은 섭취 전 전문의와 상담할 것",(국문) 노화로 인해 감소될 수 있는 황반색소밀도를 유지하여 눈 건강에 도움을 줄 수 있음 (영문) May support eye health by maintaining the density of macular pigments which can be affected by aging
제2021-2호,600 (mg),600 (mg),mg,복분자 추출물(RE-20)(기능성원료인정제2021-2호),"(1) 영·유아, 어린이, 임산부 및 수유부는 섭취에 주의 (2) 특정질환(알레르기 체질 등)이 있는 분은 섭취에 주의 (3) 이상사례 발생 시 섭취를 중단하고 전문가와 상담할 것",(국문) 혈중 콜레스테롤 개선에 도움을 줄 수 있음 (영문) May help to improve blood cholesterol
제2021-3호,2 (g),1 (g),g,사군자추출분말(기능성원료인정제2021-3호),(1) 성인남성만 섭취할 것 (2) 메스꺼움 등 소화계통의 불편함과 설사를 유발할 수 있음 (3) 특정질환(알레르기 체질 등)이 있는 분은 섭취에 주의 (4) 이상사례 발생 시 섭취를 중단하고 전문가와 상담할 것 (5) 뜨거운 물과 섭취하지 말 것,(국문) 전립선 건강의 유지에 도움을 줄 수 있음 (영문) May help to maintain prostate health
제2021-4호,1 (g),1 (g),g,발효율피추출분말(기능성원료인정제2021-4호),"(1) 영·유아, 어린이, 임산부 및 수유부는 섭취에 주의 (2) 특정질환(알레르기 체질 등)이 있는 분은 섭취에 주의 (3) 이상사례 발생 시 섭취를 중단하고 전문가와 상담할 것",(국문) 체지방 감소에 도움을 줄 수 있음 (영문) May help to improve body fat
제2021-5호,200 (mg/일),20 (mg/일),mg/일,B.breve IDCC 4401(BBR4401) 열처리배양건조물(기능성원료인정제2021-5호),"(1) 영·유아, 어린이, 임산부 및 수유부는 섭취에 주의 (2) 특정질환(알레르기 체질 등)이 있는 분은 섭취에 주의 (3) 이상사례 발생 시 섭취를 중단하고 전문가와 상담할 것 (4) 질환이 있거나 의약품 복용 시 전문가와 상담할 것",(국문) 혈중 콜레스테롤 개선에 도움을 줄 수 있음 (영문) May help to reduce blood cholesterol levels
제2021-5호,200 (mg/일),20 (mg/일),mg/일,B. breve IDCC 4401 열처리배양건조물(BBR®)(제2021-5호),"(1) 영·유아, 어린이, 임산부 및 수유부는 섭취에 주의
(2) 특정질환(알레르기 체질 등)이 있는 분은 섭취에 주의
(3) 이상사례 발생 시 섭취를 중단하고 전문가와 상담할 것
(4) 질환이 있거나 의약품 복용 시 전문가와 상담할 것","(국문) 혈중 콜레스테롤 개선에 도움을 줄 수 있음
(영문) May help to reduce blood cholesterol levels"
제2021-6호,600 (mg),600 (mg),mg,풋사과추출물 애플페논(Applephenon)(기능성원료인정제2021-6호),"(1) 영·유아, 어린이, 임산부 및 수유부는 섭취에 주의 (2) 특정 질환(알레르기 체질 등)이 있는 분은 섭취에 주의 (3) 이상사례 발생 시 섭취를 중단하고 전문가와 상담할 것",(국문) 체지방 감소에 도움을 줄 수 있음 (영문) May help to reduce body fat
제2021-7호,400 (mg),400 (mg),mg,모로오렌지추출분말(Morosil®)(기능성원료인정제2021-7호),"(1) 영·유아, 어린이, 임산부 및 수유부는 섭취에 주의 (2) 특정 질환(알러지 체질 등)이 있는 분은 섭취에 주의 (3) 이상사례 발생 시 섭취를 중단하고 전문가와 상담할 것 (4) 식사조절, 운동을 병행하는 것이 체지방 감소에 효과적임",(국문) 체지방 감소에 도움을 줄 수 있음 (영문) May help to reduce body fat
제2021-9호,400 (mg),200 (mg),mg,보스웰리아추출물등 복합물(Flexir)(기능성원료인정제2021-9호),"(1) 영·유아, 어린이, 임산부 및 수유부는 섭취에 주의 (2) 특정질환(알레르기 체질 등)이 있는 분은 섭취에 주의 (3) 이상사례 발생 시 섭취를 중단하고 전문가와 상담할 것 (4) 질환이 있거나 의약품 복용 시 전문가와 상담할 것 (5) 제안된 섭취량 이상 섭취 시 소화불량, 위장장애, 메스꺼움, 위산 역류 등이 있을 수 있음",(국문) 관절 및 연골 건강에 도움을 줄 수 있음 (영문) May help to maintain healthy joint and cartilage
제2022-12호,500 (mg),500 (mg),mg,가자추출물(Ayuflex®)(기능성원료인정제2022-12호),"(1) 영·유아, 어린이, 임산부 및 수유부는 섭취에 주의 (2) 특정질환(알레르기 체질 등)이 있는 분은 섭취에 주의 (3) 이상사례 발생 시 섭취를 중단하고 전문가와 상담할 것",(국문) 관절 및 연골 건강에 도움을 줄 수 있음 (영문) May help to maintain joint and cartilage health
제2022-13호,500 (mg/일),500 (mg/일),mg/일,레몬버베나추출물 등 복합물(티에뜨레Ⓡ)(제2022-13호),"(1) 영·유아, 어린이, 임산부 및 수유부는 섭취에 주의
(2) 특정질환(알레르기 체질 등)이 있는 분은 섭취에 주의
(3) 당뇨, 혈압 등의 질환이 있거나 의약품 복용 시 전문가와 상담할 것
(4) 이상사례 발생 시 섭취를 중단하고 전문가와 상담할 것","(국문) 체지방 감소에 도움을 줄 수 있음
(영문) May help to reduce body fat"
제2022-15호,"1,200,000,000 (CFU)","1,200,000,000 (CFU)",CFU,유산균복합물(AB-LIFE®)(기능성원료인정제2022-15호),"(1) 질환이 있거나 의약품 복용 시 전문가와 상담할 것 (2) 특정질환(알레르기 체질, 단장증후군 등)이 있는 분은 섭취에 주의할 것 (3) 영·유아, 어린이, 임산부 및 수유부는 섭취에 주의할 것 (4) 어린이가 함부로 섭취하지 않도록 일일섭취량 방법을 지도할 것 (5) 이상사례 발생 시 섭취를 중단하고 전문가와 상담할 것 (6) 과다섭취에 주의할 것",(국문) 혈중 콜레스테롤 개선에 도움을 줄 수 있음 (영문) May help to reduce blood cholesterol levels
제2022-17호,400 (mg/일),400 (mg/일),mg/일,보스웰리아추출물(SERRATRIN)(기능성 원료 인정서 제2022-17호),"(1) 영·유아, 어린이, 임산부 및 수유부는 섭취에 주의
(2) 특정질환(알레르기 체질 등)이 있는 분은 섭취에 주의
(3) 이상사례 발생 시 섭취를 중단하고 전문가와 상담할 것","(국문) 관절 및 연골 건강에 도움을 줄 수 있음
(영문) May help to maintain joint and cartilage health"
제2022-18호,600 (mg/일),600 (mg/일),mg/일,감잎주정추출분말(제2022-18호),"(1) 영·유아, 어린이, 임산부 및 수유부는 섭취에 주의할 것
(2) 특정질환(알레르기 체질 등)이 있는 분은 섭취에 주의
(3) 이상사례 발생 시 섭취를 중단하고 전문가와 상담할 것","(국문) 건조한 눈을 개선하여 눈건강에 도움을 줄 수 있음
(영문) May help to maintain eyes healthy by relieving dryness"
제2022-19호,375 (mg),375 (mg),mg,L-글루탐산발효 가바분말(기능성원료인정제2022-19호),"(1) 영유아, 임산부, 수유부 및 특정 질환자는 섭취에 주의할 것 (2) 이상사례 발생 시 섭취를 중단하고 전문가와 상담할 것 (3) 특정질환(알레르기 체질 등)이 있는 분은 섭취에 주의 (4) 의약품(혈압약, 항우울제 등) 복용 시 섭취에 주의할 것",(국문) 수면의 질 개선에 도움을 줄 수 있음 (영문) May help to improve sleep quality
제2022-21호,"4,000,000,000 (CFU/)","4,000,000,000 (CFU/)",CFU/,Lactiplantibacillus plantarum HAC01 프로바이오틱스(제2022-21호),"(1) 질환이 있거나 의약품 복용 시 전문가와 상담할 것
(2) 특정질환(알레르기 체질, 단장증후군 등)이 있는 분은 섭취에 주의
(3) 영·유아, 어린이, 임산부 및 수유부는 섭취에 주의
(4) 어린이가 함부로 섭취하지 않도록 일일 섭취량 방법을 지도할 것
(5) 이상사례 발생 시 섭취를 중단하고 전문가와 상담할 것","(국문) 식후 혈당 상승 억제에 도움을 줄 수 있음
(영문) May help to suppress the increase of blood glucose level after meals"
제2022-23호,500 (mg),500 (mg),mg,레몬밤민들레추출복합물(LD100)(기능성원료제2022-23호),"(1) 영·유아, 어린이, 임산부 및 수유부는 섭취에 주의할 것
(2) 특정질환(알레르기 체질 등)이 있는 분은 섭취에 주의할 것
(3) 이상사례 발생 시 섭취를 중단하고 전문가와 상담할 것
(4) 의약품(수면유도제, 갑상선호르몬제, 중추신경억제제)을 복용시 섭취 전 전문의와 상담할 것","(국문) 간 건강에 도움을 줄 수 있음 
(영문) May help to protect liver"
제2022-24호,480 (mg/일),480 (mg/일),mg/일,증숙생강추출분말(GGE03)(제2022-24호),"(1) 영·유아, 어린이, 임산부 및 수유부는 섭취에 주의
(2) 특정질환(알레르기 체질 등)이 있는 분은 섭취에 주의
(3) 이상사례 발생 시 섭취를 중단하고 전문가와 상담할 것
(4) 혈액응고 관련 의약품을 복용하거나 질병이 있는 경우 섭취 전 전문가와 상담할 것","(국문) 위 점막을 보호하여 위 건강에 도움을 줄 수 있음
(영문) May help to maintain healthy stomach by protecting gastric mucosa"
제2022-25호,500 (mg/일),500 (mg/일),mg/일,전호잎추출물(제2022-25호),"(1) 영·유아, 어린이, 임산부 및 수유부는 섭취에 주의
(2) 특정질환(알레르기 체질 등)이 있는 분은 섭취에 주의
(3) 이상사례 발생 시 섭취를 중단하고 전문가와 상담할 것","(국문) 관절건강에 도움을 줄 수 있음
(영문) May help to maintain healthy joint"
제2022-26호,"1,600 (mg/일)","1,600 (mg/일)",mg/일,산수유추출물등복합물(리베스틴Ⓡ)(제2022-26호),"(1) 영·유아, 어린이, 임산부 및 수유부는 섭취를 피할 것
(2) 특정질환(알레르기 체질 등)이 있는 분은 섭취에 주의할 것
(3) 이상사례 발생 시 섭취를 중단하고 전문가와 상담할 것
(4) 소화계통의 불편함을 유발할 수 있음","(국문) 체지방 감소에 도움을 줄 수 있음
(영문) May help to reduce body fat"
제2022-27호,120 (mg/일),120 (mg/일),mg/일,아쉬아간다 추출물(ShodenⓇ)(제2022-27호),"(1) 영·유아, 어린이, 임산부 및 수유부는 섭취를 피할 것
(2) 특정질환(알레르기 체질 등)이 있는 분은 섭취에 주의할 것
(3) 이상사례 발생 시 섭취를 중단하고 전문가와 상담할 것
(4) 졸음을 유발하는 약물(신경 안정제 등)과 병용섭취하지 말 것","(국문) 수면건강에 도움을 줄 수 있음
(영문) May help to improve sleep quality"
제2022-28호,4 (mg/일),4 (mg/일),mg/일,루바브뿌리추출물(제2022-28호),"(1) 영·유아, 어린이, 임산부 및 수유부는 섭취에 주의할 것
(2) 에스트로겐 호르몬에 민감한 사람은 섭취에 주의할 것
(3) 메스꺼움 등 소화계통의 불편함과 설사를 유발할 수 있음
(4) 알레르기 체질이거나 특정질환이 있는 사람은 섭취 전      전문가와 상담할 것
(5) 이상사례 발생 시 섭취를 중단하고 전문가와 상담할 것","(국문) 갱년기 여성 건강에 도움을 줄 수 있음
(영문) May help to maintain female health in menopause"
제2022-29호,12 (mg/일),12 (mg/일),mg/일,루테인지아잔틴추출복합물(기능성원료인정제2022-29호),"(1) 영‧유아, 어린이, 임산부 및 수유부는 섭취에 주의할 것
(2) 과다 섭취 시 일시적으로 피부가 황색으로 변할 수 있음
(3) 이상사례 발생 시 섭취를 중단하고 전문가와 상담할 것
(4) 흡연자는 섭취 시 전문가와 상담할 것","(국문) 노화로 인해 감소될 수 있는 황반색소밀도를 유지하여 눈 건강에 도움을 줄 수 있음
(영문) May support eye health by maintaining the density of macular pigments which can be affected by aging"
제2022-2호,600 (mg),600 (mg),mg,타히보 추출물 (TabetriⓇ)(기능성원료인정제2022-2호),"(1) 영‧유아, 어린이, 임산부 및 수유부는 섭취에 주의할 것 (2)특정질환(알레르기 체질 등)이 있는 분은 섭취에 주의할 것 (3) 이상사례 발생 시 섭취를 중단하고 전문가와 상담할 것 (4) 항응고제 또는 면역억제제를 복용하는 분은 섭취에 주의할 것",(국문) 관절 및 연골 건강 개선에 도움을 줄 수 있음 (영문) May help to maintain healthy joint and cartilage
제2022-30호,"1,200 (mg/일)",600 (mg/일),mg/일,흰목이버섯효소분해추출물(Neu learn)(제2022-30호),"(1) 영·유아, 어린이, 임산부 및 수유부는 섭취에 주의
(2) 특정질환(알레르기 체질 등)이 있는 분은 섭취에 주의
(3) 이상사례 발생 시 섭취를 중단하고 전문가와 상담할 것","(국문) 노화로 인해 감소된 인지기능 개선에 도움을 줄 수 있음
(영문) May help to improve cognitive function affected by  aging"
제2022-32호,"10,000,000,000 (CFU/일)","10,000,000,000 (CFU/일)",CFU/일,Lactiplantibacillus plantarum TWK10 프로바이오틱스(제2022-32호),"(1) 이상사례 발생 시 섭취를 중단하고 전문가와 상담할 것
(2) 영·유아, 어린이, 임산부 및 수유부는 섭취에 주의
(3) 특정질환(알레르기 체질, 단장증후군 등)이 있는 분은 섭취에 주의
(4) 질환이 있거나 의약품 복용 시 전문가와 상담할 것
(5) 어린이가 함부로 섭취하지 않도록 일일 섭취량 방법을 지도할 것","(국문) 운동수행능력 향상에 도움을 줄 수 있음
(영문) May help to improve endurance of exercise performance capability"
제2022-33호,"1,000 (mg/일)","1,000 (mg/일)",mg/일,홍삼오일(KGC11o)(제2022-33호),"(1) 성인 남성만 섭취할 것
(2) 심혈관계 질환이 있거나 의약품(당뇨치료제, 혈액항응고제) 복용 시 섭취에 주의할 것
(3) 알레르기 체질 등은 개인에 따라 과민반응을 나타낼 수 있음
(4) 이상사례 발생 시 섭취를 중단하고 전문가와 상담할 것","(국문) 전립선 건강의 유지에 도움을 줄 수 있음
(영문) May help to maintain healthy prostate"
제2022-34호,900 (mg/일),900 (mg/일),mg/일,열처리녹차추출물(제2022-34호),"(1) 영·유아, 어린이, 임산부 및 수유부는 섭취에 주의
(2) 간 질환이 있거나 의약품 복용 시 전문가와 상담할 것
(3) 카페인이 함유되어 있어 초조감, 불면 등을 나타낼 수 있음
(4) 식사 후 섭취할 것
(5) 카페인을 함유한 식품의 섭취에 주의할 것
(6) 특정질환(알레르기 체질 등)이 있는 분은 섭취에 주의
(7) 이상사례 발생 시 섭취를 중단하고 전문가와 상담할 것","(국문) 기억력 개선에 도움을 줄 수 있음
(영문) May help to improve memory"
제2022-35호,"10,000,000,000 (CFU/일)","10,000,000,000 (CFU/일)",CFU/일,Weissella cibaria JW15 프로바이오틱스(제2022-35호),"(1) 질환이 있거나 의약품 복용 시 전문가와 상담할 것
(2) 특정질환(알레르기 체질, 단장증후군, 유당불내증 등)이 있는 분은 섭취에 주의할 것
(3) 영·유아, 어린이, 임산부 및 수유부는 섭취에 주의할 것
(4) 어린이가 함부로 섭취하지 않도록 일일섭취량 방법을 지도할 것
(5) 이상사례 발생 시 섭취를 중단하고 전문가와 상담할 것
※ 유산균의 정성적 품질관리를 위해 원 균주(전장유전체 정보 등)를 주기적으로 관리하여야 하며, 식약처 요청 시 관련자료를 제출하여야 함","(국문) 면역 기능에 도움을 줄 수 있음
(영문) May help immune function"
제2022-36호,700 (mg/일),700 (mg/일),mg/일,해국추출물(제2022-36호),"(1) 영·유아, 어린이, 임산부 및 수유부는 섭취에 주의
(2) 특정질환(알레르기 체질 등)이 있는 분은 섭취에 주의
(3) 이상사례 발생 시 섭취를 중단하고 전문가와 상담할 것","(국문) 체지방 감소에 도움을 줄 수 있음
(영문) May help to reduce body fat"
제2022-37호,300 (mg/일),300 (mg/일),mg/일,천심련추출물(ParActinⓇ)(제2022-37호),"(1) 영·유아, 어린이, 청소년, 임산부 및 수유부, 임신을 계획하고 있는 자는 섭취하지 말 것
(2) 특정질환(알레르기 체질 등)이 있는 분은 섭취에 주의
(3) 이상사례 발생 시 섭취를 중단하고 전문가와 상담할 것
(4) 의약품을 복용하시는 분은 섭취 전 전문의와 상담할 것","(국문) 관절 건강에 도움을 줄 수 있음
(영문) May help to maintain healthy joint"
제2022-38호,100 (mg/일),100 (mg/일),mg/일,가다랑어 엘라스틴 펩타이드(VGPG Elastin®)(제2022-38호),"(1) 영·유아, 어린이, 임산부 및 수유부는 섭취에 주의할 것
(2) 특정 질환(알레르기 체질 등)이 있는 분은 섭취에 주의할 것
(3) 이상사례 발생 시 섭취를 중단하고 전문가와 상담할 것","(국문) ① 피부보습에 도움을 줄 수 있음
          ② 자외선에 의한 피부손상으로부터 피부건강 유지에 도움을 줄 수 있음
(영문) ① May help to maintain skin moisturizing
          ② May help to maintain skin health from skin damage by UV radiation"
제2022-39호,462 (mg/일),462 (mg/일),mg/일,크릴오일등복합물(FlexPro MDⓇ)(제2022-39호),"(1) 영·유아, 어린이, 임산부 및 수유부는 섭취에 주의
(2) 특정질환(알레르기 체질 등)이 있는 분은 섭취에 주의
(3) 이상사례 발생 시 섭취를 중단하고 전문가와 상담할 것
(4) 질환이 있거나 의약품 복용 시 전문가와 상담할 것
(5) 과다 섭취 시 일시적으로 피부가 황색으로 변할 수 있음
(6) β-카로틴의 흡수를 저해할 수 있음","(국문) 관절건강에 도움을 줄 수 있음
(영문) May help to maintain healthy joint"
제2022-3호,300 (mg),300 (mg),mg,천심련추출물(ParActinⓇ)(기능성원료인정제2022-3호),"(1) 영·유아, 어린이, 청소년, 임산부 및 수유부, 임신을 계획하고 있는 자는 섭취하지 말 것 (2) 특정질환(알레르기 체질 등)이 있는 분은 섭취에 주의 (3) 이상사례 발생 시 섭취를 중단하고 전문가와 상담할 것 (4) 의약품을 복용하시는 분은 섭취 전 전문의와 상담할 것",(국문) 관절 건강에 도움을 줄 수 있음 (영문) May help to maintain healthy joint
제2022-40호,"1,250 (mg/일)","1,250 (mg/일)",mg/일,비수리추출분말(제2022-40호),"(1) 성인 남성만 섭취할 것
(2) 특정질환(알레르기 체질 등)이 있는 분은 섭취에 주의
(3) 이상사례 발생 시 섭취를 중단하고 전문가와 상담할 것","(국문) 갱년기 남성건강에 도움을 줄 수 있음
(영문) May help to maintain male health in menopause"
제2022-41호,2 (g/일),2 (g/일),g/일,크릴오일(FJH-KO)(제2022-41호),"(1) 영·유아, 어린이, 임산부 및 수유부는 섭취에 주의
(2) 특정질환(알레르기 체질 등)이 있는 분은 섭취에 주의
(3) 이상사례 발생 시 섭취를 중단하고 전문가와 상담할 것
(4) 질환이 있거나 의약품 복용 시 전문가와 상담할 것","(국문)․관절건강에 도움을 줄 수 있음
      ․혈소판 응집억제를 통한 혈행개선에 도움을 줄 수 있음
(영문)․May help to maintain healthy joint
      ․May help to improve blood circulation by inhibiting platelet aggregation"
제2022-42호,300 (mg/일),300 (mg/일),mg/일,현삼추출물(제2022-42호),"(1) 영·유아, 어린이, 임산부 및 수유부는 섭취에 주의할 것
(2) 특정질환(알레르기 체질 등)이 있는 분은 섭취에 주의할 것
(3) 이상사례 발생 시 섭취를 중단하고 전문가와 상담할 것
(4) 천연물 소재의 추출물 섭취 시 있을 수 있는 경미한 소화불량이 있을 수 있음","(국문) 기억력 개선에 도움을 줄 수 있음
(영문) May help to improve memory"
제2022-43호,800 (mg/일),800 (mg/일),mg/일,Lactiplantibacillus plantarum C29 프로바이오틱스와 발효대두분말의 복합물(DW2009)(제2022-43호),"(1) 영·유아, 어린이, 임산부 및 수유부는 섭취에 주의할 것
(2) 특정질환(알레르기 체질, 단장증후군 등)이 있는 분은 섭취에 주의할 것
(3) 이상사례 발생 시 섭취를 중단하고 전문가와 상담할 것
(4) 질환이 있거나 의약품 복용 시 전문가와 상담할 것
(5) 어린이가 함부로 섭취하지 않도록 일일섭취량 방법을 지도할 것","(국문) 노화로 저하된 인지기능 개선에 도움을 줄 수 있음
(영문) May help to improve cognitive function affected by aging"
제2022-45호,"2,000,000,000 (CFU/일)","2,000,000,000 (CFU/일)",CFU/일,Bacillus coagulans Unique IS-2 프로바이오틱스(제2022-45호),"(1) 질환이 있거나 의약품 복용 시 전문가와 상담할 것
(2) 특정질환(알레르기 체질, 단장증후군 등)이 있는 분은 섭취에 주의
(3) 영·유아, 임산부 및 수유부는 섭취에 주의
(4) 어린이가 함부로 섭취하지 않도록 일일 섭취량 방법을 지도할 것
(5) 이상사례 발생 시 섭취를 중단하고 전문가와 상담할 것","(국문) 배변활동 원활에 도움을 줄 수 있음
(영문) May help to improve bowel movements"
제2022-5호,2 (g),2 (g),g,저분자콜라겐펩타이드SH(기능성원료인정제2022-5호),"(1) 영‧유아, 어린이, 임산부 및 수유부는 섭취에 주의할 것 (2) 특정질환(알레르기 체질 등)이 있는 분은 섭취에 주의할 것 (3) 이상사례 발생 시 섭취를 중단하고 전문가와 상담할 것",(국문) 피부 보습에 도움을 줄 수 있음 (영문) May help to moisturize (dry) skin
제2022-6호,2 (g),2 (g),g,저분자콜라겐펩타이드GT(기능성원료인정제2022-6호),"(1) 영‧유아, 어린이, 임산부 및 수유부는 섭취에 주의할 것 (2) 특정질환(알레르기 체질 등)이 있는 분은 섭취에 주의할 것 (3) 이상사례 발생 시 섭취를 중단하고 전문가와 상담할 것",(국문) 피부 보습에 도움을 줄 수 있음 (영문) May help to moisturize (dry) skin
제2022-7호,750 (mg/일),750 (mg/일),mg/일,사삼추출물(제2022-7호),"(1) 영‧유아, 어린이, 임산부 및 수유부는 섭취에 주의할 것
(2) 특정질환(알레르기 체질 등)이 있는 분은 섭취에 주의
(3) 이상사례 발생 시 섭취를 중단하고 전문가와 상담할 것
(4) 식사조절, 운동을 병행하는 것이 체지방 감소에 효과적임","(국문) 체지방 감소에 도움을 줄 수 있음
(영문) May help to reduce body fat"
제2022-8호,1 (g/일),1 (g/일),g/일,발아발효콩추출물(제2022-8호),"(1) 영·유아, 어린이, 임산부 및 수유부는 섭취를 삼가야 함
(2) 특정 질환(알레르기 체질 등)이 있는 사람은 섭취에 주의
(3) 이상사례 발생 시 섭취를 중단하고 전문가와 상담할 것
(4) 에스트로겐 호르몬 또는 대두 이소플라본에 민감한 사람은 섭취에 주의
(5) 메스꺼움 등 소화계통의 불편함을 유발할 수 있음","(국문) 갱년기 여성 건강에 도움을 줄 수 있음
(영문) May help to maintain female health in menopause"
제2023-10호,1 (g/일),1 (g/일),g/일,저분자콜라겐펩타이드 AG(제2023-10호),"(1) 영‧유아, 어린이, 임산부 및 수유부는 섭취를 피할 것
(2) 특정질환(알레르기 체질 등)이 있는 분은 섭취에 주의할 것
(3) 이상사례 발생 시 섭취를 중단하고 전문가와 상담할 것","① 피부 보습에 도움을 줄 수 있음  : 저분자콜라겐펩타이드 AG로서 1 g/일
② 자외선에 의한 피부손상으로부터 피부건강을 유지하는데 도움을 줄 수 있음 : 저분자콜라겐펩타이드 AG로서 1 g/일"
제2023-13호,2 (g/일),1 (g/일),g/일,크릴오일(SuperbaTM Boost)(제2023-13호),"(1) 영·유아, 어린이, 임산부 및 수유부는 섭취에 주의할 것
(2) 특정질환(알레르기 체질 등)이 있는 분은 섭취에 주의할 것 
(3) 이상사례 발생 시 섭취를 중단하고 전문가와 상담할 것
(4) 의약품(항응고제, 항혈소판제 등) 복용 시 전문가와 상담할 것","(국문) 체지방 감소에 도움을 줄 수 있음
(영문) May help to reduce body fat"
제2023-14호,"1,000 (mg/일)","4,000 (mg/일)",mg/일,저분자콜라겐펩타이드(제2023-14호),"(1) 영‧유아, 어린이, 임산부 및 수유부는 섭취를 피할 것
(2) 알레르기 체질 등은 개인에 따라 과민반응을 나타낼 수 있음
(3) 이상사례 발생 시 섭취를 중단하고 전문가와 상담할 것","(국문) ① 피부 보습에 도움을 줄 수 있음
       ② 자외선에 의한 피부손상으로부터 피부건강을 유지하는데 도움을 줄 수 있음
        ③ 관절 건강에 도움을 줄 수 있음
(영문) ① May help to moisturize (dry) skin
        ② May help to maintain good skin health by protecting against damage from UV exposure
        ③ May help to maintain healthy joint"
제2023-16호,"1,000 (mg/일)",500 (mg/일),mg/일,녹용당귀등 복합추출물(제2023-16호),"(1) 성인 남성만 섭취할 것
(2) 특정질환(알레르기 체질 등)이 있는 분은 섭취에 주의할 것
(3) 이상사례 발생 시 섭취를 중단하고 전문가와 상담할 것
(4) 소화불량, 속쓰림 등이 나타날 수 있음
(5) 혈액응고방지제 또는 혈당강하제를 복용하는 분은 섭취에 주의할 것","(국문) 전립선 건강의 유지에 도움을 줄 수 있음
(영문) May help to maintain healthy prostate"
제2023-17호,250 (mg),250 (mg),mg,와사비잎추출물(NCWL01)(제2023-17호),"(1) 영·유아, 어린이, 임산부 및 수유부는 섭취를 피할것
(2) 특정질환(알레르기 체질 등)이 있는 분은 섭취에 주의할 것
(3) 이상사례 발생 시 섭취를 중단하고 전문가와 상담할 것","(국문) 체지방 감소에 도움을 줄 수 있음
(영문) May help to reduce body fat"
제2023-18호,250 (mg),250 (mg),mg,와사비잎추출물(NCWL01)(제2023-18호),"(1) 영·유아, 어린이, 임산부 및 수유부는 섭취를 피할것
(2) 특정질환(알레르기 체질 등)이 있는 분은 섭취에 주의할 것
(3) 이상사례 발생 시 섭취를 중단하고 전문가와 상담할 것","(국문) 체지방 감소에 도움을 줄 수 있음
(영문) May help to reduce body fat"
제2023-19호,"10,000,000,000 (CFU/일)","10,000,000,000 (CFU/일)",CFU/일,L. plantarum LC27과 B. longum LC67의 프로바이오틱스 복합물(NVP-1702)(제2023-19호),"(1) 영·유아, 어린이, 임산부 및 수유부는 섭취를 피할 것
(2) 특정질환(알레르기 체질, 단장증후군 등)이 있는 분은 섭취에 주의할 것 
(3) 이상사례 발생 시 섭취를 중단하고 전문가와 상담할 것
(4) 질환이 있거나 의약품 복용 시 전문가와 상담할 것
(5) 어린이가 함부로 섭취하지 않도록 일일섭취량 방법을 지도할 것","(국문) 비알콜성 간손상으로부터 간 건강에 도움을 줄 수 있음
(영문) May help to liver health by non-alcoholic liver injury"
제2023-1호,200 (mg/일),200 (mg/일),mg/일,에키네시아추출물(제2023-1호),"(1) 영‧유아, 어린이, 임산부, 및 수유부는 섭취 시 전문가와 상담할 것
(2) 특정질환(알레르기 체질 등)이 있는 분은 섭취 시 주의할 것 
(3) 이상사례 발생 시 섭취를 중단하고 전문가와 상담할 것
(4) 8주 이상 연속으로 섭취하지 말 것
(5) 결핵, 백혈병, 교원증, 다발성 경화증, AIDS, HIV 감염 및 자가면역 장애가 있는 경우 섭취를 금지할 것
(6) 면역억제제를 복용할 경우 섭취 전 전문가와 상담할 것","(국문) 면역기능 증진에 도움을 줄 수 있음
(영문) May help to improve immune function"
제2023-20호,480 (mg),480 (mg),mg,새싹보리추출물(RexcliverⓇ)(제2023-20호),"(1) 영·유아, 어린이, 임산부 및 수유부는 섭취를 피할 것
(2) 특정질환(알레르기 체질 등)이 있는 분은 섭취에 주의할 것
(3) 이상사례 발생 시 섭취를 중단하고 전문가와 상담할 것","(국문) 알콜로 인해 증가된 산화적 스트레스로부터 간을 보호하는데 도움을 줄 수 있음 
(영문) May help to protect the liver from increased oxidative stress caused by alcohol"
제2023-21호,6 (g/일),6 (g/일),g/일,저분자유청단백가수분해물(제2023-21호),"(1) 영·유아, 어린이, 임산부 및 수유부는 섭취를 피할 것 
(2) 특정질환(우유 및 유제품에 대한 알레르기 체질 등)이 있는 분은 섭취에 주의
(3) 이상사례 발생 시 섭취를 중단하고 전문가와 상담할 것","(국문) 근력개선에 도움을 줄 수 있음
 (영문) May help to improve muscle strength"
제2023-22호,6 (g/일),6 (g/일),g/일,저분자유청단백가수분해물(제2023-22호),"(1) 영·유아, 어린이, 임산부 및 수유부는 섭취를 피할 것 
(2) 특정질환(우유 및 유제품에 대한 알레르기 체질 등)이 있는 분은 섭취에 주의
(3) 이상사례 발생 시 섭취를 중단하고 전문가와 상담할 것","(국문) 근력개선에 도움을 줄 수 있음
(영문) May help to improve muscle strength"
제2023-23호,500 (mg/일),500 (mg/일),mg/일,참당귀·녹용·황기 복합추출물(제2023-23호),"(1) 영‧유아, 어린이, 임산부 및 수유부는 섭취를 피할 것
(2) 특정질환(알레르기 체질 등)이 있는 분은 섭취에 주의할 것
(3) 이상사례 발생 시 섭취를 중단하고 전문가와 상담할 것
(4) 소화불량, 속쓰림 등이 나타날 수 있음
(4) 혈액응고방지제 또는 혈당강하제를 복용하는 분은 섭취에 주의할 것","(국문) 피로개선에 도움을 줄 수 있음 
(영문) May help to reduce fatigue"
제2023-24호,2 (g/일),2 (g/일),g/일,저분자 피쉬 콜라겐 펩타이드 (Naticol® BPMG)(제2023-24호),"(1) 영‧유아, 어린이, 임산부 및 수유부는 섭취를 피할 것
(2) 특정질환(알레르기 체질 등)이 있는 분은 섭취에 주의할 것
(3) 이상사례 발생 시 섭취를 중단하고 전문가와 상담할 것","(국문) ① 피부 보습에 도움을 줄 수 있음
          ② 자외선에 의한 피부 손상으로부터 피부 건강을 유지하는데 도움을 줄 수 있음
(영문) ① May help to moisturize (dry) skin
          ② May help to maintain good skin health by protecting against damage from UV exposure"
제2023-25호,2 (g/일),2 (g/일),g/일,저분자 피쉬 콜라겐 펩타이드 (Naticol® BPMG)(제2023-25호),"(1) 영‧유아, 어린이, 임산부 및 수유부는 섭취를 피할 것
(2) 특정질환(알레르기 체질 등)이 있는 분은 섭취에 주의할 것
(3) 이상사례 발생 시 섭취를 중단하고 전문가와 상담할 것","(국문) ① 피부 보습에 도움을 줄 수 있음
          ② 자외선에 의한 피부 손상으로부터 피부 건강을 유지하는데 도움을 줄 수 있음
(영문) ① May help to moisturize (dry) skin
          ② May help to maintain good skin health by protecting against damage from UV exposure"
제2023-26호,3 (g/일),3 (g/일),g/일,CaHMB(Calcium β-Hydroxy-β-methylbutyrate)(제2023-26호),"(1) 영·유아, 어린이, 임산부 및 수유부는 섭취를 피할 것
(2) 특정질환(알레르기체질, 고콜레스테롤혈증 등)이 있는 분은 섭취에 주의
(3) 이상사례 발생 시 섭취를 중단하고 전문가와 상담할 것
(4) 질환이 있거나 의약품 복용 시 전문가와 상담할 것","(국문) 운동수행능력 향상에 도움을 줄 수 있음
(영문) May help to improve endurance of exercise performance capability"
제2023-27호,450 (mg/일),450 (mg/일),mg/일,새싹인삼추출분말(제2023-27호),"(1) 당뇨치료제 및 혈액항응고제 복용 시 섭취에 주의 
(2) 영‧유아, 어린이, 임산부 및 수유부는 섭취를 피할 것
(3) 특정질환(알레르기 체질 등)이 있는 분은 섭취에 주의할 것
(4) 이상사례 발생 시 섭취를 중단하고 전문가와 상담할 것","(국문) 기억력 개선에 도움을 줄 수 있음 
(영문) May help to improve memory"
제2023-29호,600 (mg/일),600 (mg/일),mg/일,유청단백지질추출물(제2023-29호),"(1) 임산부 및 수유부는 섭취를 피할 것
(2) 특정질환(알레르기 체질 등)이 있는 분은 섭취에 주의할 것
(3) 이상사례 발생 시 섭취를 중단하고 전문가와 상담할 것","(국문) ① 피부 보습에 도움을 줄 수 있음
       ② 자외선에 의한 피부 손상으로부터 피부 건강을 유지하는데 도움을 줄 수 있음
(영문) ① May help to moisturize (dry) skin
        ② May help to maintain good skin health by protecting against damage from UV exposure"
제2023-2호,"5,000,000,000 (CFU/일)","5,000,000,000 (CFU/일)",CFU/일,Bifidobacterium breve B-3 프로바이오틱스(제2023-2호),"(1) 영·유아, 어린이, 임산부 및 수유부는 섭취를 피할 것
(2) 특정질환(알레르기 체질 등)이 있는 분은 섭취에 주의할 것
(3) 질환이 있거나 의약품 복용 시 전문가와 상담할 것 
(4) 이상사례 발생 시 섭취를 중단하고 전문가와 상담할 것","(국문) ① 체지방 감소에 도움을 줄 수 있음
         ② 노화로 인해 저하된 인지기능 개선에 도움을 줄 수 있음
(영문) ① May help to reduce body fat
        ② May help to improve cognitive function affected by aging"
제2023-30호,600 (mg/일),600 (mg/일),mg/일,유청단백지질추출물(제2023-30호),"(1) 임산부 및 수유부는 섭취를 피할 것
(2) 특정질환(알레르기 체질 등)이 있는 분은 섭취에 주의할 것
(3) 이상사례 발생 시 섭취를 중단하고 전문가와 상담할 것","(국문) ① 피부 보습에 도움을 줄 수 있음
         ② 자외선에 의한 피부 손상으로부터 피부 건강을 유지하는데 도움을 줄 수 있음
(영문) ① May help to moisturize (dry) skin
         ② May help to maintain good skin health by protecting against damage from UV exposure"
제2023-31호,450 (mg/일),450 (mg/일),mg/일,삼백초추출물(LHF618)(제2023-31호),"(1) 영·유아, 어린이, 임산부 및 수유부는 섭취를 피할 것
(2) 특정질환(알레르기 체질 등)이 있는 분은 섭취에 주의할 것
(3) 이상사례 발생 시 섭취를 중단하고 전문가와 상담할 것","(국문) 면역과민반응에 의한 코상태 개선에 도움을 줄 수 있음
(영문) May help to improve nasal condition caused by hypersensitivity reaction"
제2023-33호,2 (g/일),2 (g/일),g/일,저분자콜라겐펩타이드(제2023-33호),"(1) 영‧유아, 어린이, 임산부 및 수유부는 섭취를 피할 것
(2) 특정질환(알레르기 체질 등)이 있는 분은 섭취에 주의할 것
(3) 이상사례 발생 시 섭취를 중단하고 전문가와 상담할 것","(국문) ① 피부 보습에 도움을 줄 수 있음
          ② 자외선에 의한 피부 손상으로부터 피부 건강을 유지하는데 도움을 줄 수 있음
(영문) ① May help to maintain skin moisturizing
          ② May help to maintain skin health from skin damage by UV radiation"
제2023-34호,"1,000,000,000 (CFU/일)","1,000,000,000 (CFU/일)",CFU/일,Bacillus coagulans SNZ 1969 프로바이오틱스(제2023-34호),"(1) 영·유아, 임산부 및 수유부는 섭취를 피할 것
(2) 특정질환(알레르기 체질 등)이 있는 분은 섭취에 주의할 것
(3) 어린이가 함부로 섭취하지 않도록 일일 섭취량 방법을 지도할 것
(4) 질환이 있거나 의약품 복용 시 전문가와 상담할 것
(5) 이상사례 발생 시 섭취를 중단하고 전문가와 상담할 것","(국문) 배변활동 원활에 도움을 줄 수 있음
(영문) May help to improve bowel movements"
제2023-35호,600 (mg/일),600 (mg/일),mg/일,난각막분말(DEMⓇ)(제2023-35호),"(1) 영·유아, 어린이, 임산부 및 수유부는 섭취를 피할 것
(2) 특정질환(알레르기 체질 등)이 있는 분은 섭취에 주의할 것
(3) 이상사례 발생 시 섭취를 중단하고 전문가와 상담할 것","(국문) ① 피부 보습에 도움을 줄 수 있음, ② 자외선에 의한 피부 손상으로부터 피부 건강을 유지하는데 도움을 줄 수 있음, ③ 관절 건강에 도움을 줄 수 있음
(영문) ① May help to moisturize (dry) skin, ② May help to maintain good skin health by protecting against damage from UV exposure, ③ May help to maintain healthy joint"
제2023-36호,400 (mg/일),400 (mg/일),mg/일,다이크로스타키스 글로메라타 추출물(Dyglomera®)(제2023-36호),"(1) 영·유아, 어린이, 임산부 및 수유부는 섭취를 피할 것
(2) 특정질환(알레르기 체질 등)이 있는 분은 섭취에 주의
(3) 이상사례 발생 시 섭취를 중단하고 전문가와 상담할 것","(국문) 체지방 감소에 도움을 줄 수 있음
(영문) May help to reduce body fat"
제2023-38호,300 (mg/일),300 (mg/일),mg/일,락토페린LF300(우유유래정제단백질)(제2023-38호),"(1) 임산부 및 수유부는 섭취를 피할 것
(2) 특정질환(우유 및 유제품에 대한 알레르기 체질 등)이 있는 분은 섭취에 주의할 것
(3) 이상사례 발생 시 섭취를 중단하고 전문가와 상담할 것","(국문) 면역기능 증진에 도움을 줄 수 있음
(영문) May help to improve immune function"
제2023-39호,"1,000 (mg/일)","1,000 (mg/일)",mg/일,발효굴추출물(FSO)(제2023-39호),"(1) 영·유아, 어린이, 임산부 및 수유부는 섭취를 피할 것
(2) 특정질환(알레르기 체질 등)이 있는 분은 섭취에 주의
(3) 이상사례 발생 시 섭취를 중단하고 전문가와 상담할 것 
(4) 질환이 있거나 의약품 복용 시 섭취 전 전문가와 상담할 것","(국문) 근력개선에 도움을 줄 수 있음
(영문) May help to improve muscle strength"
제2023-3호,600 (mg/일),600 (mg/일),mg/일,단삼주정추출분말(제2023-3호),"(1) 어린이, 임산부 및 수유부는 섭취에 주의할 것
(2) 에스트로겐 호르몬에 민감한 사람은 섭취에 주의할 것
(3) 특정질환(알레르기 체질 등)이 있는 분은 섭취에 주의할 것
(4) 이상사례 발생 시 섭취를 중단하고 전문가와 상담할 것
(5) 의약품(항응고제 등)과 복용 시 섭취에 주의할 것","(국문) 갱년기 여성건강에 도움을 줄 수 있음
(영문) May help to maintain female health in menopause"
제2023-41호,"1,000 (mg/일)","1,000 (mg/일)",mg/일,발효굴추출물(FSO)(제2023-41호),"(1) 영·유아, 어린이, 임산부 및 수유부는 섭취를 피할 것
(2) 특정질환(알레르기 체질 등)이 있는 분은 섭취에 주의
(3) 이상사례 발생 시 섭취를 중단하고 전문가와 상담할 것 
(4) 질환이 있거나 의약품 복용 시 섭취 전 전문가와 상담할 것","(국문) 근력개선에 도움을 줄 수 있음
(영문) May help to improve muscle strength"
제2023-43호,1 (g/일),1 (g/일),g/일,참나리추출분말(제2023-43호),"(1) 영·유아, 어린이, 임산부 및 수유부는 섭취를 피할 것
(2) 특정질환(알레르기 체질 등)이 있는 분은 섭취에 주의
(3) 이상사례 발생 시 섭취를 중단하고 전문가와 상담할 것
사용부위 : 비늘줄기(건조)","(국문) 관절건강에 도움을 줄 수 있음
(영문) May help to maintain healthy joint"
제2023-44호,100 (mg/일),100 (mg/일),mg/일,당귤농축분말(ROCH)(제2023-44호),"(1) 영·유아, 어린이, 임산부 및 수유부는 섭취를 피할 것
(2) 특정질환(알레르기 체질 등)이 있는 분은 섭취에 주의할 것
(3) 이상사례 발생 시 섭취를 중단하고 전문가와 상담할 것","(국문)
  ① 피부 보습에 도움을 줄 수 있음
  ② 자외선에 의한 피부 손상으로부터 피부 건강을 유지하는데 도움을 줄 수 있음
(영문)
  ① May help to moisturize (dry) skin
  ② May help to maintain good skin health by protecting against damage from UV exposure"
제2023-5호,250 (mg/일),250 (mg/일),mg/일,강황추출물(제2023-5호),"(1) 영·유아, 어린이, 임산부 및 수유부는 섭취를 피할 것 
(2) 특정질환(알레르기 체질 등)이 있는 분은 섭취에 주의
(3) 이상사례 발생 시 섭취를 중단하고 전문가와 상담할 것 
(4) 제안된 섭취량 이상 섭취 시 소화불량, 위장장애, 메스꺼움, 위산역류 등이 있을 수 있음
(5) 질환이 있거나 의약품 복용 시 전문가와 상담할 것
(6) 수술 전후에는 섭취에 주의","(국문) 근력개선에 도움을 줄 수 있음
(영문) May help to improve muscle strength"
제2023-6호,500 (mg/일),500 (mg/일),mg/일,양춘사추출물(제2023-6호),"(1) 영·유아, 어린이, 임산부 및 수유부는 섭취를 피할 것
(2) 특정질환(알레르기 체질 등)이 있는 분은 섭취에 주의할 것 
(3) 이상사례 발생 시 섭취를 중단하고 전문가와 상담할 것","(국문) 체지방 감소에 도움을 줄 수 있음
(영문) May help to reduce body fat"
제2023-7호,1 (g/일),1 (g/일),g/일,옥수수수염·레몬밤추출복합물(CL-5MoA)(제2023-7호),"(1) 영·유아, 어린이, 임산부 및 수유부는 섭취를 피할 것
(2) 특정질환(알레르기 체질 등)이 있는 분은 섭취에 주의할 것 
(3) 이상사례 발생 시 섭취를 중단하고 전문가와 상담할 것
(4) 의약품(항당뇨제, 수면유도제, 갑상선호르몬제, 중추신경억제제)을 복용하시는 분은 섭취 전 전문의와 상담할 것","(국문) 체지방 감소에 도움을 줄 수 있음
(영문) May help to reduce body fat"
제2023-8호,1 (g/일),1 (g/일),g/일,옥수수수염·레몬밤추출복합물(CL-5MoA)(제2023-8호),"(1) 영·유아, 어린이, 임산부 및 수유부는 섭취를 피할 것
(2) 특정질환(알레르기 체질 등)이 있는 분은 섭취에 주의할 것 
(3) 이상사례 발생 시 섭취를 중단하고 전문가와 상담할 것
(4) 의약품(항당뇨제, 수면유도제, 갑상선호르몬제, 중추신경억제제)을 복용하시는 분은 섭취 전 전문의와 상담할 것","(국문) 체지방 감소에 도움을 줄 수 있음
(영문) May help to reduce body fat"
제2023-9호,400 (mg/일),400 (mg/일),mg/일,다이크로스타키스 글로메라타 추출물(DyglomeraⓇ)(제2023-9호),"(1) 영·유아, 어린이, 임산부 및 수유부는 섭취를 피할 것
(2) 특정질환(알레르기 체질 등)이 있는 분은 섭취에 주의
(3) 이상사례 발생 시 섭취를 중단하고 전문가와 상담할 것","(국문) 체지방 감소에 도움을 줄 수 있음
(영문) May help to reduce body fat"
제2024-10호,686 (mg/일),686 (mg/일),mg/일,목천료추출분말(제2024-10호),"(1) 영·유아, 어린이, 임산부 및 수유부는 섭취를 피할 것
(2) 특정질환(알레르기 체질 등)이 있는 분은 섭취에 주의할 것 
(3) 이상사례 발생 시 섭취를 중단하고 전문가와 상담할 것","(국문) ① 피부 보습에 도움을 줄 수 있음, ② 자외선에 의한 피부 손상으로부터 피부 건강을 유지하는데 도움을 줄 수 있음
(영문) ① May help to moisturize (dry) skin, ② May help to maintain good skin health by protecting against damage from UV exposure"
제2024-12호,250 (mg/일),250 (mg/일),mg/일,타마린드강황주정추출복합물(TamaFlexⓇ)(제2024-12호),"(1) 영·유아, 어린이, 임산부 및 수유부는 섭취를 피할 것 
(2) 특정질환(알레르기 체질 등)이 있는 분은 섭취에 주의
(3) 이상사례 발생 시 섭취를 중단하고 전문가와 상담할 것 
(4) 질환이 있거나 의약품 복용 시 전문가와 상담할 것
(5) 수술 전후에는 섭취에 주의할 것
(6) 제안된 섭취량 이상 섭취 시 소화불량, 위장장애, 메스꺼움, 위산역류 등이 있을 수 있음","(국문) 관절 및 연골 건강에 도움을 줄 수 있음
(영문) May help to maintain joint and cartilage health"
제2024-13호,253 (mg/일),253 (mg/일),mg/일,오미자·두충·구기자추출복합물(제2024-13호),"(1) 영유아, 어린이, 임산부 및 수유부는 섭취를 피할 것
(2) 특정질환(알레르기 체질 등)이 있는 분은 섭취시 주의할 것
(3) 이상사례 발생 시 섭취를 중단하고 전문가와 상담할 것
(4) 의약품(항응고제 등)과 복용 시 섭취에 주의","(국문) 뼈 건강에 도움을 줄 수 있음
(영문) May help to maintain healthy bone"
제2024-14호,100 (mg/일),100 (mg/일),mg/일,파비플로라생강뿌리추출물(제2024-14호),"(1) 영·유아, 어린이, 청소년, 임산부 및 수유부는 섭취를 피할 것
(2) 특정질환(알레르기 체질 등)이 있는 분은 섭취에 주의
(3) 이상사례 발생 시 섭취를 중단하고 전문가와 상담할 것
(4) 의약품을 복용하는 자는 섭취 전 전문의와 상담할 것","(국문) 체지방 감소에 도움을 줄 수 있음
(영문) May help to reduce body fat"
제2024-15호,500 (mg/일),500 (mg/일),mg/일,보스웰리아추출물(제2024-15호),"(1) 영·유아, 어린이, 임산부 및 수유부는 섭취를 피할 것
(2) 특정질환(알레르기 체질 등)이 있는 분은 섭취에 주의
(3) 이상사례 발생 시 섭취를 중단하고 전문가와 상담할 것","(국문) 관절건강에 도움을 줄 수 있음
(영문) May help to maintain healthy joint"
제2024-16호,300 (mg/일),300 (mg/일),mg/일,기장밀추출복합물(KeranatTM)(제2024-16호),"(1) 영·유아, 어린이, 임산부 및 수유부는 섭취를 피할 것
(2) 특정질환(알레르기 체질 등)이 있는 분은 섭취에 주의
(3) 이상사례 발생 시 섭취를 중단하고 전문가와 상담할 것","(국문) 모발상태(윤기·탄력) 개선에 도움을 줄 수 있음
(영문) May help to improve hair condition (luster·elasticity)"
제2024-17호,4 (mg/일),4 (mg/일),mg/일,루바브뿌리추출물(ERr731Ⓡ)(제2024-17호),"(1) 영·유아, 어린이, 임산부 및 수유부는 섭취를 피할 것
(2) 에스트로겐 호르몬에 민감한 사람은 섭취에 주의할 것
(3) 메스꺼움 등 소화계통의 불편함과 설사를 유발할 수 있음
(4) 알레르기 체질이거나 특정 질환이 있는 사람은 섭취 전 전문가와 상담할 것
(5) 이상사례 발생 시 섭취를 중단하고 전문가와 상담할 것","(국문) 갱년기 여성 건강에 도움을 줄 수 있음
(영문) May help to maintain female health in menopause"
제2024-18호,1 (g/일),1 (g/일),g/일,팔밋올레산 함유 명태(알래스카폴락)유래 정제어유(제2024-18호),"(1) 영·유아, 어린이, 임산부 및 수유부는 섭취를 피할 것
(2) 특정질환(알레르기 체질 등)이 있는 분은 섭취에 주의할 것 
(3) 이상사례 발생 시 섭취를 중단하고 전문가와 상담할 것","(국문) ① 피부 보습에 도움을 줄 수 있음, ② 자외선에 의한 피부 손상으로부터 피부 건강을 유지하는데 도움을 줄 수 있음
(영문) ① May help to moisturize (dry) skin, ② May help to maintain good skin health by protecting against damage from UV exposure"
제2024-19호,500 (mg/일),500 (mg/일),mg/일,천마추출물(제2024-19호),"(1) 영유아, 어린이, 임산부 및 수유부는 섭취를 피할 것
(2) 특정질환(알레르기 체질 등)이 있는 분은 섭취시 주의할 것
(3) 이상사례 발생 시 섭취를 중단하고 전문가와 상담할 것","(국문) · 노화로 인해 저하된 인지기능 개선에 도움을 줄 수 있음
· 기억력 개선에 도움을 줄 수 있음
(영문) · May help to improve cognitive function affected by aging
· May help to improve memory"
제2024-20호,23 (mg/일),23 (mg/일),mg/일,홍삼(제2024-20호),"(1) 당뇨치료제 및 혈액항응고제 복용 시 섭취에 주의
(2) 알레르기 체질 등은 개인에 따라 과민반응을 나타낼 수 있음
(3) 이상사례 발생 시 섭취를 중단하고 전문가와 상담할 것","(국문) 혈당조절에 도움을 줄 수 있음
(영문) May help to maintain healthy blood glucose levels"
제2024-21호,240 (mg/일),240 (mg/일),mg/일,황해쑥추출분말(제2024-21호),"(1) 영·유아, 어린이, 임산부 및 수유부는 섭취를 피할 것 
(2) 특정질환(알레르기 체질 등)이 있는 분은 섭취에 주의
(3) 이상사례 발생 시 섭취를 중단하고 전문가와 상담할 것 
(4) 위염치료제 등 의약품을 복용하시는 분은 섭취 전 전문가와 상담할 것","(국문) 위 점막을 보호하여 위 건강에 도움을 줄 수 있음
(영문) May help to maintain healthy stomach by protecting gastric mucosa"
제2024-22호,2 (g/일),2 (g/일),g/일,나한과박추출분말(DKB131)(제2024-22호),"(1) 영·유아, 어린이, 임산부 및 수유부는 섭취를 피할 것
(2) 특정질환(알레르기 체질 등)이 있는 분은 섭취에 주의할 것
(3) 이상사례 발생 시 섭취를 중단하고 전문가와 상담할 것","(국문) 관절 건강에 도움을 줄 수 있음
(영문) May help to maintain healthy joint"
제2024-23호,500 (mg/일),500 (mg/일),mg/일,배초향·고지베리·무화과복합추출물(제2024-23호),"(1) 영유아, 어린이, 임산부 및 수유부는 섭취를 피할 것
(2) 특정질환(알레르기 체질 등)이 있는 분은 섭취 시 주의할 것
(3) 이상사례 발생 시 섭취를 중단하고 전문가와 상담할 것","(국문) ① 피부 보습에 도움을 줄 수 있음, ② 자외선에 의해 손상된 피부 건강 유지에 도움을 줄 수 있음
(영문) ① May help to maintain skin moisturizing, ② May help to maintain skin health from skin damage by UV radiation"
제2024-25호,12 (mg/일),12 (mg/일),mg/일,마리골드꽃추출물(지아잔틴함유)(제2024-25호),「건강기능식품의 기준 및 규격」제3.2.2-26 마리골드꽃추출물에 따름,「건강기능식품의 기준 및 규격」제3.2.2-26 마리골드꽃추출물에 따름
제2024-26호,500 (mg/일),500 (mg/일),mg/일,유산균발효굴추출물(FGO)(제2024-26호),"(1) 임산부 및 수유부는 섭취를 피할 것
(2) 특정원료에 알레르기가 있거나 장기간 또는 의약품 복용시 전문가와 상담할 것
(3) 이상사례 발생 시 섭취를 중단하고 전문가와 상담할 것 
(4) 키 성장에는 충분한 영양섭취, 적절한 수면, 건강한 생활습관·운동을 병행하여야 함","(국문) 어린이 키성장에 도움을 줄 수 있음
(영문) May help to children grow taller"
제2024-27호,500 (mg/일),500 (mg/일),mg/일,유산균발효굴추출물(FGO)(제2024-27호),"(1) 임산부 및 수유부는 섭취를 피할 것
(2) 특정원료에 알레르기가 있거나 장기간 또는 의약품 복용시 전문가와 상담할 것
(3) 이상사례 발생 시 섭취를 중단하고 전문가와 상담할 것 
(4) 키 성장에는 충분한 영양섭취, 적절한 수면, 건강한 생활습관·운동을 병행하여야 함","(국문) 어린이 키성장에 도움을 줄 수 있음
(영문) May help to children grow taller"
제2024-28호,600 (mg/일),600 (mg/일),mg/일,참당귀황기추출복합물(SHPro®)(제2024-28호),"(1) 성인 남성만 섭취할 것
(2) 특정질환(알레르기 체질)이 있는 분은 섭취에 주의할 것
(3) 이상사례 발생 시 섭취를 중단하고 전문가와 상담할 것
(4) 혈액응고방지제 또는 혈당강하제를 복용하는 분은 섭취에 주의할 것","(국문) 전립선 건강의 유지에 도움을 줄 수 있음
(영문) May help to maintain healthy prostate"
제2024-29호,10 (g/일),10 (g/일),g/일,저분자유청펩타이드(제2024-29호),"(1) 영·유아, 어린이, 임산부 및 수유부는 섭취를 피할 것
(2) 특정질환(우유 및 유제품에 대한 알레르기 체질 등)이 있는 분은 섭취에 주의할 것
(3) 이상사례 발생 시 섭취를 중단하고 전문가와 상담할 것","(국문) · 노화로 인해 감소될 수 있는 근력 유지에 도움을 줄 수 있음
         · 근력운동과 병행 시 체지방 감소에 도움을 줄 수 있음
(영문) · May help to maintain muscle strength which can be affected by aging
         ․May help to reduce body fat by combining with muscle strength exercise"
제2024-2호,480 (mg/일),480 (mg/일),mg/일,녹용효소분해추출물(HENKIVⓇ)(제2024-2호),"(1) 영·유아, 어린이, 임산부 및 수유부는 섭취를 피할 것 
(2) 특정질환(알레르기 체질 등)이 있는 분은 섭취에 주의
(3) 이상사례 발생 시 섭취를 중단하고 전문가와 상담할 것 
(4) 호르몬제 등 의약품 복용 시 전문가와 상담할 것","(국문) 면역기능 증진에 도움을 줄 수 있음
(영문) May help to improve immune function"
제2024-30호,125 (mg/일),125 (mg/일),mg/일,아쉬아간다추출물(Sensoril®)(제2024-30호),"(1) 영·유아, 어린이, 임산부 및 수유부는 섭취를 피할 것
(2) 특정질환(알레르기 체질 등)이 있는 분은 섭취에 주의할 것
(3) 이상사례 발생 시 섭취를 중단하고 전문가와 상담할 것
(4) 졸음을 유발하는 약물(신경 안정제 등)과 병용섭취하지 말 것","(국문) 스트레스로 인한 긴장완화에 도움을 줄 수 있음
(영문) May help to relieve stress"
제2024-33호,400 (mg/일),400 (mg/일),mg/일,홍삼추출효소처리분말(제2024-33호),"(1) 영·유아, 어린이, 임산부 및 수유부는 섭취를 피할 것
(2) 특정질환(알레르기 체질 등)이 있는 분은 섭취에 주의할 것
(3) 이상사례 발생 시 섭취를 중단하고 전문가와 상담할 것
(4) 당뇨치료제 및 혈액항응고제 복용시 섭취에 주의할 것","(국문) 혈압조절에 도움을 줄 수 있음
(영문) May help to regulate blood pressure"
제2024-34호,4 (g/일),2 (g/일),g/일,저분자콜라겐펩타이드(제2024-34호),"(1) 영·유아, 어린이, 임산부 및 수유부는 섭취를 피할 것
(2) 특정질환(알레르기 체질 등)이 있는 분은 섭취에 주의할 것
(3) 이상사례 발생 시 섭취를 중단하고 전문가와 상담할 것","(국문) ① 피부 보습에 도움을 줄 수 있음, ② 자외선에 의한 피부 손상으로부터 피부 건강을 유지하는데 도움을 줄 수 있음
(영문) ① May help to maintain skin moisturizing, ② May help to maintain skin health from skin damage by UV radiation"
제2024-35호,4 (g/일),2 (g/일),g/일,저분자콜라겐펩타이드(제2024-35호),"(1) 영·유아, 어린이, 임산부 및 수유부는 섭취를 피할 것
(2) 특정질환(알레르기 체질 등)이 있는 분은 섭취에 주의할 것
(3) 이상사례 발생 시 섭취를 중단하고 전문가와 상담할 것","(국문) ① 피부 보습에 도움을 줄 수 있음
② 자외선에 의한 피부 손상으로부터 피부 건강을 유지하는데 도움을 줄 수 있음
(영문) ① May help to maintain skin moisturizing
② May help to maintain skin health from skin damage by UV radiation"
제2024-36호,"1,800 (mg/일)","1,800 (mg/일)",mg/일,산딸기·왕느릅나무·치자추출복합물(제2024-36호),"(1) 영유아, 어린이, 임산부 및 수유부는 섭취를 피할 것
(2) 특정질환(알레르기 체질 등)이 있는 분은 섭취에 주의할 것
(3) 이상사례 발생 시 섭취를 중단하고 전문가와 상담할 것","(국문) 위 점막을 보호하여 위 건강에 도움을 줄 수 있음
(영문) May help to maintain healthy stomach by protecting gastric mucosa"
제2024-37호,500 (mg/일),500 (mg/일),mg/일,털부처꽃추출물(제2024-37호),"(1) 영·유아, 어린이, 임산부 및 수유부는 섭취를 피할 것
(2) 특정질환(알레르기 체질 등)이 있는 분은 섭취에 주의할 것
(3) 이상사례 발생 시 섭취를 중단하고 전문가와 상담할 것","(국문) 체지방 감소에 도움을 줄 수 있음
(영문) May help to reduce body fat"
제2024-38호,1 (g/일),1 (g/일),g/일,유산균발효대두분말(제2024-38호),"(1) 영·유아, 어린이, 임산부 및 수유부는 섭취를 피할 것
(2) 특정질환(알레르기(대두) 체질, 단장증후군 등)이 있는 분은 섭취에 주의할 것
(3) 이상사례 발생 시 섭취를 중단하고 전문가와 상담할 것
(4) 에스트로겐 호르몬에 민감한 사람은 섭취에 주의할 것","(국문) 위 점막을 보호하여 위 건강에 도움을 줄 수 있음
(영문) May help to maintain healthy stomach by protecting gastric mucosa"
제2024-3호,200 (mg/일),200 (mg/일),mg/일,에키네시아추출물(제2024-3호),"(1) 영‧유아, 어린이, 임산부, 및 수유부는 섭취 시 전문가와 상담할 것
(2) 특정질환(알레르기 체질 등)이 있는 분은 섭취 시 주의할 것 
(3) 이상사례 발생 시 섭취를 중단하고 전문가와 상담할 것
(4) 8주 이상 연속으로 섭취하지 말 것
(5) 결핵, 백혈병, 교원증, 다발성 경화증, AIDS, HIV 감염 및 자가면역 장애가 있는 경우 섭취를 금지할 것
(6) 면역억제제를 복용할 경우 섭취 전 전문가와 상담할 것","(국문) 면역기능 증진에 도움을 줄 수 있음
(영문) May help to improve immune function"
제2024-40호,600 (mg/일),600 (mg/일),mg/일,황칠나무잎·줄기추출물(제2024-40호),"(1) 영유아, 어린이, 임산부 및 수유부는 섭취를 피할 것
(2) 특정질환(알레르기 체질 등)이 있는 분은 섭취시 주의할 것
(3) 이상사례 발생 시 섭취를 중단하고 전문가와 상담할 것","(국문) 노화로 인해 저하된 인지기능 개선에 도움을 줄 수 있음
(영문) May help to improve cognitive function affected by aging"
제2024-4호,1 (g/일),1 (g/일),g/일,풋사과 농축분말(APPLOZIN®)(제2024-4호),"(1) 영·유아, 어린이, 임산부 및 수유부는 섭취를 피할 것 
(2) 특정질환(알레르기 체질 등)이 있는 분은 섭취에 주의할 것
(3) 이상사례 발생 시 섭취를 중단하고 전문가와 상담할 것","(국문) ① 피부 보습에 도움을 줄 수 있음, ② 자외선에 의한 피부손상으로부터 피부건강 유지에 도움을 줄 수 있음
(영문) ① May help to maintain skin moisturizing, ② May help to maintain skin health from skin damage by UV radiation"
제2024-6호,715 (mg/일),715 (mg/일),mg/일,백편두추출분말(NOVAponinⓇ)(제2024-6호),"(1) 임산부 및 수유부는 섭취를 피할 것
(2) 특정질환(알레르기 체질 등)이 있는 분은 섭취에 주의할 것
(3) 이상사례 발생 시 섭취를 중단하고 전문가와 상담할 것","(국문) 위 점막을 보호하여 위 건강에 도움을 줄 수 있음
(영문) May help to maintain healthy stomach by protecting gastric mucosa"
제2024-8호,200 (mg/일),200 (mg/일),mg/일,영지버섯균사체추출분말(제2024-8호),"(1) 영‧유아, 어린이, 임산부, 및 수유부는 섭취를 피할 것
(2) 특정질환(알레르기 체질 등)이 있는 분은 섭취 시 주의할 것 
(3) 이상사례 발생 시 섭취를 중단하고 전문가와 상담할 것
(4) 의약품(당뇨병 치료제, 항응고제, 항혈소판제 등) 복용 시 전문가와 상담할 것","(국문) 면역기능 증진에 도움을 줄 수 있음
(영문) May help to improve immune function"
제2024-9호,500 (mg/일),500 (mg/일),mg/일,난각막가수분해물(NEM®)(제2024-9호),"(1) 영·유아, 어린이, 임산부 및 수유부는 섭취를 피할 것
(2) 특정질환(계란에 대한 특이체질, 알레르기 체질 등)이 있는 분은 섭취에 주의할 것 
(3) 이상사례 발생 시 섭취를 중단하고 전문가와 상담할 것","(국문) 관절 및 연골 건강에 도움을 줄 수 있음
(영문) May help to maintain joint and cartilage health"
제2025-10호,30 (mg/일),30 (mg/일),mg/일,밀배유추출물(제2025-10호),"(1) 영·유아, 어린이, 임산부 및 수유부는 섭취를 피할 것
(2) 특정질환(알레르기 체질 등)이 있는 분은 섭취에 주의할 것
(3) 이상사례 발생 시 섭취를 중단하고 전문가와 상담할 것","(국문)
① 자외선에 의한 피부 손상으로부터 피부 건강을 유지하는데 도움을 줄 수 있음
② 피부 보습에 도움을 줄 수 있음
(영문)
① May help to maintain skin health from skin damage by UV radiation
② May help to maintain skin moisturizing"
제2025-12호,500 (mg/일),500 (mg/일),mg/일,헛개나무과병·오미자박추출복합물(제2025-12호),"(1) 영유아, 어린이, 임산부 및 수유부는 섭취를 피할 것
(2) 특정질환(알레르기 체질 등)이 있는 분은 섭취에 주의할 것
(3) 이상사례 발생 시 섭취를 중단하고 전문가와 상담할 것","(국문) 간 건강에 도움을 줄 수 있음
(영문) May help to protect liver"
제2025-13호,388 (mg/일),388 (mg/일),mg/일,프로폴리스망고스틴껍질복합물(제2025-13호),"(1) 영유아, 어린이, 임산부 및 수유부는 섭취를 피할 것
(2) 특정질환(알레르기 체질 등)이 있는 분은 섭취에 주의할 것
(3) 이상사례 발생 시 섭취를 중단하고 전문가와 상담할 것
(4) 의약품(항응고제, 항혈소판제 등) 복용 시 전문가와 상담할 것","(국문) 잇몸상태 완화에 도움을 줄 수 있음
(영문) May help to relieve gum’s condition"
제2025-15호,"10,000,000,000 (CFU/일)","10,000,000,000 (CFU/일)",CFU/일,L. mucosae NK41과 B. longum NK46의 프로바이오틱스 복합물(NVP-2106)(제2025-15호),"(1) 영·유아, 임산부 및 수유부는 섭취를 피할 것
(2) 특정질환(알레르기 체질, 단장증후군 등)이 있거나 의약품 복용 시 전문가와 상담할 것
(3) 어린이가 함부로 섭취하지 않도록 일일섭취량 방법을 지도할 것
(4) 이상사례 발생 시 섭취를 중단하고 전문가와 상담할 것
(5) 과다 섭취하지 말 것","(국문) 노화로 인해 저하된 인지기능 개선에 도움을 줄 수 있음
(영문) May help to improve cognitive function affected by aging"
제2025-16호,400 (mg/일),400 (mg/일),mg/일,단삼주정추출분말(SAGX)(제2025-16호),"(1) 성인 남성만 섭취할 것
(2) 특정질환(알레르기 체질 등)이 있는 분은 섭취에 주의할 것
(3) 이상사례 발생 시 섭취를 중단하고 전문가와 상담할 것
(3) 의약품(항응고제 등)과 복용 시 섭취에 주의할 것","(국문) 전립선 건강의 유지에 도움을 줄 수 있음
(영문) May help to maintain healthy prostate"
제2025-18호,500 (mg/일),500 (mg/일),mg/일,헛개나무과병·오미자박추출복합물(제2025-18호),"(1) 영유아, 어린이, 임산부 및 수유부는 섭취를 피할 것
(2) 특정질환(알레르기 체질 등)이 있는 분은 섭취에 주의할 것
(3) 이상사례 발생 시 섭취를 중단하고 전문가와 상담할 것","(국문) 간 건강에 도움을 줄 수 있음
(영문) May help to protect liver"
제2025-19호,20 (mg/일),20 (mg/일),mg/일,사탕수수왁스알코올(폴리코사놀)(제2025-19호),"(1) 영유아, 어린이, 임산부 및 수유부는 섭취를 피할 것
(2) 특정질환(알레르기 체질 등)이 있는 분은 섭취에 주의할 것
(3) 이상사례 발생 시 섭취를 중단하고 전문가와 상담할 것
(4) 심혈관약 등 복용, 혈액응고장애가 있거나 수술예정인 사람은 전문가와 상담할","(국문) 혈중 콜레스테롤 개선에 도움을 줄 수 있음
(영문) May help to improve cholesterol levels in the blood"
제2025-1호,980 (mg/일),980 (mg/일),mg/일,프로바이오틱스(Lactiplantibacillus plantarum KC3)·익모초추출복합물(CKDB-315)(제2025-1호),"(1) 영·유아, 임산부 및 수유부는 섭취를 피할 것
(2) 특정 질환(알레르기 체질, 단장 증후군 등)이 있거나 의약품 복용 시 전문가와 상담할 것
(3) 이상사례 발생 시 섭취를 중단하고 전문가와 상담할 것
(4) 어린이가 함부로 섭취하지 않도록 일일섭취량 방법을 지도할 것","(국문) 기관·기관지 상태(기침·가래 등) 개선에 도움을 줄 수 있음
(영문) May help to improve trachea·bronchi condition (cough·sputum etc)"
제2025-20호,"1,667 (mg/일)","1,667 (mg/일)",mg/일,대두배아유산균발효물(SE5-OH)(제2025-20호),"(1) 영유아, 어린이, 임산부 및 수유부는 섭취를 피할 것
(2) 특정질환(알레르기 체질 등)이 있는 분은 섭취시 주의할 것
(3) 이상사례 발생 시 섭취를 중단하고 전문가와 상담할 것
(4) 에스트로겐 호르몬에 민감한 사람은 섭취 시 주의할 것","(국문) 갱년기 여성 건강에 도움을 줄 수 있음
(영문) May help to maintain female health in menopause"
제2025-22호,10 (mL/일),10 (mL/일),mL/일,골드키위유산균발효물(Kiwibiotics®)(제2025-22호),"(1) 영·유아, 어린이, 임산부 및 수유부는 섭취를 피할 것
(2) 특정질환(알레르기 체질, 단장 증후군 등)이 있는 분은 섭취에 주의할 것
(3) 이상사례 발생 시 섭취를 중단하고 전문가와 상담할 것 
(4) 과다 섭취하지 말 것","(국문) 위 점막을 보호하여 위 건강에 도움을 줄 수 있음
(영문) May help to maintain healthy stomach by protecting gastric mucosa"
제2025-23호,300 (mg/일),300 (mg/일),mg/일,덖음귤피추출분말(JRC)(제2025-23호),"(1) 영유아, 어린이, 임산부 및 수유부는 섭취를 피할 것
(2) 특정질환(알레르기 체질 등)이 있는 분은 섭취에 주의할 것
(3) 이상사례 발생 시 섭취를 중단하고 전문가와 상담할 것
(4) 항응고제 또는 혈압조절제를 복용하거나 혈압이 낮은 경우 전문가와 상담할 것","(국문) 체지방 감소에 도움을 줄 수 있음
(영문) May help to reduce body fat"
제2025-24호,300 (mg/일),300 (mg/일),mg/일,덖음귤피추출분말(JRC)(제2025-24호),"(1) 영유아, 어린이, 임산부 및 수유부는 섭취를 피할 것
(2) 특정질환(알레르기 체질 등)이 있는 분은 섭취에 주의할 것
(3) 이상사례 발생 시 섭취를 중단하고 전문가와 상담할 것
(4) 항응고제 또는 혈압조절제를 복용하거나 혈압이 낮은 경우 전문가와 상담할 것","(국문) 체지방 감소에 도움을 줄 수 있음
(영문) May help to reduce body fat"
제2025-25호,400 (mg/일),400 (mg/일),mg/일,모로오렌지추출분말(Morosil®)(제2025-25호),"(1) 영·유아, 어린이, 임산부 및 수유부는 섭취를 피할 것
(2) 특정 질환(알러지 체질 등)이 있는 분은 섭취에 주의할 것
(3) 이상사례 발생 시 섭취를 중단하고 전문가와 상담할 것
(4) 식사조절, 운동을 병행하는 것이 체지방 감소에 효과적임","(국문) 체지방 감소에 도움을 줄 수 있음
(영문) May help to reduce body fat"
제2025-26호,300 (mg/일),300 (mg/일),mg/일,라임과피추출물(제2025-26호),"(1) 영유아, 어린이, 임산부 및 수유부는 섭취를 피할 것
(2) 특정질환(알레르기 체질 등)이 있는 분은 섭취에 주의할 것
(3) 이상사례 발생 시 섭취를 중단하고 전문가와 상담할 것
(4) 졸음을 유발하는 약물(신경 안정제 등)과 병용섭취하지 말 것","(국문) 수면의 질 개선에 도움을 줄 수 있음
(영문) May help to improve sleep quality"
제2025-28호,500 (mg/일),500 (mg/일),mg/일,녹각효소분해추출물HP(NP-2007)(제2025-28호),"(1) 영유아, 어린이, 임산부 및 수유부는 섭취를 피할 것
(2) 특정질환(알레르기 체질 등)이 있는 분은 섭취에 주의할 것
(3) 이상사례 발생 시 섭취를 중단하고 전문가와 상담할 것
(4) 호르몬제 등 의약품 복용 시 전문가와 상담할 것","(국문) ① 자외선에 의한 피부 손상으로부터 피부 건강을 유지하는데 도움을 줄 수 있음
② 피부 보습에 도움을 줄 수 있음
(영문) ① May help to maintain skin health from skin damage by UV radiation
② May help to maintain skin moisturizing"
제2025-2호,300 (mg/일),300 (mg/일),mg/일,장미꽃잎추출물(NOVAROSE®)(제2025-2호),"(1) 영·유아, 어린이, 임산부 및 수유부는 섭취를 피할 것
(2) 특정질환(알레르기 체질 등)이 있는 분은 섭취에 주의할 것
(3) 이상사례 발생 시 섭취를 중단하고 전문가와 상담할 것","(국문) ① 자외선에 의한 피부 손상으로부터 피부 건강을 유지하는데 도움을 줄 수 있음, ② 피부 보습에 도움을 줄 수 있음
(영문) ① May help to maintain skin health from skin damage by UV radiation, ② May help to maintain skin moisturizing"
제2025-30호,1 (g/일),1 (g/일),g/일,오미자박추출물(제2025-30호),"(1)영·유아, 어린이, 임산부 및 수유부는 섭취를 피할 것
(2)특정질환(알레르기 체질 등)이 있는 분은 섭취에 주의할 것
(3)이상사례 발생 시 섭취를 중단하고 전문가와 상담할 것
(4)의약품(항응고제 등)과 복용 시 섭취에 주의할 것","(국문) 체지방 감소에 도움을 줄 수 있음
(영문) May help to reduce body fat"
제2025-31호,1 (g/일),1 (g/일),g/일,오미자박추출물(제2025-31호),"(1) 영·유아, 어린이, 임산부 및 수유부는 섭취를 피할 것
(2) 특정질환(알레르기 체질 등)이 있는 분은 섭취에 주의할 것
(3) 이상사례 발생 시 섭취를 중단하고 전문가와 상담할 것
(4) 의약품(항응고제 등)과 복용 시 섭취에 주의할 것","(국문) 체지방 감소에 도움을 줄 수 있음
(영문) May help to reduce body fat"
제2025-32호,"5,000,000,000 (CFU/일)","5,000,000,000 (CFU/일)",CFU/일,Lactiplantibacillus plantarum LMT1-48 프로바이오틱스(제2025-32호),"(1) 영·유아, 어린이, 임산부 및 수유부는 섭취를 피할 것
(2) 특정질환(알레르기 체질, 단장증후군 등)이 있는 분은 섭취에 주의할 것 
(3) 이상사례 발생 시 섭취를 중단하고 전문가와 상담할 것
(4) 어린이가 함부로 섭취하지 않도록 일일섭취량 방법을 지도할 것
(5) 과다 섭취하지 말것","(국문) 체지방 감소에 도움을 줄 수 있음
(영문) May help to reduce body fat"
제2025-33호,700 (mg/일),700 (mg/일),mg/일,감국감태추출복합물(제2025-33호),"(1) 영‧유아, 어린이, 임산부 및 수유부는 섭취를 피할 것
(2) 특정질환(알레르기 체질 등)이 있는 분은 섭취에 주의할 것
(3) 이상사례 발생 시 섭취를 중단하고 전문가와 상담할 것
(4) 요오드 함량이 높은 식품(해조류, 어패류 등)과 섭취 시 주의
(5) 갑상선질환, 위장관 장애(질환) 등을 보유하고 있는 사람은 섭취 시 주의","(국문) 기관·기관지 상태(기침·가래 등) 개선에 도움을 줄 수 있음
(영문) May help to improve the condition(cough·phlegm, etc) of trachea·bronchi"
제2025-34호,600 (mg/일),600 (mg/일),mg/일,복분자추출물(RE-20)(제2025-34호),"(1) 영·유아, 어린이, 임산부 및 수유부는 섭취에 주의
(2) 특정질환(알레르기 체질 등)이 있는 분은 섭취에 주의
(3) 이상사례 발생 시 섭취를 중단하고 전문가와 상담할 것","(국문) 혈중 콜레스테롤 개선에 도움을 줄 수 있음
(영문) May help to improve blood cholesterol"
제2025-35호,30 (mg/일),12 (mg/일),mg/일,루테인지아잔틴추출복합물(제2025-35호),"(1) 영유아, 어린이, 임산부 및 수유부는 섭취를 피할 것
(2) 특정질환(알레르기 체질 등)이 있는 분은 섭취에 주의할 것
(3) 이상사례 발생 시 섭취를 중단하고 전문가와 상담할 것
(4) 과다 섭취 시 일시적으로 피부가 황색으로 변할 수 있음
(5) 흡연자는 섭취 시 전문가와 상담할 것","(국문) 노화로 인해 감소될 수 있는 황반색소밀도를 유지하여 눈 건강에 도움을 줄 수 있음
(영문) May support eye health by maintaining the density of macular pigments which can be affected by aging"
제2025-39호,500 (mg/일),500 (mg/일),mg/일,살라시아레티큘라타추출물(제2025-39호),"(1) 영유아, 어린이, 임산부 및 수유부는 섭취를 피할 것
(2) 특정질환(알레르기 체질 등)이 있는 분은 섭취에 주의할 것
(3) 이상사례 발생 시 섭취를 중단하고 전문가와 상담할 것
(4) 과다 섭취하지 말 것","(국문) · 체지방 감소에 도움을 줄 수 있음· 식후 혈당조절에 도움을 줄 수 있음
(영문) · May help to reduce body fat
       · May help to maintain healthy blood glucose levels by slowing digestion and absorption of sugar"
제2025-40호,"1,000 (mg/일)","1,000 (mg/일)",mg/일,인디안구스베리·새싹보리추출복합물(IB Complex)(제2025-40호),"(1) 영‧유아, 어린이, 임산부 및 수유부는 섭취를 피할 것
(2) 특정질환(알레르기 체질 등)이 있는 분은 섭취에 주의할 것
(3) 이상사례 발생 시 섭취를 중단하고 전문가와 상담할 것","(국문) ① 피부 보습에 도움을 줄 수 있음,
          ② 자외선에 의해 손상된 피부 건강 유지에 도움을 줄 수 있음
(영문) ① May help to maintain skin moisturizing
          ② May help to maintain skin health from skin damage by UV radiation"
제2025-41호,700 (mg/일),700 (mg/일),mg/일,한삼덩굴추출분말(HSy2)(제2025-41호),"(1) 임산부 및 수유부는 섭취를 피할 것
(2) 특정원료에 알레르기가 있거나 장기간 또는 의약품 복용 시전문가와 상담할 것
(3) 이상사례 발생 시 섭취를 중단하고 전문가와 상담할 것 
(4) 키 성장에는 충분한 영양섭취, 적절한 수면, 건강한 생활습관·운동을 병행하여야 함","(국문) 어린이 키성장에 도움을 줄 수 있음
(영문) May help to children grow taller"
제2025-42호,50 (mg/일),50 (mg/일),mg/일,연어코연골추출물(제2025-42호),"(1) 영유아, 어린이, 임산부 및 수유부는 섭취를 피할 것
(2) 특정질환(알레르기 체질 등)이 있는 분은 섭취에 주의할 것
(3) 이상사례 발생 시 섭취를 중단하고 전문가와 상담할 것","(국문) · 자외선에 의한 피부손상으로부터 피부 건강 유지에 도움을 줄 수 있음
       · 피부 보습에 도움을 줄 수 있음
       · 관절 및 연골 건강에 도움을 줄 수 있음
(영문) · May help to maintain skin health from skin damage by UV radiation
       · May help to maintain skin moisturizing
       · May help to maintain joint and cartilage health"
제2025-43호,50 (mg/일),50 (mg/일),mg/일,Lacticaseibacillus paracasei subsp. paracasei 327(K-1) 열처리배양건조물(제2025-43호),"(1) 영‧유아, 어린이, 임산부 및 수유부는 섭취를 피할 것
(2) 특정질환(알레르기 체질 등)이 있는 분은 섭취에 주의할 것
(3) 이상사례 발생 시 섭취를 중단하고 전문가와 상담할 것
(4) 질환이 있거나 의약품 복용 시 전문가와 상담할 것","(국문) 배변활동 원활에 도움을 줄 수 있음
(영문) May help to improve bowel movement"
제2025-45호,580 (mg/일),580 (mg/일),mg/일,녹용유산균발효분말(제2025-45호),"(1) 영유아, 어린이, 임산부 및 수유부는 섭취를 피할 것
(2) 특정질환(알레르기 체질 등)이 있는 분은 섭취에 주의할 것
(3) 이상사례 발생 시 섭취를 중단하고 전문가와 상담할 것
(4) 호르몬제 등 의약품 복용 시 전문가와 상담할 것","(국문) 노화로 인해 감소될 수 있는 근력 유지에 도움을 줄 수 있음
(영문) May help to maintain muscle strength which can be affected by aging"
제2025-46호,250 (mg/일),250 (mg/일),mg/일,Akkermansia muciniphila EB-AMDK19 열처리배양건조물(제2025-46호),"(1) 영·유아, 어린이, 임산부 및 수유부는 섭취를 피할 것
(2) 특정질환(알레르기 체질, 단장증후군 등)이 있는 분은 섭취에 주의할 것
(3) 이상사례 발생 시 섭취를 중단하고 전문가와 상담할 것","(국문) 기관·기관지 상태(기침) 개선에 도움을 줄 수 있음
(영문) May help to improve trachea·bronchi condition (cough)"
제2025-49호,2 (g/일),2 (g/일),g/일,홍어껍질콜라겐펩타이드(제2025-49호),"(1) 영유아, 어린이, 임산부 및 수유부는 섭취를 피할 것
(2) 특정질환(알레르기 체질 등)이 있는 분은 섭취에 주의할 것
(3) 이상사례 발생 시 섭취를 중단하고 전문가와 상담할 것","(국문) 체지방 감소에 도움을 줄 수 있음
(영문) May help to reduce body fat"
제2025-4호,900 (mg/일),900 (mg/일),mg/일,블랙커민추출물(FJ)(제2025-4호),"(1) 영유아, 어린이, 임산부 및 수유부는 섭취를 피할 것
(2) 특정질환(알레르기 체질 등)이 있는 분은 섭취에 주의할 것
(3) 이상사례 발생 시 섭취를 중단하고 전문가와 상담할 것
(4) 공복에 복용하면 위장 장애를 일으킬 수 있으니 반드시 식후 섭취할 것
(5) 수술 전·후 및 의약품 복용(혈액응고제 등)시 섭취에 주의할 것","(국문) 체지방 감소에 도움을 줄 수 있음
(영문) May help to reduce body fat"
제2025-51호,400 (mg/일),400 (mg/일),mg/일,강황추출물(제2025-51호),"(1) 영·유아, 임산부 및 수유부는 섭취를 피할 것
(2) 특정질환(알레르기 체질 등)이 있는 분은 섭취에 주의할 것
(3) 이상사례 발생 시 섭취를 중단하고 전문가와 상담할 것
(4) 질환이 있거나 의약품 복용 시 전문가와 상담할 것
(5) 제안된 섭취량 이상 섭취 시 소화불량, 위장장애, 메스꺼움, 위산역류 등이 있을 수 있음
(6) 수술 전후 섭취에 주의","(국문) 노화로 인해 저하된 인지기능 개선에 도움을 줄 수 있음
(영문) May help to improve cognitive function affected by aging"
제2025-52호,"1,000 (mg/일)","1,000 (mg/일)",mg/일,지초추출분말(제2025-52호),"(1) 영유아, 어린이, 임산부 및 수유부는 섭취를 피할 것
(2) 특정질환(알레르기 체질 등)이 있는 분은 섭취에 주의할 것
(3) 이상사례 발생 시 섭취를 중단하고 전문가와 상담할 것","(국문) 노화로 인해 감소 될 수 있는 근력 유지에 도움을 줄 수 있음
(영문) May help to maintain muscle strength which can be affected by aging"
제2025-53호,400 (mg/일),400 (mg/일),mg/일,강황추출물(제2025-53호),"(1) 영·유아, 임산부 및 수유부는 섭취를 피할 것
(2) 특정질환(알레르기 체질 등)이 있는 분은 섭취에 주의할 것
(3) 이상사례 발생 시 섭취를 중단하고 전문가와 상담할 것
(4) 질환이 있거나 의약품 복용 시 전문가와 상담할 것
(5) 제안된 섭취량 이상 섭취 시 소화불량, 위장장애, 메스꺼움, 위산역류 등이 있을 수 있음
(6) 수술 전후 섭취에 주의","(국문) 노화로 인해 저하된 인지기능 개선에 도움을 줄 수 있음
(영문) May help to improve cognitive function affected by aging"
제2025-54호,400 (mg/일),400 (mg/일),mg/일,강황추출물(제2025-54호),"(1) 영·유아, 임산부 및 수유부는 섭취를 피할 것
(2) 특정질환(알레르기 체질 등)이 있는 분은 섭취에 주의할 것
(3) 이상사례 발생 시 섭취를 중단하고 전문가와 상담할 것
(4) 질환이 있거나 의약품 복용 시 전문가와 상담할 것
(5) 제안된 섭취량 이상 섭취 시 소화불량, 위장장애, 메스꺼움, 위산역류 등이 있을 수 있음
(6) 수술 전후 섭취에 주의","(국문) 노화로 인해 저하된 인지기능 개선에 도움을 줄 수 있음
(영문) May help to improve cognitive function affected by aging"
제2025-55호,"10,000,000,000 (CFU)","10,000,000,000 (CFU)",CFU,Latilactobacillus sakei LB-P12 프로바이오틱스(제2025-55호),"(1) 영·유아, 어린이, 임산부 및 수유부는 섭취를 피할 것
(2) 특정 질환(알레르기 체질 등)이 있거나 의약품 복용 시 전문가와 상담할 것
(3) 이상사례 발생 시 섭취를 중단하고 전문가와 상담할 것","(국문) 관절건강에 도움을 줄 수 있음
(영문) May help to maintain healthy joint"
제2025-56호,22 (mg/일),22 (mg/일),mg/일,피롤로퀴놀린퀴논이나트륨염(NOVAQ®)(제2025-56호),"(1) 영유아, 어린이, 임산부 및 수유부는 섭취를 피할 것
(2) 특정질환(알레르기 체질 등)이 있는 분은 섭취에 주의할 것
(3) 이상사례 발생 시 섭취를 중단하고 전문가와 상담할 것","(국문) 노화로 인해 저하된 인지기능 개선에 도움을 줄 수 있음
(영문) May help to improve cognitive function affected by aging"
제2025-58호,"4,000,000,000 (CFU/일)","4,000,000,000 (CFU/일)",CFU/일,Lactiplantibacillus plantarum ATG-K2 프로바이오틱스(제2025-58호),"(1) 영·유아, 어린이, 임산부 및 수유부는 섭취를 피할 것
(2) 특정질환(알레르기 체질, 단장증후군 등)이 있는 분은 섭취에 주의할 것
(3) 이상사례 발생 시 섭취를 중단하고 전문가와 상담할 것
(4) 과다 섭취하지 말 것","(국문) 체지방 감소에 도움을 줄 수 있음
(영문) May help to reduce body fat"
제2025-59호,"1,000 (mg/일)","1,000 (mg/일)",mg/일,보리수나무열매추출물(Elaea)(제2025-59호),"(1) 영‧유아, 어린이, 임산부 및 수유부는 섭취를 피할 것
(2) 특정질환(알레르기 체질 등)이 있는 분은 섭취에 주의할 것
(3) 이상사례 발생 시 섭취를 중단하고 전문가와 상담할 것","(국문) ① 피부 보습에 도움을 줄 수 있음 ② 자외선에 의한 피부손상으로부터 피부건강 유지에 도움을 줄 수 있음.
(영문) ① May help to maintain skin moisturizing ② May help to maintain skin health from skin damage by UV radiation"
제2025-5호,"5,000,000,000 (CFU/일)","5,000,000,000 (CFU/일)",CFU/일,Latilactobacillus curvatus LB-P9 프로바이오틱스(제2025-5호),"(1) 영·유아, 임산부 및 수유부는 섭취를 피할 것
(2) 특정 질환(알레르기 체질 등)이 있거나 의약품 복용 시 전문가와 상담할 것
(3) 이상사례 발생 시 섭취를 중단하고 전문가와 상담할 것
(4) 어린이가 함부로 섭취하지 않도록 일일섭취량 방법을 지도할 것","(국문) 모발상태(윤기·탄력) 개선에 도움을 줄 수 있음
(영문) May help to improve hair condition(luster·elasticity)"
제2025-60호,1 (g/일),1 (g/일),g/일,어린도두꼬투리추출물(제2025-60호),"(1) 영‧유아, 어린이, 임산부 및 수유부는 섭취를 피할 것
(2) 특정질환(알레르기 체질 등)이 있는 분은 섭취에 주의할 것
(3) 이상사례 발생 시 섭취를 중단하고 전문가와 상담할 것","(국문) 면역과민반응에 의한 코상태 개선에 도움을 줄 수 있음
(영문) May help to improve nasal condition caused by hypersensitivity reaction"
제2025-63호,"1,200 (mg/일)","1,200 (mg/일)",mg/일,콘드로이친황산염(제2025-63호),"(1) 영유아, 어린이, 임산부 및 수유부는 섭취를 피할 것
(2) 특정질환(알레르기 체질 등)이 있는 분은 섭취에 주의할 것
(3) 이상사례 발생 시 섭취를 중단하고 전문가와 상담할 것
(4) 수술 전후 또는 항응고제, 항혈소판제, 비스테로이드계 항염증약 복용자는 섭취 전 전문의와 상담할 것
(5) 천식이 있는 사람은 섭취 전 전문의와 상담할 것","(국문) 관절 및 연골 건강에 도움을 줄 수 있음
(영문) May help to maintain joint and cartilage health"
제2025-64호,"1,500 (mg/일)","1,500 (mg/일)",mg/일,마르멜로추출물(제2025-64호),"(1) 영유아, 어린이, 임산부 및 수유부는 섭취를 피할 것
(2) 특정질환(알레르기 체질 등)이 있는 분은 섭취에 주의할 것
(3) 이상사례 발생 시 섭취를 중단하고 전문가와 상담할 것","(국문) 체지방 감소에 도움을 줄 수 있음
(영문) May help to reduce body fat"
제2025-66호,500 (mg/일),500 (mg/일),mg/일,미배아발효분말(제2025-66호),"(1) 영‧유아, 어린이, 임산부 및 수유부는 섭취를 피할 것
(2) 특정질환(알레르기 체질 등)이 있는 분은 섭취에 주의할 것
(3) 이상사례 발생 시 섭취를 중단하고 전문가와 상담할 것","(국문) · 수면의 질 개선에 도움을 줄 수 있음
      · 자외선에 의한 피부 손상으로부터 피부 건강 유지에 도움을 줄 수 있음
      · 피부 보습에 도움을 줄 수 있음
(영문) · May help to improve sleep quality
      · May help to maintain skin health from skin damage by UV radiation
      · May help to maintain skin moisturizing"
제2025-67호,600 (mg/일),250 (mg/일),mg/일,아쉬아간다추출물(KSM-66®)(제2025-67호),"(1) 영유아, 어린이, 임산부 및 수유부는 섭취를 피할 것
(2) 특정질환(알레르기 체질 등)이 있는 분은 섭취에 주의할 것
(3) 이상사례 발생 시 섭취를 중단하고 전문가와 상담할 것
(4) 졸음을 유발하는 약물(신경 안정제 등)과 병용섭취하지 말 것
(5) 과다 섭취하지 말 것","(국문) 스트레스로 인한 긴장완화에 도움을 줄 수 있음
(영문) May help to relaxation of tension by stress"
제2025-68호,450 (mg/일),450 (mg/일),mg/일,라임카카오추출복합물(제2025-68호),"(1) 영유아, 어린이, 임산부 및 수유부는 섭취를 피할 것
(2) 특정질환(알레르기 체질 등)이 있는 분은 섭취에 주의할 것
(3) 이상사례 발생 시 섭취를 중단하고 전문가와 상담할 것
(4) 카페인이 함유되어 있어 초조감, 불면 등을 나타낼 수 있음","(국문) 체지방 감소에 도움을 줄 수 있음
(영문) May help to reduce body fat"
제2025-69호,"5,000,000,000 (CFU/일)","5,000,000,000 (CFU/일)",CFU/일,Lacticaseibacillus paracasei HY7017 프로바이오틱스(제2025-69호),"(1) 영·유아, 임산부 및 수유부는 섭취를 피할 것
(2) 특정질환(알레르기 체질, 단장증후군 등)이 있거나 의약품 복용 시 전문가와 상담할 것
(3) 어린이가 함부로 섭취하지 않도록 일일섭취량 방법을 지도할 것
(4) 이상사례 발생 시 섭취를 중단하고 전문가와 상담할 것
(5) 알레르기 체질 등은 개인에 따라 과민반응을 나타낼 수 있음","(국문) 면역기능 증진에 도움을 줄 수 있음
(영문) May help to improve immune function"
제2025-6호,"5,000,000,000 (CFU/일)","5,000,000,000 (CFU/일)",CFU/일,Lactilactobacillus curvatus LB-P9 프로바이오틱스(제2025-6호),"(1) 영·유아, 임산부 및 수유부는 섭취를 피할 것
(2) 특정 질환(알레르기 체질 등)이 있거나 의약품 복용 시 전문가와 상담할 것
(3) 이상사례 발생 시 섭취를 중단하고 전문가와 상담할 것
(4) 어린이가 함부로 섭취하지 않도록 일일섭취량 방법을 지도할 것","(국문) 모발상태(윤기·탄력) 개선에 도움을 줄 수 있음
(영문) May help to improve hair condition(luster·elasticity)"
제2025-70호,24 (mg/일),24 (mg/일),mg/일,마리골드꽃주정추출물(지아잔틴함유)(제2025-70호),「건강기능식품의 기준 및 규격」제3.2.2-26 마리골드꽃추출물에 따름,「건강기능식품의 기준 및 규격」제3.2.2-26 마리골드꽃추출물에 따름
제2025-71호,150 (mg/일),150 (mg/일),mg/일,Akkermansia muciniphila HB05 열처리배양건조물(HB05P)(제2025-71호),"(1) 영유아, 어린이, 임산부 및 수유부는 섭취를 피할 것
(2) 특정질환(알레르기 체질 등)이 있는 분은 섭취에 주의할 것
(3) 이상사례 발생 시 섭취를 중단하고 전문가와 상담할 것","(국문) 노화로 인해 감소될 수 있는 근력 유지에 도움을 줄 수 있음
(영문) May help to maintain muscle strength which can be affected by aging"
제2025-72호,150 (mg/일),150 (mg/일),mg/일,Akkermansia muciniphila HB05 열처리배양건조물(HB05P)(제2025-72호),"(1) 영유아, 어린이, 임산부 및 수유부는 섭취를 피할 것
(2) 특정질환(알레르기 체질 등)이 있는 분은 섭취에 주의할 것
(3) 이상사례 발생 시 섭취를 중단하고 전문가와 상담할 것","(국문) 노화로 인해 감소될 수 있는 근력 유지에 도움을 줄 수 있음
(영문) May help to maintain muscle strength which can be affected by aging"
제2025-7호,12 (mg/일),12 (mg/일),mg/일,마리골드꽃추출물(지아잔틴함유)(제2025-7호),「건강기능식품의 기준 및 규격」제3.2.2-26 마리골드꽃추출물에 따름,「건강기능식품의 기준 및 규격」제3.2.2-26 마리골드꽃추출물에 따름
제2025-8호,60 (mg/일),60 (mg/일),mg/일,마키베리추출물(제2025-8호),"(1) 영유아, 어린이, 임산부 및 수유부는 섭취를 피할 것
(2) 특정질환(알레르기 체질 등)이 있는 분은 섭취에 주의할 것
(3) 이상사례 발생 시 섭취를 중단하고 전문가와 상담할 것
(4) 의약품(당뇨병 치료제, 항응고제, 항혈소판제 등) 복용 시 전문가와 상담할 것","(국문) 건조한 눈을 개선하여 눈 건강에 도움을 줄 수 있음
(영문) May help to maintain eyes healthy by relieving dryness"
제2025-9호,900 (mg/일),900 (mg/일),mg/일,티아이소크라이시스루테아분말(제2025-9호),"(1) 영유아, 어린이, 임산부 및 수유부는 섭취를 피할 것
(2) 특정질환(알레르기 체질 등)이 있는 분은 섭취에 주의할 것
(3) 이상사례 발생 시 섭취를 중단하고 전문가와 상담할 것","(국문) 건조한 눈을 개선하여 눈 건강에 도움을 줄 수 있음
(영문) May help to maintain eyes healthy by relieving dryness"
제2026-10호,10 (mg/일),10 (mg/일),mg/일,Latilactobacillus sakei K040706 열처리배양건조물(노바사케이)(제2026-10호),"(1) 영·유아, 어린이, 임산부 및 수유부는 섭취를 피할 것
(2) 특정질환(알레르기 체질, 단장증후군 등)이 있는 분은 섭취에 주의할 것
(3) 이상사례 발생 시 섭취를 중단하고 전문가와 상담할 것","(국문) 면역기능 증진에 도움을 줄 수 있음
(영문) May help to improve immune function"
제2026-12호,"1,000 (mg/일)","1,000 (mg/일)",mg/일,구기자나무뿌리껍질추출분말(제2026-12호),"(1) 영·유아, 어린이, 임산부 및 수유부는 섭취를 피할 것
(2) 특정질환(알레르기 체질 등)이 있는 분은 섭취에 주의할 것
(3) 이상사례 발생 시 섭취를 중단하고 전문가와 상담할 것","(국문) 잇몸 건강에 도움을 줄 수 있음
(영문) May help to improve gum health"
제2026-13호,"5,000,000,000 (CFU)","5,000,000,000 (CFU)",CFU,Lactobacillus delbrueckii subsp. lactis CKDB001 프로바이오틱스(제2026-13호),"(1) 영·유아, 어린이, 임산부 및 수유부는 섭취를 피할 것
(2) 특정질환(알레르기 체질, 단장증후군 등)이 있는 분은 섭취에 주의할 것
(3) 이상사례 발생 시 섭취를 중단하고 전문가와 상담할 것","(국문) 노화로 인해 저하된 인지기능 개선에 도움을 줄 수 있음
(영문) May help to improve cognitive function affected by aging"
제2026-16호,"1,200 (mg/일)","1,200 (mg/일)",mg/일,콘드로이친황산염(제2026-16호),"(1) 영·유아, 어린이, 임산부 및 수유부는 섭취를 피할 것
(2) 특정질환(알레르기 체질 등)이 있는 분은 섭취에 주의할 것
(3) 이상사례 발생 시 섭취를 중단하고 전문가와 상담할 것
(4) 수술 전후 또는 항응고제, 항혈소판제, 비스테로이드계 항염증약 복용자는 섭취 전 전문의와 상담할 것
(5) 천식이 있는 사람은 섭취 전 전문의와 상담할 것","(국문) 관절 및 연골 건강에 도움을 줄 수 있음
(영문) May help to maintain joint and cartilage health"
제2026-18호,500 (mg/일),500 (mg/일),mg/일,자색옥수수속대·포엽추출분말(제2026-18호),"(1) 영·유아, 어린이, 임산부 및 수유부는 섭취를 피할 것
(2) 특정질환(알레르기 체질 등)이 있는 분은 섭취에 주의할 것
(3) 이상사례 발생 시 섭취를 중단하고 전문가와 상담할 것","(국문) 건조한 눈을 개선하여 눈 건강에 도움을 줄 수 있음
(영문) May help to maintain eyes healthy by relieving dryness"
제2026-19호,300 (mg/일),300 (mg/일),mg/일,프로바이오틱스(Lactiplantibacillus plantarum Q180)·미세조류(Phaeodactylum tricornutum) 복합물(CKDB-322)(제2026-19호),"(1) 영·유아, 어린이, 임산부 및 수유부는 섭취를 피할 것
(2) 특정 질환(알레르기 체질, 단장 증후군 등)이 있는 분은 섭취에 주의할 것
(3) 이상사례 발생 시 섭취를 중단하고 전문가와 상담할 것","(국문) 체지방 감소에 도움을 줄 수 있음
(영문) May help to reduce body fat"
제2026-1호,"100,000,000,000 (CFU)","100,000,000,000 (CFU)",CFU,Lactococcus lactis subsp. lactis CAB701 프로바이오틱스(제2026-1호),"(1) 영·유아, 임산부 및 수유부는 섭취를 피할 것
(2) 특정질환(알레르기 체질 등)이 있거나 의약품 복용 시 전문가와 상담할 것
(3) 이상사례 발생 시 섭취를 중단하고 전문가와 상담할 것
(4) 어린이가 함부로 섭취하지 않도록 일일섭취량 방법을 지도할 것
(5) 알레르기 체질 등은 개인에 따라 과민반응을 나타낼 수 있음","(국문) 체지방 감소에 도움을 줄 수 있음
(영문) May help to reduce body fat"
제2026-21호,550 (mg/일),550 (mg/일),mg/일,하고초추출분말(제2026-21호),"(1) 영･유아, 어린이, 임산부 및 수유부는 섭취를 피할 것
(2) 특정질환(알레르기 체질 등)이 있는 분은 섭취에 주의할 것
(3) 이상사례 발생 시 섭취를 중단하고 전문가와 상담할 것","(국문) 전립선 건강의 유지에 도움을 줄 수 있음
(영문) May help to maintain prostate health"
제2026-22호,"50,000,000,000 (CFU)","50,000,000,000 (CFU)",CFU,Lacticaseibacillus paracasei BEPC22와 Lactiplantibacillus plantarum BELP53의 프로바이오틱스 복합물(HH202-LB)(제2026-22호),"(1) 영·유아, 어린이, 임산부 및 수유부는 섭취를 피할 것
(2) 특정 질환(알레르기 체질, 단장 증후군 등)이 있는 분은 섭취에 주의할 것
(3) 이상사례 발생 시 섭취를 중단하고 전문가와 상담할 것
(4) 질환이 있거나 의약품 복용 시 전문가와 상담할 것
(5) 과다 섭취하지 말 것","(국문) 체지방 감소에 도움을 줄 수 있음
(영문) May help to reduce body fat"
제2026-2호,"400,000,000 (CFU/일)","400,000,000 (CFU/일)",CFU/일,Weissella cibaria CMU 프로바이오틱스(제2026-2호),"(1) 영·유아, 임산부 및 수유부는 섭취를 피할 것
(2) 특정질환(알레르기 체질 등)이 있는 분은 섭취에 주의할 것
(3) 이상사례 발생 시 섭취를 중단하고 전문가와 상담할 것
(4) 질환이 있거나 의약품 복용 시 전문가와 상담할 것
(5) 어린이가 함부로 섭취하지 않도록 일일섭취량 방법을 지도할 것","(국문) 잇몸건강에 도움을 줄 수 있음
(영문) May help to improve gum health"
제2026-3호,600 (mg/일),600 (mg/일),mg/일,포도블루베리추출혼합분말(제2026-3호),"(1) 영‧유아, 어린이, 임산부 및 수유부는 섭취를 피할 것
(2) 특정질환(알레르기 체질 등)이 있는 분은 섭취에 주의할 것
(3) 이상사례 발생 시 섭취를 중단하고 전문가와 상담할 것","(국문) 기억력 개선에 도움을 줄 수 있음
(영문) May help to improve memory"
제2026-5호,"2,000,000,000 (CFU)","2,000,000,000 (CFU)",CFU,Bacillus coagulans BC99 프로바이오틱스(제2026-5호),"(1) 영·유아, 어린이, 임산부 및 수유부는 섭취를 피할 것
(2) 특정질환(알레르기 체질, 단장증후군 등)이 있는 분은 섭취에 주의할 것
(3) 이상사례 발생 시 섭취를 중단하고 전문가와 상담할 것","(국문) 배변활동 원활에 도움을 줄 수 있음
(영문) May help to improve bowel movement"
제2026-6호,"10,000,000,000 (CFU)","10,000,000,000 (CFU)",CFU,Weissella confusa WIKIM51 프로바이오틱스(Wilac D001)(제2026-6호),"(1) 영·유아, 어린이, 임산부 및 수유부는 섭취를 피할 것
(2) 특정질환(알레르기 체질, 단장증후군 등)이 있는 분은 섭취에 주의할 것
(3) 이상사례 발생 시 섭취를 중단하고 전문가와 상담할 것","(국문) 체지방 감소에 도움을 줄 수 있음
(영문) May help to reduce body fat"
제2026-8호,1 (g/일),1 (g/일),g/일,삽주추출분말(제2026-8호),"(1) 영·유아, 어린이, 임산부 및 수유부는 섭취를 피할 것
(2) 특정질환(국화과 알레르기 체질 등)이 있는 분은 섭취에 주의할 것
(3) 이상사례 발생 시 섭취를 중단하고 전문가와 상담할 것","(국문) 기관·기관지 상태(기침·가래 등) 개선에 도움을 줄 수 있음
(영문) May help to improve trachea·bronchi condition (cough·sputum etc)"
제2026-9호,20 (mg/일),10 (mg/일),mg/일,마리골드꽃추출물(지아잔틴함유)(제2026-9호),「건강기능식품의 기준 및 규격」제3.2.2-26 마리골드꽃추출물에 따름,「건강기능식품의 기준 및 규격」제3.2.2-26 마리골드꽃추출물에 따름
