HF_FNCLTY_MTRAL_RCOGN_NO,PRMS_DT,BSSH_NM,INDUTY_NM,ADDR,APLC_RAWMTRL_NM,FNCLTY_CN,DAY_INTK_CN,IFTKN_ATNT_MATR_CN
2006-11,20060712,와이에치푸드(주),건강기능식품수입업,서울특별시 강남구,식물스타놀에스테르,“식물스타놀 에스테르는 높은 혈중 콜레스테롤 수치 개선에 도움을 줄 수 있습니다(기타기능Ⅱ)”,“식물스타놀 에스테르” 로서 2.5？3.4 g/일,식물 스타놀 에스테르는 지용성 비타민의 흡수를 저해할 수 있습니다.
2006-15,20060817,(주)대덕약업,건강기능식품수입업,경기도 수원시 영통구,라피노스,"""장내 유익균의 증식과 유해균의 억제에 도움을 줄 수 있습니다."" “배변활동을 원활히 하는데 도움을 줄 수 있습니다.” (기타기능II)",.,제안된 섭취량보다 많은 양을 섭취할 때에는 설사를 유발할 수 있습니다.
2006-16,20060817,(주)메코,건강기능식품수입업,서울특별시 서초구,가쯔오부시 올리고 펩타이드,"""혈압이 걱정되시는 분에게 도움을 줄 수 있습니다."" (기타기능II)",(지표성분으로서 5 mg),"◆ 임산부, 수유부는 섭취를 삼가시기 바랍니다.
◆ 어린이, 노인, 신부전이 있는 사람, 혈압약을 복용하시는 분이 섭취 시에는 의사와 상담하셔야 합니다."
2006-18,20060817,카길트레이딩,건강기능식품수입업,서울특별시 강남구,글루코사민,"관절 및 연골의 구성성분
관절 및 연골을 튼튼히 하는데 도움
관절 및 연골건강에 도움",.,
2006-19,20060817,씨제이웰케어,수입식품등 수입ㆍ판매업,서울특별시 중구,카제인가수분해물,"""혈압이 걱정되시는 분에게 도움을 줄 수 있습니다."" (기타기능II)",.,"- 임산부, 수유부는 섭취를 삼가시기 바랍니다.
- 어린이, 노인, 신부전이 있는 사람, 혈압약    을 복용하시는 분이 섭취 시에는 의사와     상담하셔야 합니다."
2006-21,20060929,한국암웨이(주),건강기능식품수입업,서울특별시 강남구,Tonalin CLA FFA,"“공액리놀레산(Conjugated Linoleic Acid)는 과체중인 성인의 체지방 감소에 도움을 줄 수 있습니다.”

(과체중인 성인을 대상으로 한 인체시험에서 CLA를 섭취한 경우 체지방(fat mass)감소에 도움을 줄 수 있음이 많은 자료에서 확인되었으나 한국인을 대상으로 한 자료가 없었음. 따라서 반드시 ‘---에 도움을 줄 수 있습니다’의 형식으로 표시하여야 함.)","공액리놀레산(cis-9, trans-11 CLA, trans-10, cis-12 CLA, cis-9, cis-11 CLA, trans-9, trans-11 CLA 이성체의 합계 량) 으로","1. 위장장애가 발생할 수 있습니다.
2. 영유아, 임산부는 섭취를 삼가야 해야 합니다.
3. 식사조절, 운동을 병행하는 것이 바람직합니다."
2006-22,20060929,한국암웨이(주),건강기능식품수입업,서울특별시 강남구,Tonalin CLA TG(트리글리세라이드),"“공액리놀레산(Conjugated Linoleic Acid)는 과체중인 성인의 체지방 감소에 도움을 줄 수 있습니다.”

(과체중인 성인을 대상으로 한 인체시험에서 CLA를 섭취한 경우 체지방(fat mass)감소에 도움을 줄 수 있음이 많은 자료에서 확인되었으나 한국인을 대상으로 한 자료가 없었음. 따라서 반드시 ‘---에 도움을 줄 수 있습니다’의 형식으로 표시하여야 함.)","공액리놀레산(cis-9, trans-11 CLA, trans-10, cis-12 CLA, cis-9, cis-11 CLA, trans-9, trans-11 CLA 이성체의 합계량) 으로","1. 위장장애가 발생할 수 있습니다.
2. 영유아, 임산부는 섭취를 삼가야 해야 합니다.
3. 식사조절, 운동을 병행하는 것이 바람직합니다."
2009-43,20090429,씨제이제일제당(주),건강기능식품수입업,서울특별시 중구,히알우론산 HA-LF-P,“피부 보습에 도움을 줄 수 있습니다.”,히알우론산나트륨으로서 120~240mg,"1) 임산부와 수유기 여성은 섭취를 피하는 것이 좋습니다.                                                                                                                                                                    
2) 알레르기 및 특이체질, 질병치료 중인 사람은 섭취를 피하는 것이 좋습니다."
2014-39,20140819,(주)뉴트리,,경기도 성남시 중원구,닭가슴연골분말(UC-Ⅱ),관절건강에 도움을 줄 수 있음(생리활성기능 2등급),닭가슴연골분말로서 40  mg/일,"1) 임산부, 수유부는 섭취 시 의사와 상담
2) 복용중인 의약품이 있는 분은 섭취 시 의사와 상담"
2005-10,20050608,유한회사 사조씨피케이,수입식품등 수입ㆍ판매업,경기도 이천시,이소말토올리고당,"""장내 유익균의 증식과 유해균의 억제에 도움을 줄 수 있습니다."", ""배변활동을 원활히 하는데 도움을 줄 수 있습니다.""

◆ 인체시험에서 이소말토올리고당을 섭취할 경우 장내 유익균의 증식과 유해균을 억제하고, 배변활동을 원활히 하는데 도움을 줄 수 있음을 확인하였으나 자료의 수가 제한되어 있음. 따라서 반드시 ‘---에 도움을 줄 수 있습니다’의 형식으로 표시하여야 함.",이소말토올리고당으로서,과량으로 섭취 시에는 설사를 유발할 수 있습니다.
2005-16,20050804,(주)태성뉴트라테크,건강기능식품수입업,서울특별시 강남구,CALRINOL 공액리놀레산(지방산 형태),"“공액리놀레산(Conjugated Linoleic Acid)는 과체중인 성인의 체지방 감소에 도움을 줄 수 있습니다.”

(과체중인 성인을 대상으로 한 인체시험에서 CLA를 섭취한 경우 체지방(fat mass)감소에 도움을 줄 수 있음이 많은 자료에서 확인되었으나 한국인을 대상으로 한 자료가 없었음. 따라서 반드시 ‘---에 도움을 줄 수 있습니다’의 형식으로 표시하여야 함.)","공액리놀레산 (cis-9, trans-11 CLA, trans-10, cis-12 CLA, cis-9, cis-11 CLA, trans-9, trans-11 CLA)으로","1. 위장장애가 발생할 수 있습니다.
2. 영유아, 임산부는 섭취를 삼가야 해야 합니다.
3. 식사조절, 운동을 병행하는 것이 바람직합니다."
2005-17,20050804,(주)태성뉴트라테크,건강기능식품수입업,서울특별시 강남구,CALRINOL 공액리놀레산(트리글리세라이드 형태),"“공액리놀레산(Conjugated Linoleic Acid)는 과체중인 성인의 체지방 감소에 도움을 줄 수 있습니다.”

(과체중인 성인을 대상으로 한 인체시험에서 CLA를 섭취한 경우 체지방(fat mass)감소에 도움을 줄 수 있음이 많은 자료에서 확인되었으나 한국인을 대상으로 한 자료가 없었음. 따라서 반드시 ‘---에 도움을 줄 수 있습니다’의 형식으로 표시하여야 함.)","공액리놀레산 (cis-9, trans-11 CLA, trans-10, cis-12 CLA, cis-9, cis-11 CLA 및 trans-9, trans-11 CLA)으로","1. 위장장애가 발생할 수 있습니다.
2. 영유아, 임산부는 섭취를 삼가야 해야 합니다.
3. 식사조절, 운동을 병행하는 것이 바람직합니다."
2009-64,20090720,주식회사 오셔너스,건강기능식품수입업,서울특별시 서초구,가르시니아 캄보지아 껍질추출물,“탄수화물에서 지방으로의 합성을 억제하여 체지방 감소에 도움을 줍니다(기타기능Ⅰ)”,"총 (-)-HCA로서 750~2,800 mg/일",1) 임산부와 수유기 여성은 섭취를 피하는 것이 좋습니다.
2009-85,20091028,진용내츄럴,건강기능식품수입업,경기도 수원시 팔달구,쏘팔메토 열매 추출물,“전립선 건강의 유지에 도움을 줄 수 있습니다” (기타기능 II),쏘팔메토 열매추출물로서 320 mg,"1) 임산부, 수유여성은 섭취에 주의
2) 메스꺼움이나 설사 등 소화계통의 불편함을 유발할 수 있음"
2008-54,20081004,(주)지텍뉴트리언스,건강기능식품수입업,서울특별시 서초구,Rain Nutrience DistilPureTM MSM,관절건강에 도움이 될 수 있습니다(기타기능II),MSM로서 1.5~2.0g,본 제품은 관절건강에 도움을 줄 수 있으나 치료의 목적으로 사용될 수 없습니다.
2009-32,20090408,뉴트리펀코리아컨설팅,건강기능식품수입업,경기도 고양시 일산동구,가르시니아 캄보지아 추출물,“탄수화물에서 지방으로의 합성을 억제하여 체지방 감소에 도움을 줍니다”(기타기능 I),"총 (-)-HCA로서 750~2,800 mg/day",1) 임산부와 수유기 여성은 섭취를 피하는 것이 좋습니다.
2009-80,20091021,에이치씨엔,수입식품등 수입ㆍ판매업,경기도 성남시 분당구,자일로올리고당(xylooligosaccharide) 분말,"“장내 유익균 증식, 유해균 억제, 배변활동에 도움을 줄 수 있음”(기타기능II",자일로올리고당으로서 0.7~7.5g,1) 과량으로 섭취 시 설사를 유발할 수도 있습니다.
2009-78,20091015,(주)경희매니지먼트컴퍼니,건강기능식품수입업,서울특별시 동대문구,홍경천추출물 KH101,“스트레스로 인한 피로개선에 도움을 줄 수 있음”(기타기능II),홍경천추출물로서 200~600mg/day,"1) 영.유아, 임산부, 수유부는 섭취에 주의하시기 바랍니다. 
2) 알레르기 체질이거나 특정질환이 있는 분은 섭취 전 의사와 상담하시기 바랍니다."
2009-81,20091021,에이치씨엔,수입식품등 수입ㆍ판매업,경기도 성남시 분당구,자일로올리고당(xylooligosaccharide) 액상,"“장내 유익균 증식, 유해균 억제, 배변활동에 도움을 줄 수 있음”(기타기능II)",자일로올리고당으로서 0.7~7.5 g,1) 과량으로 섭취 시 설사를 유발할 수도 있습니다.
2009-82,20091019,주영엔에스(주),건강기능식품수입업,서울특별시 서초구,가르시니아 캄보지아 껍질추출물,“탄수화물에서 지방으로의 합성을 억제하여 체지방 감소에 도움을 줍니다”(기타기능 I),"총 (-)-HCA로서 750~2,800 mg/day",1) 임산부와 수유기 여성은 섭취를 피하는 것이 좋습니다.
2009-84,20091103,모네이쳐,건강기능식품수입업,경기도 부천시 원미구,파크랜 크랜베리 분말(PACranTM Whole Cranberry Powder),“요로의 유해균 흡착 억제로 요로건강에 도움을 줄 수 있음”(기타기능II),“파크랜 크랜베리 분말” 로서 500~1000 mg/일,"1) 와파린, 쿠마딘 등 항응고제, 오메프라졸 등의 위산분비 억제제와 함께 섭취하지 마십시오
2) 제안된 섭취량 이상 과잉 복용할 경우 설사가 있을 수 있으므로, 정해진 섭취량을 준수하여 주십시오"
2010-29,20100712,아사히고도(주)서울영업소,건강기능식품수입업,서울특별시 송파구,밀크씨슬추출물,“간 건강에 도움을 줄 수 있음” (기타기능II),Silymarin으로서 130mg,"1) 알레르기 반응이 나타나는 경우에는 섭취를 중단하십시오
2) 설사, 위통, 복부팽만 등의 위장관계 장애가 나타나는 경우에는 섭취를 주의 하십시오"
2014-22,20140522,(주)에이치엘사이언스,건강기능식품전문제조업,충청북도 충주시,석류효소처리추출물,"갱년기 여성의 건강에 도움을 줄 수 있음, 피부 보습에 도움을 줄 수 있음",석류농축액으로서 13.3 g/일,"1) 어린이, 임산부와 수유부는 섭취를 피하는 것이 좋습니다.
2) 에스트로겐 호르몬에 민감한 사람은 섭취에 주의하시기 바랍니다."
2013-30,20131017,(주)뉴트리,수입식품등 수입ㆍ판매업,서울특별시 송파구,저분자콜라겐펩타이드,,,
2014-19,20140514,(주)미래바이오텍,수입식품등 수입ㆍ판매업,경기도 포천시,감마리놀렌산함유유지,월경 전 변화에 의한 불편한 상태 개선에 도움을 줄 수 있음(생리활성기능 2등급),감마리놀렌산으로서 210 ～ 300 mg/일,-
2009-68,20090803,(주)대덕약업,건강기능식품수입업,경기도 수원시 팔달구,가르시니아 캄보지아 껍질추출물,“탄수화물에서 지방으로의 합성을 억제하여 체지방 감소에 도움을 줍니다”(기타기능 I),"총 (-)-HCA로서 750~2,800 mg/day",1) 임산부와 수유기 여성은 섭취를 피하는 것이 좋습니다.
2010-57,20101124,주영엔에스(주),건강기능식품수입업,서울특별시 서초구,은행잎추출물,1) 성인의 기억력 개선에 도움을 줄 수 있음 (기타기능II) 2) 혈행 개선에 도움을 줄 수 있음 (기타기능II),은행잎 추출물로서 120 mg/일,"1) 어린이, 임산부와 수유부는 섭취에 주의
2) 수술 전후에는 섭취에 주의 
3) 항응고제 복용시 섭취에 주의 
4) 질환자의 경우 섭취 전에 의사와 상담하시기 바람"
2007-8,20070130,파인생명공학,수입식품등 수입ㆍ판매업,경기도 광주시,솔잎 증류 농축액,"""건강한 혈당의 유지에 도움을 줄 수 있음"" (기타기능II)",.,"기관지 천식, 해소 기침이나 기도에 심한 염증이 있는 사람은 사용을 금하시기 바랍니다."
2007-11,20070223,한국암웨이(주),건강기능식품수입업,서울특별시 강남구,토치대두발효추출물,“‘토치대두발효추출물’은 발효시킨 콩을 추출한 것으로 당의 흡수를 억제하여 식후혈당을 건강하게 유지하는데 도움을 줄 수 있는 식품입니다.“(기타기능 II),.,
2005-3,20050211,(주)웰니스바나바,식품등 수입판매업,경기도 고양시 일산서구,바나바주정추출물,혈당 조절에 도움을 줄 수 있음(기타기능II),바나바주정추출물로서 50～100 mg/일,당뇨병의 치료 및 예방의 목적으로 사용될 수 없음
2010-33,20100706,(주)지엠피바이오,건강기능식품전문제조업,서울특별시 강남구,지각상엽추출혼합물,혈당 조절에 도움을 줄 수 있음 (기타기능II),지각상엽 추출 혼합물로서 2.8 g/일,1) 피부에 광과민성 반응이 나타나는 사람은 섭취에 주의
2014-31,20140717,주영엔에스(주),,서울특별시 송파구,그린커피빈추출물,"체지방 감소에 도움을 줄 수 있음
(생리활성기능 2등급)",그린커피빈추출물 로서 400 mg/일,"1) 임산부와 수유기 여성, 유아, 어린이는 섭취에 주의
2) 카페인이 함유되어 있어 초조감, 불면 등을 나타낼 수 있음"
2016-18,20160928,파이코일바이오텍코리아(주),건강기능식품전문제조업,충청남도 공주시,EPA 및 DHA 함유유지,건조한 눈을 개선하여 눈 건강에 도움을 줄 수 있음,EPA와 DHA의 합으로서 0.6~1 g/일,-
2014-41,20140828,아사히고도(주)서울영업소,건강기능식품수입업,서울특별시 성동구,EPA 및 DHA 함유 유지,"기억력 개선에 도움을 줄 수 있음
 (생리활성기능 2등급)",DHA와 EPA의 합으로서 0.9 ～ 2 g/일,「건강기능식품 기능성 원료 및 기준․규격  인정에 관한 규정」 제10조제2항에 따라 「건강기능식품의 기준 및 규격」에 고시 예정임
2013-26,20130827,(주)온사이언스,건강기능식품수입업,경기도 시흥시,도라지추출물,간 건강에 도움을 줄 수 있음(생리활성기능 2등급),도라지추출물로서 3 g/일,"1) 임산부, 수유부 섭취에 주의
2) 알레르기 체질이거나 특정질환이 있는 분은 의사와 상담 후 섭취"
2010-1,20100108,(주)레이델코리아,수입식품등 수입ㆍ판매업,서울특별시 서초구,비즈왁스알코올,1) 항산화에 도움을 줄 수 있음 2) 위점막을 보호하여 위건강에 도움을 줄 수 있음 3) 관절건강에 도움을 줄 수 있음,1) 항산화 : 비즈왁스알코올로서 50~100 mg/일 2) 위건강 : 비즈왁스알코올로서 100 mg/일 3) 관절건강 : 비즈왁스알코올로서 50~100 mg/일,"1) 어린이, 임산부 및 수유부는 섭취 시 주의하시기 바랍니다."
2008-18,20080328,한국암웨이(주),,서울특별시 강남구,토치대두발효추출물,"“콩발효추출물은 발효시킨 콩을 추출한 것으로 당의 흡수를 억제하여 식후혈당을 건강하게 유지하는데 도움을 줄 수 있는 식품입니다."" (기타기능 II)",900mg,-
2010-66,20101231,(주)주피터인터내셔널,건강기능식품수입업,서울특별시 서초구,은행잎추출물,"성인의 기억력 개선에 도움을 줄 수 있음 (기타기능II)
혈행 개선에 도움을 줄 수 있음 (기타기능II)",은행잎 추출물로서 120 mg/일,"① 어린이, 임산부와 수유부는 섭취에 주의하시기 
   바랍니다.
② 수술 전후에는 섭취에 주의하시기 바랍니다. 
③ 항응고제 복용시 섭취에 주의하시기 바랍니다. 
④ 질환자의 경우 섭취 전에 의사와 상담하여 주시기     바랍니다."
2004-2,20040702,다니스코뉴트리션앤드바이오싸이언스코리아 유한회사,수입식품등 수입ㆍ판매업,서울특별시 강남구,자일리톨,"◆ “충치발생위험감소”
◆ “자일리톨은 충치발생위험감소에 도움을 줍니다.”
◆ “자일리톨은 플라그 감소, 산생성 억제, 충치균 성장을 저해시켜 충치발생위험을 감소시킬 수 있습니다.”

  ※ 다수의 인체시험을 통하여 구강내의 플라그감소, 산생성억제, 충치균성장 억제의 기능으로 충치발생위험을 감소시킴이 확인되었음",자일리톨로서,"◆ 당류와 전분류의 함량이 높은 간식을 자주 섭취하면 충치발생위험이 높아집니다.
◆ 자일리톨을 일시에 40g 이상의 과량을 섭취할 경우에는 복부팽만감 등의 불쾌감을 느낄 수 있습니다."
2004-3,20040731,씨제이(주),건강기능식품수입업,서울특별시 중구,씨제이 테아닌등 복합추출물,"“기억력 개선에 도움을 줄 수도 있으나 아직은 과학적 근거가 부족합니다”

(동물시험을 통하여 기억력을 개선시키는 데 도움이 됨을 확인하였으나 인체시험에서는 확인되지 않았음)",.,"테아닌은 카페인과 길항작용이 있으므로 섭취시 카페인 함유음료(커피, 홍차, 녹차)의 섭취를 삼가하시기 바랍니다."
2004-7,20040903,씨제이웰케어,수입식품등 수입ㆍ판매업,서울특별시 중구,씨제이 히비스커스 등 복합추출물,"""OOO*은 체지방 감소에 도움을 줄 수 있습니다.""
◆ *OOO: ‘씨제이히비스커스복합추출물’이 섭취량 이상 함유된 제품명
◆ 인체시험에서 체지방 감소에 도움을 줄 수 있음을 확인하였으나 자료의 수가 제한되어 있음. 따라서 반드시 ‘---에 도움을 줄 수 있습니다’의 형식으로 표시하여야 함.",‘씨제이히비스커스등복합추출물’로서,체지방 감소는 반드시 식사조절과 운동이 병행되어야 효과적입니다.
2004-8,20041022,(주)씨스팡,건강기능식품벤처제조업,서울특별시 강남구,초록입홍합추출오일복합물,관절건강에 도움이 될 수 있습니다.,620mg,？ 혈전용해제를 복용하시는 분은 의사와 상담하여 주시기 바랍니다.
2009-34,20090408,(주)네이쳐팜,건강기능식품수입업,서울특별시 영등포구,가르시니아 캄보지아 껍질추출물 60HCA,“탄수화물에서 지방으로의 합성을 억제하여 체지방 감소에 도움을 줍니다”(기타기능 I),"총 (-)-HCA로서 750~2,800 mg/day",1) 임산부와 수유기 여성은 섭취를 피하는 것이 좋습니다.
2009-37,20090416,(주)삼오제약,건강기능식품수입업,서울특별시 강남구,밀크씨슬추출물,“간 건강에 도움을 줄 수 있으나 인체시험을 통한 확인이 필요함” (기타기능II),Silymarin으로서 130mg,"1) 알레르기 반응이 나타나는 경우에는 섭취를 중단하십시오
2) 설사, 위통, 복부팽만 등의 위장관계 장애가 나타나는 경우에는 섭취를 주의 하십시오"
2009-47,20090605,씨제이제일제당(주),,서울특별시 중구,콜레우스 포스콜리 추출물 Forslean,체지방 감소에 도움을 줄 수 있습니다(기타기능II),콜레우스 포스콜리 추출물로서 500mg/일,"1) 항응고제 또는 혈압조절제를 복용하시거나 혈압이 낮으신 분은 섭취에 주의
2) 임산부, 수유여성, 어린이는 섭취에 주의"
2009-56,20090605,(주)네이쳐팜,건강기능식품수입업,서울특별시 영등포구,가르시니아 캄보지아 껍질추출물 60HCA MP,“탄수화물에서 지방으로의 합성을 억제하여 체지방 감소에 도움을 줍니다”(기타기능 I),"총 (-)-HCA로서 750~2,800 mg/day",1) 임산부와 수유기 여성은 섭취를 피하는 것이 좋습니다.
2008-55,20081003,농업회사법인 주식회사 생명의나무,건강기능식품벤처제조업,경기도 수원시 권선구,헛개나무과병추출분말,"알콜성 손상으로부터 간을 보호하는데 도움을 줄 수 있음(생리활성기능 2등급), 운동능력 향상에 도움을 줄 수 있음(생리활성기능 2등급), 스트레스로 인한 피로 개선에 도움을 줄 수 있음(생리활성기능 2등급)",헛개나무 과병 추출 분말로서 2.460mg/일,-
2009-66,20090807,씨제이웰케어,수입식품등 수입ㆍ판매업,서울특별시 중구,쌀겨추출물,피부보습에 도움을 줄 수 있음(기타II),쌀겨추출물로서 10~34mg/일,1) 임산부와 수유기 여성은 섭취를 피하는 것이 좋습니다.
2008-3,20080111,씨제이제일제당(주),건강기능식품수입업,서울특별시 중구,가르시니아캄보지아껍질추출물 HCA-600-SXS,“탄수화물에서 지방으로의 합성을 억제하여 체지방 감소에 도움을 줍니다(기타Ⅰ)”,"총 (-)-HCA로서 750~2,800 mg/day",1) 임산부와 수유기 여성은 섭취를 피하는 것이 좋습니다.
2008-41,20080808,뉴트리펀코리아컨설팅,건강기능식품수입업,경기도 고양시 일산동구,쏘팔메토 열매 초임계추출물,“쏘팔메토 열매추출물은 전립선 건강의 유지에 도움을 줄 수 있습니다.”,쏘팔메토 열매추출물로서 320mg,"1) 임산부, 수유여성은 섭취에 주의
2) 매스꺼움이나 설사 등 소화계통의 불편함을 유발할 수 있음"
2008-44,20080826,한국암웨이(주),건강기능식품수입업,서울특별시 강남구,KANEKA Q10,"""코엔자임 Q10은 혈압이 높은 사람에게 도움을 줄 수 있습니다."" (기타기능II)",90~100mg,-
2010-45,20101026,아사히고도(주)서울영업소,건강기능식품수입업,서울특별시 송파구,Dimethylsulfone(MSM),관절 건강에 도움을 줄 수 있음(기타기능II),메틸설포닐메탄(Methylsulfonylmethane; MSM) 으로서 1.5～2.0 g/일,-
2010-7,20100209,롯데제과(주),건강기능식품수입업,경기도 화성시 만세구,Green Mate Extract EFLA® 920,“체지방 감소에 도움을 줄 수 있습니다”(기타기능II),Green Mate Extract EFLA? 920로서 3 g/일,"1) 어린이, 임산부 및 수유부는 섭취를 피할 것
2) 질환이 있거나 의약품 목용시 전문가와 상담할 것
3) 카페인을 함유한 식품의 섭취에 주의할 것
4) 이상사례 발생 시 섭취를 중단하고 전문가와 상담할 것"
2015-17,20150430,(주)헬릭스미스,건강기능식품벤처제조업,서울특별시 강서구,천마 등 복합추출물(HX106),기억력 개선에 도움을 줄 수 있음(생리활성기능 2등급),천마 등 복합추출물(HX106)으로서 1.1 g/일,1) 임산부 및 수유부는 섭취에 주의
2015-24,20151104,(주)화인비에스,건강기능식품수입업,서울특별시 성동구,EPA 및 DHA 함유유지,건조한 눈을 개선하여 눈 건강에 도움을 줄 수 있음(생리활성기능 2등급),EPA와 DHA의 합으로서 0.6~1 g/일,-
2014-29,20140703,영암녹색무화과(주),수입식품등 수입ㆍ판매업,전남광주통합특별시 영암군,무화과페이스트,"배변활동 원활에 도움을 줄 수 있음
(생리활성기능 2등급)",신청원료로서 300 g/일,"1) 무화과에 알레르기를 나타내는 사람은 섭취에 주의
2) 과다 섭취 시 일시적인 복부팽만감을 느낄 수 있음"
2011-36,20111104,(주)대덕약업,건강기능식품일반판매업,경기도 안양시 동안구,홍경천추출물,“스트레스로 인한 피로개선에 도움을 줄 수 있음”(생리활성기능 2등급),홍경천추출물로서 200～600 mg,-
2014-3,20140129,서해수산,식품등 수입판매업,서울특별시 노원구,초록입홍합추출오일,"관절건강에 도움을 줄 수 있음
(생리활성기능 2등급)",초록입홍합추출오일로서 200 mg/일,혈전용해제를 복용하시는 분은 의사와 상담 후 섭취
2009-51,20090605,뉴트리펀코리아컨설팅,건강기능식품수입업,경기도 고양시 일산동구,루테인복합물VBAF,“루테인은 노화로 인해 감소될 수 있는 황반색소밀도를 유지시켜 주어 눈건강에 도움을 줍니다.(기타 I등급)”,루테인으로써 10~20mg,"1) 과다 섭취 시 일시적으로 피부가 황색으로 변할 수 있습니다.
2) 임산부는 섭취 전 의사와 상담이 필요합니다.-
3) 식품에 알레르기가 있으신 분은 섭취 전 포장에 표시된 원료 명칭을 확인하시기 바랍니다.
4) 병원에서 치료 중이신 분, 다른 약품을 섭취 중이신 분, 임산부, 수유부는 섭취 전 의사와 상담하시기 바랍니다."
2009-17,20090226,씨제이웰케어,수입식품등 수입ㆍ판매업,서울특별시 중구,보이차 추출물,“혈중 콜레스테롤 개선에 도움을 줄 수 있습니다.”(기타기능 II),보이차 추출물로서 1g,"1) 카페인이 함유되어 있어 초조감, 불면 등을 나타낼 수 있음
2) 임산부, 수유여성, 어린이, 알레르기성 질환보유자, 질병치료 중인 환자는 섭취에 주의"
2016-14,20160823,(주)나암에스앤에이치,건강기능식품수입업,서울특별시 마포구,EPA 및 DHA 함유유지,기억력 개선에 도움을 줄 수 있음,EPA와 DHA의 합으로서 0.9~2g/일,-
2010-40,20100830,(주)에이치엘사이언스,건강기능식품전문제조업,충청북도 충주시,석류효소처리추출물,갱년기 여성의 건강에 도움을 줄 수 있음(생리활성기능 2등급),석류농축액으로서 40 ml/일,"1) 어린이, 임산부와 수유부는 섭취를 피하는 것이 좋습니다.
2) 에스트로겐 호르몬에 민감한 사람은 섭취에 주의 하시기 바랍니다."
2016-9,20160615,(주)에프앤디넷,건강기능식품수입업,서울특별시 송파구,EPA 및 DHA 함유유지,기억력 개선에 도움을 줄 수 있음,EPA와 DHA의 합으로서 0.9~2g/일,-
2016-8,20160615,대상(주),건강기능식품수입업,서울특별시 동대문구,EPA 및 DHA 함유유지,건조한 눈을 개선하여 눈 건강에 도움을 줄 수 있음,EPA와 DHA의 합으로서 0.6~1 g/일,-
2014-7,20140219,주영엔에스(주),수입식품등 수입ㆍ판매업,서울특별시 송파구,보이차추출물,1) 체지방 감소에 도움을 줄 수 있음 2) 혈중 콜레스테롤 개선에 도움을 줄 수 있음,신청원료로서 1 g/일,"1) 카페인이 함유되어 있어 초조감, 불면 등을 나타 낼 수 있음
2) 임산부, 수유여성, 어린이, 질병치료 중인 환자는 섭취에 주의"
2008-6,20080205,(주)아모레퍼시픽,건강기능식품전문제조업,경기도 안성시,APIC 대두배아열수추출물등 복합물,체지방 감소에 도움을 줄 수 있음(생리활성기능 2등급),APIC 대두배아열수추출물로서 700mg/일,"1) 알르레기성 비염, 천식, 우유 알레르기 반응을 나타내는 사람은 섭취에 주의
2) 임산부, 수유기 여성 및 어린이는 섭취에 주의"
2016-3,20160226,주식회사 조향,건강기능식품수입업,서울특별시 서초구,EPA 및 DHA 함유유지,건조한 눈을 개선하여 눈 건강에 도움을 줄 수 있음.,EPA와 DHA의 합으로서 0.6~1 g/일,-
2008-7,20080205,대상주식회사,건강기능식품전문제조업,,L-글루타민,“과도한 운동 후의 L-글루타민 보충은 신체 저항능력 향상에 도움이 될 수 있습니다” (기타기능II),3~5g/일 (과도한 운동 직후 섭취),"1) Methotrexate, anticonvulsants, lactulose의 효과를 경감시킬 우려가 있음
2)  MSG에 민감한 사람은 섭취를 주의해야 함
3) 신장 및 간질환이 있는 환자는 섭취를 주의 해야 함
4) 임산부, 수유부는 의사의 처방 없이는 섭취를 삼가야 함"
2015-26,20151104,주영엔에스,건강기능식품수입업,,EPA 및 DHA 함유 유지,건조한 눈을 개선하여 눈 건강에 도움을 줄 수 있음(생리활성기능 2등급),EPA와 DHA의 합으로서 0.6~1 g/일,-
2012-22,20120910,한국암웨이(주),,서울특별시 강남구,마리골드 추출물(루테인 에스테르),노화로 인해 감소될 수 있는 황반색소밀도를 유지하여 눈 건강에 도움을 줄 수 있음(생리활성기능 2등급),루테인 에스테르로서 18.5~20 mg/일 (루테인으로서 10~10.8mg),1) 과다 섭취시 일시적으로 피부ㅏ 황색으로 변할 수 있음
2013-9,20130527,피엘토마스앤코 인크 한국지점,수입식품등 수입ㆍ판매업,경기도 화성시 동탄구,포도씨 추출물,,,
2009-49,20090605,(주)한국파마링크,수입식품등 수입ㆍ판매업,경기도 성남시 분당구,리프리놀-초록입홍합추출오일,“관절건강에 도움이 될 수 있음(기타기능II)”,리프리놀-초록입홍합추출오일로서 200mg,혈전용해제를 복용하시는 분은 의사와 상담하여 주시기 바랍니다.
2014-17,20140501,(주)코드바이오,수입식품등 수입ㆍ판매업,충청남도 천안시 서북구,로즈힙분말,"관절 및 연골 건강에 도움을 줄 수 있음
(생리활성기능 2등급)",로즈힙분말로서 5g/일,"(1) 알레르기 반응을 보이는 사람의 경우 섭취전 성분 확인 필요함
(2) 임산부, 수유부, 어린이의 섭취는 전문의와 상담 후 섭취를 권장함"
2010-64,20101231,(주)더써머스,건강기능식품수입업,경기도 수원시 권선구,은행잎추출물,"인의 기억력 개선에 도움을 줄 수 있음 (기타기능II)
혈행 개선에 도움을 줄 수 있음 (기타기능II)",은행잎 추출물로서 120 mg/일,"① 어린이, 임산부와 수유부는 섭취에 주의하시기 
   바랍니다.
② 수술 전후에는 섭취에 주의하시기 바랍니다. 
③ 항응고제 복용시 섭취에 주의하시기 바랍니다. 
④ 질환자의 경우 섭취 전에 의사와 상담하여 주시기     바랍니다."
2012-37,20121227,주식회사 뉴트리플랜,건강기능식품수입업,경기도 고양시 일산동구,토마토추출물,"항산화에 도움을 줄 수 있음
 (생리활성기능 2등급)",(all-trans)-lycopene 으로서 5.7~15 mg/일,"1) 임산부, 수유여성 및 어린이는 섭취에 주의"
2010-16,20100405,(주)대덕약업,건강기능식품수입업,경기도 수원시 팔달구,밀크씨슬추출물,“간 건강에 도움을 줄 수 있음” (기타기능II),Silymarin,"1) 알레르기 반응이 나타나는 경우에는 섭취를 중단하십시오
2) 설사, 위통, 복부팽만 등의 위장관계 장애가 나타나는 경우에는 섭취를 주의 하십시오"
2007-10,20070730,(주)신화바이오,,서울특별시 용산구,글루코사민,"-관절 및 연골의 구성성분
-관절 및 연골을 튼튼히 하는데 도움
-관절 및 연골건강에 도움",(글루코사민 염산염으로서),
2007-11,20070731,삼성물산(주),건강기능식품수입업,서울특별시 서초구,미쯔비시 코엔자임Q10,"""코엔자임 Q10은 항산화에 도움을 줄 수 있습니다.” (기타기능II)",.,"영유아, 임산부는 섭취를 삼가야 합니다."
2007-20,20071206,(주)케어메딕스,건강기능식품수입업,대전광역시 대덕구,Dimethylsulfone(MSM),"""Dimethylsulfone(MSM)은 관절건강에 도움이 될 수 있습니다.” (기타기능II)",.,본 제품은 관절건강에 도움을 줄 수 있으나 치료의 목적으로 사용될 수 없습니다.
2007-21,20071207,롯데쇼핑주식회사,건강기능식품수입업,경기도 안산시 단원구,유단백가수분해물(락티움),“유단백가수분해물은 스트레스로 인한 긴장을 완화하는데 도움을 줄 수 있습니다”(기타Ⅱ),유단백가수분해물(락티움)로서,"- 임산부, 수유여성 및 12세 이하 어린이는 섭취에 주의하여야 합니다.
 - 우유 및 유제품에 대하여 알레르기를 나타내는 사람은 섭취에 주의하여야 합니다."
2010-67,20101231,(주)동일팜텍,건강기능식품수입업,서울특별시 강남구,은행잎추출물,"성인의 기억력 개선에 도움을 줄 수 있음 (기타기능II)
혈행 개선에 도움을 줄 수 있음 (기타기능II)",은행잎 추출물로서 120 mg/일,"① 어린이, 임산부와 수유부는 섭취에 주의하시기 
   바랍니다.
② 수술 전후에는 섭취에 주의하시기 바랍니다. 
③ 항응고제 복용시 섭취에 주의하시기 바랍니다. 
④ 질환자의 경우 섭취 전에 의사와 상담하여 주시기     바랍니다."
2008-27,20080523,씨제이제일제당(주),건강기능식품수입업,서울특별시 중구,대두이소플라본,"“뼈 건강에 도움을 줄 수 있습니다."" (기타기능 II)",이소플라본 비배당체로서 25~27mg/day,"1) 섭취 대상자는 폐경기 여성임.
2) 임산부와 수유 여성은 섭취를 삼가야 함.
3) 영유아, 어린이는 섭취를 삼가야 함.
4) 대두 이소플라본에 민감한 사람은 섭취를 삼가야 함.
5) 갑상선, 유방암, 자궁내막암, 방광암 환자 등은 섭취를 삼가야 함."
2008-39,20080808,(주)디에스엠뉴트리션코리아,건강기능식품수입업,서울특별시 서초구,수용화 코큐텐 분말 ALL-Q,"코엔자임Q10은 항산화에 도움을 줄 수 있습니다.
(기타II 등급)",코엔자임Q10으로써 90~100mg,-
2007-16,20071011,이엔지바이오(주),건강기능식품수입업,경상북도 고령군,내츄럴아스타잔틴컴플렉스,“헤마토코쿠스 CO2 초임계추출물의 섭취는 눈의 피로도 개선에 도움을 줄 수 있습니다.”(기타Ⅱ등급),(Astaxanthin 으로서 4~12 mg/day),"- 제안된 섭취량 이상 섭취 시 일시적으로 피부가 황색으로 변할 수 있습니다.                                                             
 - 임산부와 수유기 여성은 섭취를 피하는 것이 좋습니다.                                                                                                                                                                                                                                                                              
 - β-carotene의 흡수를 저해할 수 있습니다."
2008-82,20081230,아사히고도(주)서울영업소,건강기능식품수입업,서울특별시 송파구,쏘팔메토 열매 추출물(Palmetto RossoTM),“쏘팔메토 열매추출물은 전립선 건강의 유지에 도움을 줄 수 있습니다” (기타기능II),쏘팔메토 열매추출물로서 320mg,"1) 임산부 및 수유여성은 섭취에 주의
2) 메스꺼움이나 설사 등 소화계통의 불편함을 유발할 수 있음"
2010-43,20100909,(주)미스바알텍,건강기능식품수입업,충청남도 아산시,탈지달맞이꽃종자주정추출물,당의 흡수를 억제하여 식후 혈당상승억제에 도움을 줄 수 있음 (기타기능II),탈지달맞이꽃종자주정추출물로서 200～300 mg/일,-
2009-4,20090128,한국마쯔다니(주),건강기능식품수입업,경기도 성남시 분당구,난소화성말토덱스트린,혈중 중성지질 개선에 도움을 줄 수 있음(기타기능 II),난소화성말토덱스트린으로서 15~30g,건강기능식품공전 II.2.4.4.4 난소화성말토덱스트린과 동일
2009-6,20090129,코그니스코리아(주),건강기능식품수입업,서울특별시 서초구,Tonalin CLA TG,"“과체중인 성인의 체지방 감소에 도움을 줄 수 있습니다."" (기타기능 II)",공액리놀레산으로서 1.7~4.0 g/day,"1) 위장장애가 발생할 수 있습니다.
2) 영유아, 임산부는 섭취를 삼가야 해야 합니다.
3) 식사조절, 운동을 병행하는 것이 바람직합니다."
2009-67,20090821,(사)대한잠사회,수입식품등 수입ㆍ판매업,서울특별시 영등포구,동결건조누에분말,“혈당조절에 도움을 줄 수 있음(기타Ⅱ)”,동결건조누에분말로서 2.7g/일,1) 당뇨병의 치료 및 예방에 사용될 수 없으므로 당뇨병 치료가 필요한 경우에는 의사와 상담 하에 사용하여야 합니다.
2015-3,20150105,(주)백중인터내셔널,,서울특별시 서초구,오메가-3 지방산 함유 유지,별도첨부,별도첨부,고시형 원료의 기능성 추가
2010-19,20100405,(주)뉴트리,건강기능식품수입업,경기도 성남시 중원구,라피노스,1) 장내 유익균의 증식과 유해균의 억제에 도움을 줄 수 있습니다.(기타기능 II) 2) 배변활동을 원활히 하는데 도움을 줄 수 있습니다.(기타기능 II),라피노스로서 3~5g,1) 섭취량 이상 섭취 시 설사를 일으킬 수 있습니다.
2008-34,20080623,(주)케이씨에프코리아,건강기능식품수입업,서울특별시 광진구,표고버섯균사체 AHCC,“신체방어능력향상에 도움이 될 수 있으나 인체시험을 통한 확인이 필요함”,표고버섯균사체 AHCC로서 1.8~3.6 g/day,-
2008-51,20081002,(주)환이,건강기능식품수입업,경기도 과천시,토마토추출물,“항산화에 도움을 줄 수 있음” (기타기능 II),(all-trans)-lycopene 으로서 5.7~1.5mg/일,"1) 알레르기 체질이신 분은 개인에 따라 과민반응을 나타낼 수 있습니다.
2) 라이코펜이 함유된 식품을 과량 섭취 시 피부색이 오렌지색으로 변할 수 있습니다."
2014-38,20140813,주영엔에스(주),수입식품등 수입ㆍ판매업,서울특별시 관악구,감마리놀렌산 함유 유지,월경 전 변화에 의한 불편한 상태 개선에 도움을 줄 수 있음(생리활성기능 2등급),감마리놀렌산으로서 210 ～ 300 mg/일,「건강기능식품 기능성 원료 및 기준․규격  인정에 관한 규정」 제10조제2항에 따라 「건강기능식품의 기준 및 규격」에 고시 예정임
2008-1,20080111,뉴트리펀코리아컨설팅,건강기능식품수입업,경기도 고양시 일산동구,루테인추출복합물OS20,“루테인은 노화로 인해 감소될 수 있는 황반색소밀도를 유지시켜 주어 눈건강에 도움을 줍니다.(기타Ⅰ등급)”,Lutein 으로써 10~20mg,"1) 임산부는 섭취 전 의사와 상담이 필요합니다.
2) 과다 섭취 시 일시적으로 피부가 황색으로 변할 수 있습니다."
2008-2,20080111,뉴트리펀코리아컨설팅,건강기능식품수입업,경기도 고양시 일산동구,루테인추출복합분말CWD10,“루테인은 노화로 인해 감소될 수 있는 황반색소밀도를 유지시켜 주어 눈건강에 도움을 줍니다.(기타Ⅰ등급)”,Lutein 으로써 10~20mg,"1) 임산부는 섭취 전 의사와 상담이 필요합니다.
2) 과다 섭취 시 일시적으로 피부가 황색으로 변할 수 있습니다."
2009-15,20090227,동서식품주식회사,건강기능식품수입업,인천광역시 부평구,커피만노올리고당분말,"“장내 유익균 증식, 유해균 억제, 배변활동에 도움을 줄 수 있음"" (기타기능 II)",만노올리고당으로서 1.0 g/day,"1) 어린이, 임산부, 수유기 여성은 섭취에 주의하십시오.
2) 과량 섭취 시 복부팽만감을 느낄 수 있습니다."
2008-63,20081017,(주)주피터인터내셔널,건강기능식품수입업,서울특별시 서초구,Kaneka Q10,코엔자임Q10은 항산화에 도움을 줄 수 있습니다.,코엔자임Q10으로써 90~100 mg/일,-
2008-45,20080908,동우약품(주),건강기능식품수입업,서울특별시 강남구,동우코엔자임Q10,"""코엔자임 Q10은 혈압이 높은 사람에게도움을 줄 수 있습니다."" (기타기능II)",90~100mg,-
2008-53,20081004,(주)태성뉴트라테크,건강기능식품수입업,서울특별시 강남구,CLARIONL 공액리놀렌산(트리글리세라이드 형태),“과체중인 성인의 체지방 감소에 도움을 줄 수 있습니다.” (기타기능 II)“,총 공액리놀레산으로서 2.4g/day,"1) 위장장애가 발생할 수 있습니다.
2) 영유아, 임산부는 섭취를 삼가야 해야 합니다.
3) 식사조절, 운동을 병행하는 것이 바람직합니다."
2006-23,20060928,(주)대덕약업,건강기능식품수입업,경기도 수원시 팔달구,FK-23(Enterococcus faecalis 가열처리 건조분말),"""비특이적 면역을 증강시키는데 도움을 줄 수 있으나 인체시험에서의 확인이 필요합니다."" 
(기타기능III)",.,
2014-59,20141118,주식회사 노바렉스,건강기능식품전문제조업,충청북도 청주시 청원구,감마리놀렌산 함유 유지,월경 전 변화에 의한 불편한 상태 개선에 도움을 줄 수 있음(생리활성기능 2등급),감마리놀렌산으로서 210~300 mg/g일,「건강기능식품 기능성 원료 및 기준․규격  인정에 관한 규정」 제10조제2항에 따라 「건강기능식품의 기준 및 규격」에 고시 예정임
2010-27,20100531,주식회사 노바렉스,건강기능식품전문제조업,충청북도 청주시 청원구,회화나무 열매 추출물,갱년기 여성의 건강에 도움을 줄 수 있음(생리활성기능 2등급),회화나무열매추출물로서 350 mg/일,"1) 어린이, 임산부 및 수유부는 섭취를 피하는 것이 좋습니다.
2) 에스트로겐 호르몬에 민감한 사람은 섭취에 주의하시기 바랍니다."
2008-65,20081022,주식회사 노바렉스,수입식품등 수입ㆍ판매업,충청북도 청주시 청원구,지아잔틴 추출물,노화로 인해 감소될 수 있는 황반색소밀도를 유지시켜 주어 눈건강에 도움을 줍니다. (생리활성기능 1등급),지아잔틴으로서 10~20mg,"1) 임산부는 섭취 전 의사와 상담이 필요합니다.
2) 과다 섭취 시 일시적으로 피부가 황색으로 변할 수 있습니다."
2016-13,20160823,(주)유니젠,건강기능식품수입업,충청남도 천안시 동남구,EPA & DHA 함유 유지,건조한 눈을 개선하여 눈 건강에 도움을 줄 수 있음,"DHA와 EPA의 합으로써, 0.6~1g",
2009-10,20090224,타이요인터코리아(주),건강기능식품수입업,서울특별시 서초구,구아검가수분해물(Sunfiberⓡ),"""장내 유익균 증식에 도움을 줄 수 있음(기타기능 II)""",구아검가수분해물로서 7~21g,1) 건강기능식품공전 II.2.4.4.1 구아검/구아검가수분해물
2009-20,20090306,롯데푸드(주),,서울특별시 영등포구,중쇄지방산(MCFA) 함유유지,이 제품은 중쇄지방산을 함유하고 있어 다른 식용유와 비교하였을 때 체지방 증가가 적을 수 있음(기타기능II),일반 식용유 섭취방법과 동일,-
2009-40,20090429,(주)트리언인터내셔널,수입식품등 수입ㆍ판매업,서울특별시 성동구,락추로스분말,"“유익균 증식, 유해균 억제에 도움을 줄 수 있습니다.”(기타기능 II)","락추로스 분말로서 650~3,000 mg",1) 과량 섭취 시 위장관계 계통의 이상반응 및 전해질 이상 등이 나타날 수 있음
2009-25,20090408,씨제이웰케어,수입식품등 수입ㆍ판매업,서울특별시 중구,호프추출물,“호프추출물은 관절 건강에 도움을 줄 수 있습니다” (기타기능II),호프추출물로서 1~2g,"1) 어린이, 임산부 및 수유여성은 섭취에 주의
2) 호프추출물에 알레르기 반응을 나타내는 분은 섭취에 주의
3) 항우울제 또는 호르몬제를 복용하시는 분은 섭취에 주의"
2004-9,20041022,한국마쯔다니(주),,경기도 성남시 분당구,난소화성말토덱스트린,"""난소화성말토덱스트린은 식사와 함께 섭취하면 당의 흡수를 억제시켜 식후 혈당 조절에 도움을 줄 수 있습니다.""

◆ 인체시험에서 난소화성말토덱스트린을 식사와 함께 섭취할 경우 당의 흡수를 억제시켜 식후 혈당 조절에 도움을 줄 수 있음을 확인하였으나 자료의 수가 제한되어 있음. 따라서 반드시 ‘---에 도움을 줄 수 있습니다’의 형식으로 표시하여야 함.",‘난소화성말토덱스트린’로서,◆ 난소화성말토덱스트린은 당뇨병의 치료 및 예방에 사용될 수 없으므로 당뇨병 치료가 필요한 경우에는 의사와 상담 하에 사용하여야 합니다.
2005-1,20050115,(주)유니젠,건강기능식품수입업,충청남도 천안시,유니벡스대나무잎추출물,"◆ ""유니벡스 대나무잎추출물은 혈중 콜레스테롤 및 지질 조절, 항산화 효과에 도움을 줄 수 있으나 인체시험을 통한 확인이 필요합니다.""

(동물시험에서 혈중 콜레스테롤 및 지질 조절, 항산화 효과에 도움을 줄 수 있음이 확인되었으나 인체시험 자료는 제출되지 않았음. 따라서 반드시 ‘--- 인체시험을 통한 확인이 필요합니다’의 형식으로 표시하여야 함.)","(tricin 으로서 0.345-2.07mg/일, p-coumaric acid 로서 1.095-6.57mg/일)",◆ 임신 중이거나 수유 중인 분 또는 콜레스테롤 저하 약물을 복용 중인 분은 의사의 상담 하에 섭취하는 것이 좋습니다.
2005-7,20050309,(주)엠에스엠월드와이드,건강기능식품수입업,서울특별시 관악구,Dimethylsulfone(MSM),"“Dimethylsulfone (MSM)은 관절건강에 도움이 될 수 있으나  인체시험을 통한 확인이 필요합니다.”

(동물시험을 통하여 관절건강에 도움이 될 수 있음이 확인되었으나 인체시험에서 확인이 필요함. 따라서, 반드시 “---는 도움을 줄 수 있으나 인체에서 확인이 필요합니다”라고 표기해야 함)",.,­ 본 제품은 관절건강에 도움을 줄 수 있으나 치료의 목적으로 사용될 수 없습니다.
2005-9,20050511,(주)에이치에프푸드,건강기능식품수입업,서울특별시 마포구,끼꼬망 포도종자추출물,"""인체의 항산화능 증진에 도움을 줄 수 있습니다.""

◆ 인체시험에서 끼꼬망 포도종자추출물을 섭취할 경우 항산화능 증진에 도움을 줄 수 있음을 확인하였으나 자료의 수가 제한되어 있음. 따라서 반드시 ‘---에 도움을 줄 수 있습니다’의 형식으로 표시하여야 함.",.,
2009-92,20091207,(주)렉스진바이오텍,건강기능식품수입업,충청북도 음성군,밀크씨슬추출물,“간 건강에 도움을 줄 수 있음” (기타기능II),Silymarin으로서 130mg,"1) 알레르기 반응이 나타나는 경우에는 섭취를 중단하십시오
2) 설사, 위통, 복부팽만 등의 위장관계 장애가 나타나는 경우에는 섭취를 주의하십시오"
2009-96,20091204,(주)렉스진바이오텍,건강기능식품수입업,충청북도 음성군,루테인추출물20%,“루테인은 노화로 인해 감소될 수 있는 황반색소밀도를 유지시켜 주어 눈 건강에 도움을 줍니다.”(기타 I등급),루테인으로서 10~20mg,"1) 과다 섭취 시 일시적으로 피부가 황색으로 변할 수 있습니다.
2) 임산부는 섭취 전 의사와 상담이 필요합니다."
2010-20,20100426,주식회사 내츄럴엔도텍,건강기능식품전문제조업,경기도 이천시,백수오 등 복합추출물,갱년기 여성의 건강에 도움을 줄 수 있음(기타 II),"백수오, 한속단, 당귀 열수추출물 로서 514mg/일","1) 임산부와 수유부는 섭취를 피하는 것이 좋습니다
2) 항응고제 또는 항혈전제를 복용하시는 분은 의사와 상의하시기 바랍니다"
2008-37,20080808,(주)바이오랜드,건강기능식품전문제조업,경기도 안산시 단원구,히알루론산,“피부 보습에 도움을 줄 수 있습니다.(기타Ⅱ)”,히알루론산(90%이상)으로써 120~ 240mg,"1) 임산부와 수유기 여성은 섭취를 피하는 것이 좋습니다.
2) 알레르기 및 특이체질, 질병치료 중인 사람은 섭취를 피하는 것이 좋습니다."
2016-16,20160928,주식회사 현대바이오랜드 안산,건강기능식품전문제조업,경기도 안산시 단원구,유산균발효마늘추출물분말,간 건강에 도움을 줄 수 있습니다.,유산균발효마늘추출물분말로서 1.8g/일,-
2012-16,20120420,보람바이오주식회사,수입식품등 수입ㆍ판매업,서울특별시 구로구,지방산복합물 FAC(Fatty Acid Complex),"관절 건강에 도움을 줄 수 있음
(생리활성기능2등급)","지방산복합물로서 1,248 mg/일",1) 임산부 및 수유부는 섭취 시 주의
2014-4,20140204,(주) 뉴트리,수입식품등 수입ㆍ판매업,서울특별시 송파구,스페인감초추출물,위 점막 내 헬리코박터균(Helicobacter pylori) 증식을 억제하고 위 점막을 보호하여 위 건강에 도움을 줄 수 있음(생리활성기능 2등급),감초추출물로서 150 mg/일,"- 임산부, 수유부 섭취에 주의"
2012-7,20120209,주식회사애니닥터헬스케어,수입식품등 수입ㆍ판매업,서울특별시 강서구,나토균배양분말,혈소판 응집억제에 의한 혈행개선에 도움을 줄 수 있음(생리활성기능 2등급),나토균배양분말로서 100 mg/일,"1) 대두에 알레르기를 나타내는 사람은 섭취에 주의
2) 임산부,수유부 섭취에 주의
3) 의약품(혈액항응고제) 복용시 섭취에 주의
4) 수술 전,후 섭취에 주의"
2009-42,20090429,(주)대덕약업,건강기능식품수입업,경기도 수원시 영통구,가르시니아 캄보지아 껍질추출물,“탄수화물에서 지방으로의 합성을 억제하여 체지방 감소에 도움을 줍니다(기타Ⅰ)”,"총 (-)-HCA로서 750~2,800 mg/day",1) 임산부와 수유기 여성은 섭취를 피하는 것이 좋습니다.
2007-6,20070605,(주)대덕약업,건강기능식품수입업,경기도 수원시 영통구,헤마토코쿠스 CO2 초임계 추출물,헤마토코쿠스 CO2 초임계추출물의 섭취는 눈의 피로도 개선에 도움을 줄 수 있습니다.”(기타Ⅱ등급),(Astaxanthin 으로서 6 mg/day),"- 제안된 섭취량 이상 섭취 시 일시적으로 피부가 황색으로 변할 수 있습니다.                                                                                                                           
 - 임산부와 수유기 여성은 섭취를 피하는 것이 좋습니다.                                                                                                                                                                                                                                                                                                                                         
 - β-carotene의 흡수를 저해할 수 있습니다."
2009-8,20090128,선경트레이딩(주),건강기능식품수입업,서울특별시 서초구,포스파티딜세린(LECI-PS 90 PN IP),“노인의 인지능력 개선에 도움을 줄 수 있습니다.” (기타기능II),포스파티딜세린으로서 300mg,"1) 임산부와 수유부는 섭취에 주의하시기 바람
2) 과잉섭취 시 위장장애나 불면증을 유발할 수 있음"
2010-8,20100308,(주)삼오제약,수입식품등 수입ㆍ판매업,서울특별시 강남구,아티초크추출물,“담즙분비를 촉진하여 지방 소화에 도움을 줄 수 있음(기타기능 II)”,아티초크추출물로서 1.92 g/일,"1) 담관에 이상이 있는 분은 의사와 상의하신 후 섭취하시기 바랍니다. 
2) 알레르기 반응이 나타나는 경우에는 섭취를 중단하시기 바랍니다."
2010-11,20100315,아이엠디,건강기능식품수입업,서울특별시 강남구,밀크씨슬추출물,“간 건강에 도움을 줄 수 있음” (기타기능II),Silymarin으로서 130mg,"1) 알레르기 반응이 나타나는 경우에는 섭취를 중단하십시오
2) 설사, 위통, 복부팽만 등의 위장관계 장애가 나타나는 경우에는 섭취를 주의 하십시오"
2014-40,20140825,(주)뉴메드,건강기능식품벤처제조업,서울특별시 동대문구,황기추출물 등 복합물(HT042),,,
2010-30,20100712,권우인베스트(주),건강기능식품수입업,서울특별시 강남구,밀크씨슬추출물,“간 건강에 도움을 줄 수 있음” (기타기능II),Silymarin으로서 130mg,"1) 알레르기 반응이 나타나는 경우에는 섭취를 중단하십시오
2) 설사, 위통, 복부팽만 등의 위장관계 장애가 나타나는 경우에는 섭취를 주의 하십시오"
2008-4,20080128,주영엔에스(주),건강기능식품수입업,서울특별시 서초구,공액리놀레산(CONJUGATED LINOLEIC ACID),"""공액리놀레산(Conjugated Linoleic Acid)은 과체중인 성인의 체지방 감소에 도움을 줄 수 있습니다.”","총공액리놀레산 (cis-9, trans-11 CLA, trans-10, cis-12 CLA, cis-9, cis-11 CLA, trans-9, trans-11 CLA의 합계량으로)","1) 위장장애가 발생할 수 있다.
2) 영유아, 임산부는 섭취를 삼가 해야 한다.
3) 식사조절, 운동을 병행하는 것이 체지방 감소에 효과적이다."
2006-26,20061206,(주)대덕약업,건강기능식품수입업,경기도 수원시 팔달구,탈지달맞이꽃종자주정추출물,"""당의 흡수를 억제하여 식후혈당상승억제에 도움을 줄 수 있습니다.” (기타기능Ⅱ)“",.,당뇨병의 치료 및 예방에 사용될 수 없으므로 당뇨병 치료가 필요한 경우에는 의사와 상담 하에 사용하여야 합니다.
2006-28,20061228,동부한농화학(주),건강기능식품수입업,서울특별시 강남구,CLA FFA,"“공액리놀레산(Conjugated Linoleic Acid)는 과체중인 성인의 체지방 감소에 도움을 줄 수 있습니다.”

(과체중인 성인을 대상으로 한 인체시험에서 CLA를 섭취한 경우 체지방(fat mass)감소에 도움을 줄 수 있음이 많은 자료에서 확인되었으나 한국인을 대상으로 한 자료가 없었음. 따라서 반드시 ‘---에 도움을 줄 수 있습니다’의 형식으로 표시하여야 함.)","공액리놀레산(cis-9, trans-11 CLA, trans-10, cis-12 CLA, cis-9, cis-11 CLA, trans-9, trans-11 CLA 이성체의 합계량) 으로","1. 위장장애가 발생할 수 있습니다.
2. 영유아, 임산부는 섭취를 삼가야 합니다.
3. 식사조절, 운동을 병행하는 것이 바람직합니다."
2007-4,20070105,네이쳐스메디신(주),건강기능식품수입업,서울특별시 성북구,아마인,“콜레스테롤 감소에 도움을 줄 수 있습니다“(기타기능Ⅱ),.,"1. 혈액응고와 관련된 질병이 있거나 혈액응고저해제를 섭취하는 경우는 반드시 의사나 약사와 상담 후에 섭취하여야 합니다.
2. 아마인의 섭취는 다른 약물의 흡수를 방해할 수 있으므로 약제를 섭취하는 경우에는 의사나 약사와 상담 후 섭취하여야 합니다."
2007-5,20070117,삼성물산(주),건강기능식품수입업,경기도 성남시 분당구,미쯔비시 코엔자임 Q10,"""코엔자임 Q10은 항산화에 도움을 줄 수 있습니다."" (기타기능II)",.,
2007-7,20070126,씨제이제일제당(주),건강기능식품수입업,서울특별시 중구,빌베리주정추출물,"""눈의 피로 개선에 도움을 줄 수 있습니다."" 
(기타기능 II)",(anthocyanosides로서 72~108mg/일),
2009-21,20090306,씨제이제일제당(주),수입식품등 수입ㆍ판매업,서울특별시 중구,CJ식물성유지 디글리세라이드(DG),이 제품은 디글리세라이드(Diacylglyceride)를 함유하고 있어 다른 식용유와 비교하였을 때 식후 혈중 중성지방과 체지방 증가가 적을 수 있음(기타기능II),일반 식용유 섭취방법과 동일,-
2015-9,20150320,(주)서흥,,충청북도 청주시 흥덕구,풋사과추출물 애플페논(Applephenon),체지방 감소에 도움을 줄 수 있음(생리활성기능 2등급),풋사과추출물 애플페논(Applephenon)으로서 600 mg,사과에 알레르기가 있으신 분은 섭취 시 주의
2013-36,20131212,일동바이오사이언스(주),건강기능식품전문제조업,서울특별시 서초구,L. Helveticus 발효물,"노화로 인해 저하된 인지력 개선에 도움을 줄 수 있으나, 관련 인체적용시험이 미흡함
(생리활성기능 3등급)",Lactobacillus Helveticus 발효물로서 1g/일,1) 유당불내증이 있는 사람은 섭취에 주의
2009-48,20090609,세창무역,건강기능식품수입업,서울특별시 송파구,CLA FFA,"“과체중인 성인의 체지방 감소에 도움을 줄 수 있습니다."" (기타기능 II)",공액리놀레산으로서 1.4~4.0 g/day,"1) 위장장애가 발생할 수 있습니다.
2) 영유아, 임산부는 섭취를 삼가야 해야 합니다.
3) 식사조절, 운동을 병행하는 것이 바람직합니다."
2007-22,20071210,(주)주안상사,건강기능식품수입업,서울특별시 동작구,로즈힙분말,"""로즈힙분말은 관절 및 연골건강에 도움을 줄 수 있습니다.”",로즈힙분말로서,
2009-41,20090429,(주)진용,건강기능식품수입업,경기도 수원시 영통구,가르시니아 캄보지아 껍질추출물 GARSLIM,“탄수화물에서 지방으로의 합성을 억제하여 체지방 감소에 도움을 줍니다(기타Ⅰ)”,"총 (-)-HCA로서 750~2,800 mg/day",1) 임산부와 수유기 여성은 섭취를 피하는 것이 좋습니다.
2008-31,20080618,(주)대덕약업,건강기능식품수입업,경기도 수원시 영통구,Enterococcus faecalis FK-23 효소 및 가열처리분말(LFK),“꽃가루에 의해 나타나는 코막힘의 개선에 도움을 줄 수 있음” (기타기능 II),Enterococcus faecalis FK-23 효소 및 가열처리분말로서 1g/day,1) 임산부와 수유기 여성은 섭취를 피하는 것이 좋습니다.
2012-20,20120626,(주)카인즈,수입식품등 수입ㆍ판매업,경기도 남양주시,폴리감마글루탐산,"체내 칼슘 흡수 촉진에 도움을 줄 수 있음
(생리활성기능 2등급)",폴리감마글루탐산으로서 60∼70 mg/일,-
2008-42,20080808,(주)네추럴에프앤피,수입식품등 수입ㆍ판매업,서울 송파구,포도 종자 추출물,"“인체의 항산화능 증진에 도움을 줄 수 있습니다."" (기타기능 II)",포도종자추출물로서,
2014-56,20141104,(주)내츄럴엔도텍,수입식품등 수입ㆍ판매업,서울특별시 송파구,감마리놀렌산 함유 유지,월경 전 변화에 의한 불편한 상태 개선에 도움을 줄 수 있음(생리활성기능 2등급),감마리놀렌산으로서 210 ～ 300 mg/일,「건강기능식품 기능성 원료 및 기준․규격  인정에 관한 규정」 제10조제2항에 따라 「건강기능식품의 기준 및 규격」에 고시 예정임
2014-50,20141007,(주)프롬바이오,수입식품등 수입ㆍ판매업,경기도 용인시 기흥구,매스틱 검,"위 불편감 개선에 도움을 줄 수 있음
(생리활성기능 2등급)","매스틱 검으로서 1,050 mg/일","임산부, 수유부 및 어린이는 섭취에 주의"
2014-65,20141212,주식회사 디와이내츄럴,수입식품등 수입ㆍ판매업,대전광역시 유성구,피니톨 분말,"혈당조절에 도움을 줄 수 있으나 
관련 인체적용시험이 미흡함
(생리활성기능 3등급)",피니톨로서 1.2g,1) 피니톨은 당뇨병의 치료 및 예방에 사용될 수 없으므로  당뇨병 치료가 필요한 경우에는 의사와 상담 하에 사용하여야 합니다.
2008-12,20080215,(주)로하스피아,건강기능식품수입업,서울특별시 송파구,Opti MSM,디메틸설폰(Dimethylsulfone)은 관절건강에 도움이 될 수 있습니다.(기타기능II),1.5~5.0g,1) 본 제품은 관절건강에 도움을 줄 수 있으나 치료의 목적으로 사용될 수 없습니다.
2010-42,20100903,네츄러리플러스코리아(주),건강기능식품수입업,서울특별시 강남구,루테인,“노화로 인해 감소될 수 있는 황반색소밀도를 유지하여 눈 건강에 도움을 줌”(기타기능Ⅰ),루테인으로서 10～20mg,1) 과다 섭취 시 일시적으로 피부가 황색으로 변할 수 있음
2009-5,20090128,(주)아모레퍼시픽,건강기능식품수입업,서울특별시 중구,테아닌(Theanine),“스트레스로 인한 긴장을 완화시키는데 도움을 줄 수 있음” (기타기능 II),L-테아닌 으로서 200~250 mg/일,"1) L-테아닌은 카페인과 길항작용이 있으므로 섭취 시 카페인 함유음료(커피, 홍차, 녹차 등)의 섭취를 삼가시기 바랍니다.
2) 임산부, 수유부 및 어린이, 기타 질병을 가지고 있는 사람은 섭취 전 의사와 상담하시기 바랍니다.
3) 수술 전 후에는 섭취에 주의하시기 바랍니다.
4) 과량 섭취 시 위장장애, 어지러움 등의 증상이 나타날 수 있습니다."
2009-14,20090227,(주)바이오리더스,건강기능식품전문제조업,대전광역시 유성구,가르시니아 캄보지아 추출물,"“탄수화물에서 지방으로의 합성을 억제하여 체지방 감소에 도움을 줍니다"" (기타기능 I)",총 (-)-HCA로서,- 임산부와 수유기 여성은 섭취를 피하는 것이 좋습니다.
2016-7,20160615,대상(주),건강기능식품수입업,서울특별시 동대문구,EPA 및 DHA 함유 유지,기억력 개선에 도움을 줄 수 있음,EPA와 DHA의 합으로서 0.9~2g/일,-
2016-6,20160615,코스맥스바이오,건강기능식품수입업,충청북도 제천시,EPA 및 DHA 함유 유지,건조한 눈을 개선하여 눈 건강에 도움을 줄 수 있음,EPA와 DHA의 합으로서 0.6~1 g/일,-
2015-31,20151224,(주)빅솔반월공장,수입식품등 수입ㆍ판매업,경기도 안산시 단원구,EPA 및 DHA 함유 유지,건조한 눈을 개선하여 눈 건강에 도움을 줄 수 있음(생리활성기능 2등급),EPA와 DHA의 합으로서 0.6~1 g/일,-
2006-17,20060817,콜마비앤에이치(주),건강기능식품전문제조업,세종특별자치시,헤모힘 당귀등 혼합추출물,,,
2016-12,20160823,(주)유니젠,건강기능식품수입업,충청남도 천안시 동남구,EPA 및 DHA 함유 유지,기억력 개선에 도움을 줄 수 있음,"DHA와 EPA의 합으로써, 0.9 ~ 2g",
2016-10,20160823,주식회사 아리너스,건강기능식품일반판매업,충청북도 제천시,헛개나무과병추출분말,알콜성 손상으로부터 간을 보호하는데 도움을 줄 수 있음(생리활성기능 2등급),"헛개나무과병추출분말로서 2,460 mg/일",-
2008-66,20081022,주식회사 노바렉스,수입식품등 수입ㆍ판매업,충청북도 청주시 청원구,루테인 지아잔틴 복합 추출물,노화로 인해 감소도리 수 있는 환반색소밀도를 유지시켜 주어 눈건강에 도움을 줍니다.(생리활성기능 1등급),루테인과 지아잔틴의 합으로서 10~20 mg,"1) 임산부는 섭취 전 의사와 상담이 필요합니다.
2) 과다 섭취 시 일시적으로 피부가 항색으로 변할 수 있습니다."
2015-20,20150630,아사히고도(주)서울영업소,,서울특별시 송파구,EPA 및 DHA 함유 유지,건조한 눈을 개선하여 눈 건강에 도움을 줄 수 있음(생리활성기능 2등급),EPA와 DHA의 합으로서 0.6~1 g/일,-
2007-13,20070403,선경트레이딩(주),수입식품등 수입ㆍ판매업,서울특별시 서초구,크레아틴,“크레아틴의 섭취는 근력 운동 시에 운동수행능력 향상에 도움을 줄 수 있습니다.”(기타기능 II),.,"1. 신장에 영향을 미치는 약물을 복용하거나 신장 이상의 위험이 있는 사람은 의사와 상담 후에 섭취하여야 합니다.
2. 어린이, 임산부, 수유부는 섭취를 삼가야 합니다.
3. 카페인은 크레아틴의 기능을 감소시킬 수 있습니다.
4. 크레아틴의 섭취는 탈수를 동반할 수 있으므로 충분한 물과 함께 섭취하여야 합니다.
5. 과다 섭취하지 마십시오."
2009-60,20090605,씨제이제일제당(주),건강기능식품수입업,서울특별시 중구,테아닌,“스트레스로 인한 긴장을 완화시키는데 도움을 줄 수 있음” (기타기능 II),L-테아닌 으로서 200~250mg/일,"1) L-테아닌은 카페인과 길항작용이 있으므로 섭취 시 카페인 함유음료(커피, 홍차, 녹차 등)의 섭취를 삼가시기 바랍니다.
2) 임산부, 수유부 및 어린이, 기타 질병을 가지고 있는 사람은 섭취 전 의사와 상담하시기 바랍니다.
3) 수술 전 후에는 섭취에 주의하시기 바랍니다.
4) 과량 섭취 시 위장장애, 어지러움 등의 증상이 나타날 수 있습니다."
2008-80,20081231,(주)대덕약업,건강기능식품수입업,경기도 수원시 영통구,아글리맥스(AglyMax) 30 이소플라본추출물,"(1) 성상 : 밝은 황갈색의 분말
 (2) 납(㎎/㎏) : 1.0 이하
 (3) 총비소(㎎/㎏) : 1.0 이하
 (4) 카드뮴(㎎/㎏) : 1.0 이하
 (5) 총수은(㎎/㎏) : 1.0 이하
 (6) 대장균군 : 음성",이소플라본 비배당체로서 25 mg/day,"1) 섭취 대상자는 폐경기 여성임
2) 임산부와 수유 여성은 섭취를 삼가야 함
3) 영유아, 어린이는 섭취를 삼가야 함
4) 대두 이소플라본에 민감한 사람은 섭취를 삼가야 함
5) 갑상선, 유방암, 자궁내막암, 방광암 환자 등은 섭취를 삼가야 합"
2006-20,20060913,(주)삼정향료,건강기능식품수입업,충청북도 음성군,Green Mate Extract EFLA920,"""Green Mate Extract EFLA? 920은 체지방 감소에 도움을 줄 수 있으나 아직은 과학적인 근거가 부족합니다."" 

소수의 인체시험에서 “Green Mate Extract EFLA? 920”이 체지방 감소에 도움을 줄 수 있음이 입증되었으나 이를 설명할 수 있는 과학적 근거가 부족합니다. (기타기능III)",.,
2008-52,20081003,(주)삼정향료,수입식품등 수입ㆍ판매업,충청북도 음성군,그린마테추출물 EFLA® 920,체지방 감소에 도움을 줄 수 있습니다 (기타기능II),Green Mate Extract EFLA 920로서 3g/일,"1) 어린이, 임산부 및 수유부는 섭취를 피할 것
2) 질환이 있거나 의약품 복용시 전문가와 상담할 것
3) 카페인을 함유한 식품의 섭취에 주의할 것
4) 이상사례를 발생 시 섭취를 중단하고 전문가와 상담할 것"
2013-23,20130711,주식회사 노바렉스,건강기능식품전문제조업,충청북도 청주시 청원구,루테인 지아잔틴 복합 추출물 20%,노화로 인해 감소될 수 있는 황반색소밀도를 유지시켜 주어 눈 건강에 도움을 줌(생리활성기능 1등급),루테인과 지아잔틴의 합으로서 10~20mg,"1) 임산부는 섭취 전 의사와 상담이 필요합니다.
2) 과다 섭취시 일시적으로 피부가 황색으로 변할 수 있습니다."
2008-84,20081231,(주)동원에프앤비,건강기능식품수입업,서울특별시 서초구,쏘팔메토 열매 추출물,“쏘팔메토 열매 추출물은 전립선 건강의 유지에 도움을 줄 수 있습니다” (기타기능II),쏘팔메토 열매 추출물로서 320mg,"1) 임산부 및 수유여성은 섭취에 주의
2) 메스꺼움이나 설사 등 소화계통의 불편함을 유발할 수 있음"
2010-18,20100422,타이요인터코리아(주),건강기능식품수입업,서울특별시 서초구,썬테아닌,“스트레스로 인한 긴장을 완화시키는데 도움을 줄 수 있음” (기타기능 II),L-테아닌 으로서 200~250 mg/일,"1) L-테아닌은 카페인과 길항작용이 있으므로 섭취 시 카페인 함유음료(커피, 홍차, 녹차 등)의 섭취를 삼가시기 바랍니다.
2) 임산부, 수유부 및 어린이, 기타 질병을 가지고 있는 사람은 섭취 전 의사와 상담하시기 바랍니다.
3) 수술 전 후에는 섭취에 주의하시기 바랍니다.
4) 과량 섭취 시 위장장애, 어지러움 등의 증상이 나타날 수 있습니다."
2013-32,20131121,주식회사 노바렉스,건강기능식품전문제조업,충청북도 청주시 청원구,전칠삼 추출물 등 복합물,관절건강에 도움을 줄 수 있음(생리활성기능2등급),전칠삼추출물 등 복합물로서 800 mg/일,-
2015-7,20150316,주식회사 노바렉스,건강기능식품전문제조업,충청북도 청주시 청원구,돌외잎 추출물,스트레스로 인한 긴장완화에 도움을 줄 수 있음(생리활성기능 2등급),돌외잎추출물로서 400 mg/일,"1) 과량 섭취 시 위장장애(구토와 위장운동 증가)가 발생할 수 있음
2) 아스피린, 혈액항고제 복용 시 섭취에 주의"
2010-39,20100830,주식회사 노바렉스,수입식품등 수입ㆍ판매업,충청북도 청주시 청원구,크랜베리 추출물,요로에 유해균 흡착 억제로 요로건강에 도움을 줄 수 있음(생리활성기능 2등급),크랜베리 추출물(Cran-Max)로서 500mg/일,-
2014-37,20140811,주식회사 노바렉스,건강기능식품전문제조업,충청북도 청주시 청원구,오메가-3 지방산 함유 유지,기억력 개선에 도움을 줄 수 있음(생리활성기능 2등급),DHA와 EPA의 합으로서 0.9~2 g/일,「건강기능식품 기능성 원료 및 기준․규격  인정에 관한 규정」 제10조제2항에 따라 「건강기능식품의 기준 및 규격」에 고시 예정임
2014-66,20141217,주식회사 노바렉스,건강기능식품전문제조업,충청북도 청주시 청원구,감마리놀렌산 함유 유지,면역과민반응에 의한 피부상태 개선에 도움을 줄 수 있음(생리활성기능 2등급),감마리놀렌산으로서 160~300 mg/일,「건강기능식품 기능성 원료 및 기준․규격  인정에 관한 규정」 제10조제2항에 따라 「건강기능식품의 기준 및 규격」에 고시 예정임
2016-20,20160928,(주)성우인터켐,수입식품등 수입ㆍ판매업,서울특별시 구로구,EPA 및 DHA 함유유지,건조한 눈을 개선하여 눈 건강에 도움을 줄 수 있음,EPA와 DHA의 합으로서 0.6~1 g/일,-
2009-46,20090429,(주)파미니티,건강기능식품벤처제조업,경기도 의왕시,피브로인추출물 (BF-7®),기억력 개선에 도움을 줄 수 있습니다. (기타 II등급),피브로인 추출물로서 200~400mg,1) 임산부 및 수유여성은 섭취에 주의
2014-25,20140609,롯데웰푸드(주),수입식품등 수입ㆍ판매업,경기도 화성시 만세구,카카오분말,혈관이완을 통한 혈행개선에 도움을 줄 수 있음(생리활성기능 2등급),카카오분말로서 2.8 g/일,"1) 제안된 일일섭취량 이상 과량 섭취하지 않도록 주의
2) 임산부와 수유부, 카페인에 민감한 사람의 경우 섭취에 주의
3) 특정 질병이 있는 경우 섭취 전에 의사와 상담"
2010-2,20100202,(주)대덕약업,수입식품등 수입ㆍ판매업,경기도 수원시 영통구,연어펩타이드,"혈압이 높은 사람에게 도움을 줄 수 있음
(기타기능II)",연어 펩타이드로서 2g/일,"1) 임산부, 수유부는 섭취를 삼가시기 바랍니다.
2) 어린이, 노인, 신부전이 있는 사람, 혈압약을 복용하시는 분이 섭취 시에는 의사와 상담하셔야 합니다."
2009-86,20091028,(주)바이오랜드,건강기능식품수입업,경기도 안산시,헛개나무 과병 추출 분말,1) 알콜성 손상으로부터 간을 보호하는데 도움을 줄 수 있음(기타 II) 2) 스트레스로 인한 피로 개선에 도움을 줄 수 있음(생리활성기능 2등급) 3) 운동능력 향상에 도움을 줄 수 있음(생리활성기능 2등급),"헛개나무 과병 추출 분말로서 2,460mg",-
2010-28,20100701,한국암웨이(주),수입식품등 수입ㆍ판매업,서울특별시 강남구,피카오프레토 분말 등 복합물(ClearGuardTM),“과민반응에 의한 코 상태 개선에 도움을 줄 수 있음(기타Ⅱ)”,"‘아세로라농축물, 계피추출물, 피카오프레토분말 3종 혼합물’로서 1,350 mg/일","1) 임산부와 수유부, 어린이는 섭취에 주의하시기 바랍니다."
2011-26,20110926,주식회사 노바렉스,수입식품등 수입ㆍ판매업,충청북도 청주시 청원구,회화나무열매추출물,갱년기 여성의 건강에 도움을 줄 수 있음(기타기능Ⅱ),회화나무열매추출물로서 350 mg/일,1) 에스트로겐 호르몬에 민감한 사람은 섭취에 주의
2011-21,20110909,(주)헤너스,수입식품등 수입ㆍ판매업,경기도 성남시 분당구,글로빈 가수분해물,식후 혈중 중성지질 개선에 도움을 줄 수 있음(기타기능Ⅱ),글로빈 가수분해물로서 1 g/일,"1) 영유아, 어린이, 임산부와 수유부는 섭취 시 주의
2) 높은 혈당 및 당뇨환자는 섭취 시 주의"
2009-87,20091207,(주)삼오제약,건강기능식품수입업,서울특별시 강남구,해태올리고펩타이드,“혈압조절에 도움을 줄 수 있음(기타기능II)”,해태올리고펩티드로서 1.6g,1) 해조식 섭취에 주의해야 하는 분은 섭취를 삼가시기 바랍니다.
2013-25,20130820,(주)뉴메드,수입식품등 수입ㆍ판매업,서울특별시 동대문구,가시오갈피 등 복합추출물,"관절 건강에 도움을 줄 수 있음
(생리활성기능 2등급)",가시오갈피 등 복합추출물 로서 1.5 g/일,"1) 임산부 및 수유부 여성은 섭취에 주의
2) 알레르기 및 특이체질, 질병치료 중인 사람은 섭취에 주의"
2014-45,20140912,(주)메디앤바이오,수입식품등 수입ㆍ판매업,경기도 평택시,L-arabinose,"설탕 소화흡수를 완만하게 하여 혈당조절에 
도움을 줄 수 있음
(생리활성기능 2등급)",신청원료로서 설탕 섭취량의 3% (L-arabinose를 포함하는 설탕으로서 6 g/일),"1) 과도한 설탕의 섭취는 건강에 해로울 수 있음
2) 본 원료를 과량으로 섭취하면 설사를 유발할 수 있음
3) 당뇨병 치료를 받으시는 분은 의사와 상담 후 본 원료를 섭취할 것을 권장함"
2008-9,20080214,(주)씨스팡,수입식품등 수입ㆍ판매업,서울특별시 구로구,칸탈로프멜론추출물,1)산화스트레스로부터 인체를 보호하는데 도움을 줄 수 있습니다(기타II) 2)혈관벽 두께 증가 억제를 통한 혈행개선에 도움을 줄 수 있습니다(기타II) 3) 자외선에 의한 피부홍반개선으로 피부건강에 도움을 줄수 있음(기타II),"500~1,00 IU/일 (SOD 활성으로서)",1) 밀 단백질에 알레르기를 나타내는 사람은 섭취에 주의
2012-12,20120326,(주)성균바이오텍,건강기능식품전문제조업,경기도 안산시 단원구,민들레 등 추출복합물,피부보습에 도움을 줄 수 있음(생리활성기능 2등급),민들레 등 추출복합물로서 750 mg/day,-
2012-23,20120917,(주)키토라이프,건강기능식품전문제조업,경기도 평택시,키토올리고당,"체지방 감소에 도움을 줄 수 있으나, 관련 인체적용시험이 미흡함(생리활성기능 3등급)",키토올리고당으로서 3g,1) 게 또는 새우에 알레르기가 있는 사람은 섭취에 주의
2012-27,20120928,(주)서흥캅셀,건강기능식품전문제조업,충청북도 청주시 흥덕구,로즈힙분말,관절 및 연골 건강에 도움을 줄 수 있음(생리활성기능 2등급),로즈힙분말로서 5g/일,"1) 알레르기 반응을 보이는 사람의 경우 섭취 전 성분 확인 필요함
2) 임산부, 수유부, 어린이의 섭취는 전문의와 상담 후 섭취를 권장함"
2013-4,20130306,한국인스팜주식회사,건강기능식품전문제조업,전남광주통합특별시 화순군,발효울금,"간 건강에 도움을 줄 수 있으나, 관련 인체적용시험이 미흡함(생리활성기능 3등급)",발효울금으로서 3g/일,"1) 어린이, 임산부 및 수유부는 섭취에 주의
2) 항응고제 복용시 섭취에 주의"
2013-6,20130417,(주)지에프퍼멘텍,건강기능식품전문제조업,세종특별자치시,나토균배양분말,혈행 개선에 도움을 줄 수 있음(생리활성기능 2등급),나토균배양분말로서 44~64 mg/일,"1) 대두에 알레르기를 나타내는 사람은 섭취에 주의
2) 임산부, 수유부 섭취에 주의
3) 의약품(혈액항응고제)복용 시 섭취에 주의
4) 수술 전, 후 섭취에 주의"
2013-14,20130703,(주)오스코텍,건강기능식품벤처제조업,경기도 성남시 분당구,가시오가피숙지황복합추출물,뼈 건강에 도움을 줄 수 있음(생리활성기능 2등급),가시오가피숙지황 복합추출물로서 800mg/일,"1) 영.유아, 임산부, 수유부는 섭취에 주의
2) 알레르기 체질이거나 특정질환이 있는 사람은 섭취에 주의"
2013-31,20131017,(주)파미니티,건강기능식품벤처제조업,경기 과천시,MR-10 민들레등복합추출물,갱년기 남성의 건강에 도움을 줄 수 있음(생리활성기능 2등급),MR-10 민들레등복합추출물로서 400 mg,-
2012-31,20121109,주영엔에스(주),수입식품등 수입ㆍ판매업,서울특별시 서초구,콩발효추출물,,,
2012-32,20121109,(주)네이처텍,수입식품등 수입ㆍ판매업,충청북도 진천군,콩발효추출물,식후 혈당상승 억제에 도움을 줄 수 있음(생리활성기능 2등급),콩발효추출물로서 900 mg/일,"1) 대두에 알레르기를 나타내는 사람은 섭취 시 주의
2) 임산부, 수유부 및 어린이는 섭취 시 주의"
2014-43,20140904,(주)삼정,수입식품등 수입ㆍ판매업,서울특별시 관악구,호박씨추출물 등 복합물,방광의 배뇨기능 개선에 도움을 줄 수 있음(생리활성기능 2등급),"호박씨추출물 등 복합물로서 600 ～ 1,000 mg/일","1) 영유아, 어린이, 임산부와 수유부는 섭취에 주의2) 호박씨, 대두에 알레르기를 나타내는 사람은 섭취에 주의3) 에스트로겐 호르몬에 민감한 사람은 섭취에 주의"
2014-44,20140911,(주)뉴트라젠,건강기능식품벤처제조업,충청북도 음성군,참당귀 추출분말(Nutragen),1) 노화로 저하된 인지기능 개선에 도움을 줄 수 있음 2) 관절건강에 도움을 줄 수 있음(생리활성기능 2등급),1) 참당귀 추출분말(Nutragen)로서 800 mg/일(인지기능 개선) 2) 참당귀추출분말(Nutragen)로서 800 mg(관절건강),"1) 소화불량, 속쓰림 등이 나타날 수 있습니다.
2) 혈액응고방지제 또는 혈당강하제를 복용하시는 분은 의사의 상담 하에 사용하여 주십시오."
2012-24,20120921,씨제이웰케어,수입식품등 수입ㆍ판매업,서울특별시 중구,Collactive 콜라겐펩타이드,"피부 보습에 도움을 줄 수 있음
(생리활성기능 2등급)",Collactive콜라겐펩타이드로서 2g/일,1) 임산부와 수유부는 섭취에 주의하시기 바랍니다.
2012-5,20120120,사빈사코리아주식회사,,서울특별시 강남구,콜레우스 포스콜리 추출물,"체지방 감소에 도움을 줄 수 있음
(생리활성기능 2등급)",콜레우스 포스콜리 추출물로서 500 mg/일,"1) 임산부, 수유여성, 어린이는 섭취에 주의"
2015-11,20150406,주식회사 헬스바이오메드,건강기능식품벤처제조업,서울특별시 강남구,인삼다당체추출물,,,
2015-22,20151104,(재)제주테크노파크,건강기능식품전문제조업,제주특별자치도 제주시,까마귀쪽나무 열매 주정추출물,관절건강에 도움을 줄 수 있음(생리활성기능 2등급),까마귀쪽나무 열매 주정추출물로서 200 mg/일,-
2013-18,20130703,(주)뉴트리플랜,건강기능식품벤처제조업,경기도 파주시,로즈힙분말,관절 및 연골 건강에 도움을 줄 수 있음(생리활성기능 2등급),로즈힙분말로서 5g/일,"1) 알레르기 반응을 보이는 사람의 경우 섭취전 성분 확인 필요함
2) 임산부, 수유부, 어린이의 섭취는 전문의와 상담 후 섭취를 권장함"
2006-3,20100401,(주)유니젠,건강기능식품전문제조업,충청남도 천안시 동남구,황금등복합물,,,
2013-13,20130605,(주)장생도라지,건강기능식품벤처제조업,경상남도 진주시,도라지추출물(DRJ-AD),"노인의 인지능력 개선에 도움을 줄 수 있으나, 인체적용시험이 미흡(생리활성기능 3등급)",도라지추출분말로서 3g/일,-
2009-50,20090605,(주)HK바이오텍,건강기능식품전문제조업,경상남도 진주시,HK 나토배양물,"혈액의 흐름을 방해할 수 있는 혈소판응집을 억제하여, 혈액흐름을 원활히 하는데 도움을 줄 수 있음(기타 II)",HK나토배양물로서 133mg,"1) 알레르기 체질이신 분은 원재료를 확인하신 후 섭취하십시오.
2) 임산부와 수유기 여성은 섭취를 피하는 것이 좋습니다.
3) 과다 섭취시 혈액응고가 저해되어 출혈 위험이 증가될 수 있습니다.
4) 항혈전 관련 약품(항응고제, 항혈소판제제)을 섭취하는 사람은 의사와 상담 후 섭취하여야 합니다.
5) 수술 전과 후에는 섭취를 피해야 합니다."
2016-21,20161226,(주)바이오믹스,건강기능식품벤처제조업,경기도 고양시 일산동구,오미자추출물,갱년기 여성 건강에 도움을 줄 수 있음(생리활성기능 2등급),오미자추출물로서 783 mg/일,-
2012-21,20120726,(주)사노피-아벤티스코리아,수입식품등 수입ㆍ판매업,서울특별시 강남구,유단백가수분해물(락티움),스트레스로 인한 긴장 완화에 도움을 줄 수 있음(생리활성기능 2등급),유단백가수분해물(락티움)로서 150 mg/일,"1) 임산부, 수유여성 및 어린이는 섭취에 주의
2) 우유 및 유제품에 대하여 알레르기를 나타내는 사람은 섭취에 주의"
2014-46,20141002,한국인스팜(주),건강기능식품벤처제조업,전남광주통합특별시 화순군,비파엽추출물,기억력 개선에 도움을 줄 수 있음(생리활성기능 2등급),비파엽추출물로서 1.5g,-
2014-20,20140519,대상(주),건강기능식품벤처제조업,전북특별자치도 군산시,발효식초석류복합물,,,
2017-7,20100715,(주)HK바이오텍,건강기능식품전문제조업,경상남도 진주시,HK표고버섯균사체,,,
2017-8,20101026,(주)오스코텍,건강기능식품벤처제조업,충청남도 천안시 서북구,전칠삼추출물 등 복합물,,,
2017-10,20101224,(주)리즈바이오텍,건강기능식품벤처제조업,대전광역시 유성구,복분자추출분말,,,
2011-25,20110926,(주)후드코리아,건강기능식품전문제조업,충청남도 금산군,회화나무열매추출물,갱년기 여성의 건강에 도움을 줄 수 있음(기타기능 II),회화나무열매추출물로서 350 mg/일,1) 에스트로겐 호르몬에 민감한 사람은 섭취에 주의
2008-32,20080617,금사머쉬앤팜,건강기능식품전문제조업,경기 여주군,금사상황버섯,면역기능 개선에 도움을 줄 수 있음(기타기능II),금사상황버섯추출물로서 3.3g/day,-
2018-14,20190102,주식회사 뉴온,수입식품등 수입ㆍ판매업,서울특별시 강남구,시서스추출물,체지방 감소에 도움,시서스추출물의 일일섭취량은 300mg/일,임산부 및 수유부는 섭취에 주의한다.
2019-2,20190408,국립원예특작과학원 인삼특작부,집단급식소,충청북도 음성군,인삼추출물,-,,
2019-3,20190408,(주)휴온스내츄럴,건강기능식품전문제조업,충청북도 진천군,깻잎추출물(PF501),체지방 감소에 도움을 줄 수 있음,,
2014-61,20141209,(주)로하스피아,수입식품등 수입ㆍ판매업,서울특별시 송파구,감마리놀렌산 함유 유지,월경 전 변화에 의한 불편한 상태 개선에 도움을 줄 수 있음(생리활성기능 2등급),감마리놀렌산으로서 210 ～ 300 mg/일,※「건강기능식품 기능성 원료 및 기준 규격  인정에 관한 규정」 제10조제2항에 따라 「건강기능식품의 기준 및 규격」에 고시 예정임
2014-55,20141103,(주)자연의힘,식품등 수입판매업,경기도 평택시,오메가-3 지방산 함유 유지,"기억력 개선에 도움을 줄 수 있음
 (생리활성기능 2등급)",DHA와 EPA의 합으로서 0.9 ～ 2 g/일,「건강기능식품 기능성 원료 및 기준․규격  인정에 관한 규정」 제10조제2항에 따라 「건강기능식품의 기준 및 규격」에 고시 예정임
2014-28,20140702,(주)프롬바이오,식품등 수입판매업,제주특별자치도 제주시,와일드망고 종자추출물,"체지방 감소에 도움을 줄 수 있음
(생리활성기능 2등급)",와일드망고 종자추출물로서 300 mg,임산부 및 수유 여성은 섭취에 주의
2017-1,20170331,(주)휴온스,건강기능식품수입업,충청북도 제천시,허니부쉬추출발효분말,자외선에 의한 피부손상으로부터 피부 건강을 유지하는데 도움,허니부쉬추출발효분말로서 400~800mg/일,알레르기 체질이거나 특정질환이 있는 분은 섭취 전 의사와 상담바랍니다.
2014-8,20140219,"에이케이바이오링크 주식회사 (AK Biolink Co.,Ltd)",수입식품등 수입ㆍ판매업,서울특별시 성동구,옥수수배아추출물,피부보습에 도움을 줄 수 있음(생리활성기능 2등급),옥수수배아추출물로서 40~60 mg/일,"1) 영.유아, 임산부와 수유부는 섭취에 주의
2) 알레르기 체질이거나 특정질환이 있는 분은 섭취 전 의사와 상담"
2012-17,20120510,(주)성지코퍼레이션,건강기능식품일반판매업,서울특별시 송파구,밀크씨슬 추출물(Milk Thistle Extract),간 건강에 도움을 줄 수 있음(생리활성기능 2등급),실리마린(Silymarin) 으로서 130 mg/일,"1) 알레르기 반응이 나타나는 경우에는 섭취 중단
2) 설사, 위통, 복부팽만 등의 위장관계 장애가 나타나는 경우에는 섭취에 주의"
2007-12,20070829,솔젠트(주),건강기능식품벤처제조업,대전광역시 유성구,피니톨 분말,피니톨은 캐롭빈 포드에서 정제?추출한 원료로서 혈당조절에 도움을 줄 수 있으나 인체시험에서 확인이 필요합니다.,.,피니톨은 당뇨병의 치료 및 예방에 사용될 수 없으므로  당뇨병 치료가 필요한 경우에는 의사와 상담 하에 사용하여야 합니다.
2007-15,20070928,게란티제약(주),건강기능식품전문제조업,충청남도 보령시,바이오게르마늄 효모,면역기능 증진에 도움,바이오게르마늄 효모로서 1.2g,
2019-4,20190408,(주)에치와이 평택공장,건강기능식품전문제조업,경기도 평택시,L. curvatus HY7601와 L. plantarum KY1032의 프로바이오틱스 복합물,,,
2019-5,20190415,주식회사 플루토,건강기능식품벤처제조업,경기도 성남시 수정구,연어이리추출물(DOT™연어핵산),위 점막을 보호하여 위 건강에 도움을 줄 수 있음,연어이리추출물(PRP연어핵산)로서 750mg/일,
2019-6,20190419,한국암웨이(주),수입식품등 수입ㆍ판매업,서울특별시 강남구,루바브뿌리추출물,갱년기 여성건강에 도움을 줄 수 있음,,
2017-3,20170609,(주)휴온스엔,건강기능식품전문제조업,강원특별자치도 춘천시,허니부쉬추출발효분말,자외선에의한 피부손상으로 피부건강 유지에 도움을 줄 수 있음,허니부쉬추출발효분말로서 400~800 mg/일,"1) 어린이, 임산부, 수유부는 섭취에 주의
2) 유당불내증이 있는 사람은 섭취에 주의"
2017-2,20170428,에스케이바이오랜드 주식회사,건강기능식품전문제조업,경기도 안산시 단원구,히알루론산,자외선에 의한 피부손상으로부터 피부 건강 유지에 도움을 줄 수 있음(생리활성기능 2등급),히알루론산으로서 240 mg/일,-
2015-12,20150409,(주)비티씨,건강기능식품벤처제조업,경기도 안산시 상록구,감마리놀렌산함유유지,월경 전 변화에 의한 불편한 상태 개선에 도움을 줄 수 있음(생리활성기능 2등급),감마리놀렌산으로서 210~300 mg/일,-
2015-13,20150409,(주)비티씨,건강기능식품벤처제조업,경기도 안산시 상록구,감마리놀렌산함유유지,면역과민반응에 의한 피부 상태 개선에 도움을 줄 수 있음(생리활성기능 2등급),감마리놀렌산으로 160~300 mg/일,"1) 영.유아, 어린이는 섭취 전 의사와 상담하여야 함"
2015-15,20150416,주식회사 노바렉스,건강기능식품전문제조업,충청북도 청주시 청원구,히알루론산,피부 보습에 도움을 줄 수 있음(생리활성기능 2등급),히알루론산으로서 120 mg/일,"1) 임산부, 수유부는 섭취에 주의
2) 알레르기 체질 및 특이체질, 질병치료 중인 사람은 섭취에 주의"
2013-35,20131128,(주)엔지켐생명과학,건강기능식품전문제조업,충청북도 제천시,"피엘에이지(PLAG, 1-palmitoyl-2-linoleoyl-3-acetyl-rac-g",면역조절에 도움을 줄 수 있음(생리활성기능 2등급),"피엘에이지(PLAG, 1-palmitoyl-2-linoleoyl-3-acetyl -rac-glycerol)로서 1 g/일","1) 장기간(6개월 이상) 섭취 시 주의(삭제) 2) 어린이, 임산부, 수유부 및 가임여성은 섭취를 삼가(일부 삭제: 및 가임여성은) 3) 위장장애가 발생할 수 있으므로 주의"
2012-36,20121231,(주)한국야쿠르트 중앙연구소,수입식품등 수입ㆍ판매업,경기도 용인시 기흥구,핑거루트추출분말,1) 자외선에 의한 피부손상으로부터 피부 건강을 유지하는데 도움을 줄 수 있음(생리활성기능 2등급) 2) 체지방 감소에 도움을 줄 수 있음(생리활성기능 2등급),핑거루트추출분말로서 600mg/일,-
2018-2,20180213,(주)대덕약업,건강기능식품일반판매업,경기도 수원시 영통구,빌베리추출물,눈의 피로도 개선에 도움,빌베리추출물로서 120~240mg,
2019-10,20190516,아사히고도(주)서울지점,건강기능식품일반판매업,서울특별시 성동구,빌베리추출물,눈의 피로도 개선에 도움,빌베리추출물로서 160~240mg,
2019-7,20190517,(주)뉴트리,수입식품등 수입ㆍ판매업,경기도 성남시 중원구,스페인감초추출물,위 점막 내 헬리코박터(Helicobacter pylori) 증식을 억제하고 위 점막을 보호하여 위 건강에 도움을 줄 수 있습니다.,150mg,
2015-25,20151104,(주)백중인터내셔널,수입식품등 수입ㆍ판매업,서울특별시 서초구,EPA 및 DHA 함유유지,건조한 눈을 개선하여 눈 건강에 도움을 줄 수 있음(생리활성기능 2등급),EPA와 DHA의 합으로서 0.6~1 g/일,-
2015-4,20150105,(주)동일팜텍,수입식품등 수입ㆍ판매업,서울특별시 강남구,감마리놀렌산함유유지,면역과민반응에 의한 피부상태 개선에 도움을 줄 수 있음(생리활성기능 2등급),감마리놀렌산으로 160~300 mg/일,"영.유아, 어린이는 섭취 전 의사와 상담하여야 함"
2015-5,20150105,(주)동일팜텍,수입식품등 수입ㆍ판매업,서울특별시 강남구,감마리놀렌산함유유지,월경 전 변화에 의한 불편한 상태 개선에 도움을 줄 수 있음(생리활성기능 2등급),감마리놀렌산으로서 210~300 mg/일,-
2015-8,20150317,(주)동일팜텍,수입식품등 수입ㆍ판매업,서울특별시 강남구,EPA 및 DHA 함유 유지,기억력 개선에 도움을 줄 수 있음(생리활성기능 2등급),EPA와 DHA의 합으로서 0.9~2 g/일,-
2014-2,20140129,(주)세광에스티코퍼레이션,수입식품등 수입ㆍ판매업,서울특별시 금천구,강황 추출물(터마신),관절건강에 도움을 줄 수 있음(생리활성기능 2등급),강황 추출물로서 1 g/일,"1) 영.유아, 임산부, 수유부는 섭취에 주의
2) 강황 알레르기 체질이거나 특정질환(담낭질환 등)이 있는 분은 섭취에 주의
3) 제안된 섭취량 이상 섭취 시 소화불량, 위장장애, 메스꺼움, 위산역류 등이 있을 수 있음"
2014-10,20140423,주영엔에스(주),수입식품등 수입ㆍ판매업,서울특별시 서초구,오메가-3 지방산 함유 유지,기억력 개선에 도움을 줄 수 있음(생리활성기능 2등급),DHA와 EPA의 ㅎ바으로서 0.9~2 g/일,-
2019-26,20191105,코스맥스엔비티(주),건강기능식품전문제조업,경기도 이천시,리스펙타(RespectaⓇ) [프로바이오틱스 등복합물],,,
2007-23,20071214,풀무원건강생활(주),수입식품등 수입ㆍ판매업,충청북도 증평군,PMO참밀알부민,,,
2011-39,20111026,씨제이웰케어,수입식품등 수입ㆍ판매업,서울특별시 중구,크랜베리 추출물,요로에 유해균 흡착 억제로 요로건강에 도움을 줄 수 있음(기타기능 II),크랜베리추출물로서 500mg/일,-
2011-16,20110511,뉴스킨코리아(주),수입식품등 수입ㆍ판매업,서울특별시 강남구,동충하초 유래 P. hepiali 균사체(Cs-4) 추출물,지구력 증진에 도움을 줄 수 있음,동충하초 발효 추출물로서 2.5 g/일,"1) 어린이, 임산부, 수유부는 섭취에 주의
2) 섭취 시 가벼운 위 불쾌감 유발 가능
3) 혈당강하제, 항응고제, 항우울제와 병용 시 섭취에 주의"
2017-5,20171010,(주)두한바이오,건강기능식품벤처제조업,서울특별시 서초구,호로파종자 등 추출복합물,남성의 갱년기 건강에 도움을 줄 수 있음,호로파종자 등 추출복합물로서 400 mg/일,1) 땅콩 알레르기가 있는 사람은 섭취에 주의
2019-8,20190517,풀무원건강생활(주),건강기능식품전문제조업,충청북도 증평군,상황버섯등 추출복합물,혈관 건강 개선을 통해 혈행개선에 도움을 줄 수 있습니다.,,
2019-12,20190705,주영엔에스(주),수입식품등 수입ㆍ판매업,서울특별시 송파구,피쉬 콜라겐펩타이드,자외선에 의한 피부손상으로부터 피부건강을 유지하는데 도움을 줄 수 있음,"신청원료로서 3,270mg/일 (콜라겐펩타이드로서 3,000mg)",
2019-13,20190705,국립농업과학원본원동,집단급식소,전북특별자치도 완주군,쑥부쟁이추출분말,-,,
2019-14,20190705,주식회사 녹십자웰빙,수입식품등 수입ㆍ판매업,서울특별시 성동구,그린세라-F (인동덩굴꽃봉오리추출물),,,
2019-25,20191113,광동헬스바이오(주),건강기능식품전문제조업,충청북도 청주시 청원구,로즈마리자몽추출복합물,자외선에 의한 피부손상으로부터 피부건강을 유지하는데 도움을 줄 수 있음,100~250 mg/day,"의약품(혈압강하제, 부정맥치료제, 고지혈증치료제, 항응고제 등)을 복용하시는 분은 섭취 전 의사와 상담"
2019-27,20191113,(주)키토라이프,건강기능식품전문제조업,경기도 평택시,포도과피 효소발효추출물(KL-GEFE),안구건조 개선에 도움을 줄 수 있음,,
2008-68,20081112,(주)네츄럴라이프,건강기능식품수입업,서울특별시 성북구,Tonalin CLA FFA,"“과체중인 성인의 체지방 감소에 도움을 줄 수 있습니다."" (기타기능 II)",공액리놀레산으로서 1.7~4.0 g/day,"1) 위장장애가 발생할 수 있습니다.
2) 영유아, 임산부는 섭취를 삼가야 해야 합니다.
3) 식사조절, 운동을 병행하는 것이 바람직합니다."
2007-9,20070709,주영엔에스(주),건강기능식품수입업,서울특별시 서초구,헤마토코쿠스 CO2 초임계 추출물,“헤마토코쿠스 CO2 초임계추출물의 섭취는 눈의 피로도 개선에 도움을 줄 수 있습니다.”(기타Ⅱ등급),(Astaxanthin 으로서 6 mg/day),"- 제안된 섭취량 이상 섭취 시 일시적으로 피부가 황색으로 변할 수 있습니다.                                                                                                                          
 - 임산부와 수유기 여성은 섭취를 피하는 것이 좋습니다.                                                                                                                                                                                                                                                                                                                                         
 - β-carotene의 흡수를 저해할 수 있습니다."
2019-16,20190705,고려은단(주),건강기능식품전문제조업,경기도 성남시 중원구,루테인지아잔틴복합추출물,-,,
2008-17,20080324,씨제이제일제당(주),건강기능식품수입업,서울특별시 중구,히알우론산나트륨,“피부 보습에 도움을 줄 수 있습니다.(기타Ⅱ)”,히알우론산나트륨으로써 120mg,"1) 임산부와 수유기 여성은 섭취를 피하는 것이 좋습니다.
2) 알레르기 및 특이체질, 질병치료 중인 사람은 섭취를 피하는 것이 좋습니다."
2019-17,20190814,코스맥스바이오(주),건강기능식품전문제조업,충청북도 제천시,차즈기추출물,눈의 피로도 개선에 도움,차즈기추출물의 일일섭취량은 500mg/일,임산부 및 수유부는 섭취에 주의한다.
2009-30,20090416,(주)디앤피천연물연구소,,경기도 용인시 처인구,밀크씨슬추출물,“간 건강에 도움을 줄 수 있으나 인체시험을 통한 확인이 필요함” (기타기능III),Silymarin으로서 250~360mg,"1) 알레르기 반응이 나타나는 경우에는 섭취를 중단하십시오
2) 설사, 위통, 복부팽만 등의 위장관계 장애가 나타나는 경우에는 섭취를 주의 하십시오"
2009-26,20090402,(주)뉴트리션웨이브,건강기능식품수입업,경기도 성남시 분당구,Novasoy,“뼈 건강에 도움을 줄 수 있습니다.” (기타기능 II),이소플라본 비배당체로서 25mg/day,"1) 섭취시 대상자는 폐경기 여성임.
2) 임산부와 수유 여성은 섭취를 삼가야 함.
3) 영유아, 어린이는 섭취를 삼가야 함.
4) 대두 이소플라본에 민감한 사람은 섭취를 삼가야 함.
5) 갑상선, 유방암, 자궁내막암, 방광암 환자 등은 섭취를 삼가야 함."
2009-27,20090402,주영엔에스(주),건강기능식품수입업,서울특별시 서초구,쏘이라이프(Soylife),“뼈 건강에 도움을 줄 수 있습니다.” (기타기능 II),이소플라본 비배당체로서 25mg/day,"1) 섭취 대상자는 폐경기 여성임.
2) 임산부와 수유 여성은 섭취를 삼가야 함.
3) 영유아, 어린이는 섭취를 삼가야 함.
4) 대두 이소플라본에 민감한 사람은 섭취를 삼가야 함.
5) 갑상선, 유방암, 자궁내막암, 방광암 환자 등은 섭취를 삼가야 함."
2014-27,20140703,(주)빅솔반월공장,수입식품등 수입ㆍ판매업,경기도 안산시 단원구,UREX 프로바이오틱스,"유산균 증식을 통한 여성 질 건강에 도움을 줄 수 있음
 (생리활성기능 2등급)",신청원료로 9.7 mg/일 (프로바이오틱스로서 109 CFU/일,1) 알레르기 체질이거나 특정질환이 있는 분은 섭취 전 의사와 상담
2009-93,20091207,(주)알피코프,건강기능식품수입업,서울특별시 강남구,밀크씨슬추출물,“간 건강에 도움을 줄 수 있음” (기타기능II),Silymarin으로서 130mg,"1) 알레르기 반응이 나타나는 경우에는 섭취를 중단하십시오
2) 설사, 위통, 복부팽만 등의 위장관계 장애가 나타나는 경우에는 섭취를 주의 하십시오"
2010-48,20101101,(주)한국메디,건강기능식품전문제조업,경기도 평택시,소엽추출물,"면역 과민반응 개선에 도움을 줄 수 있으나 
인체에서의 확인이 필요함(기타기능III)",-,
2005-15,20050804,아미코젠(주)문산제2공장,건강기능식품전문제조업,경상남도 진주시,피니톨,간 건강에 도움을 줄 수 있음,섭취량:300mg/g,"영·유아, 임부나 수유부는 섭취에 주의, 알레르기 체질이거나 특정질환이 있는 분은 섭취 전 의사와 상담 필요합니다."
2011-37,20111025,씨제이제일제당(주),수입식품등 수입ㆍ판매업,서울특별시 중구,타가토스,식후 혈당조절에 도움을 줄 수 있음(기타기능II),D-tagatose 로서 5~7.5 g/일,1) 과량 섭취 시 위장장애가 발생할 수 있음
2009-28,20090416,주식회사 헥토헬스케어,수입식품등 수입ㆍ판매업,서울특별시 강남구,프로바이오틱스(드시모네),"1) 유익한 유산균 증식, 유해균 억제, 배변활동 원활 2) 장 면역을 조절하여 장 건강에 도움을 줄 수 있음(기타기능II)",10^8 ~ 3x10^12,-
2009-23,20090416,(주)디앤피천연물연구소,,경기도 용인시 처인구,밀크씨슬추출물,“간 건강에 도움을 줄 수 있으나 인체시험을 통한 확인이 필요함” (기타기능III),Silymarin으로서 250~360mg,"1) 알레르기 반응이 나타나는 경우에는 섭취를 중단하십시오
2) 설사, 위통, 복부팽만 등의 위장관계 장애가 나타나는 경우에는 섭취를 주의 하십시오"
2019-29,20191231,풀무원건강생활(주),건강기능식품전문제조업,충청북도 증평군,대두추출물등 복합물(메노세라),,,
2005-18,20050823,(주)상현화학,건강기능식품수입업,서울특별시 강남구,Tonalin CLA FFA,"“공액리놀레산(Conjugated Linoleic Acid)는 과체중인 성인의 체지방 감소에 도움을 줄 수 있습니다.”

(과체중인 성인을 대상으로 한 인체시험에서 CLA를 섭취한 경우 체지방(fat mass)감소에 도움을 줄 수 있음이 많은 자료에서 확인되었으나 한국인을 대상으로 한 자료가 없었음. 따라서 반드시 ‘---에 도움을 줄 수 있습니다’의 형식으로 표시하여야 함.)","공액리놀레산(cis-9, trans-11 CLA, trans-10, cis-12 CLA, cis-9, cis-11 CLA, trans-9, trans-11 CLA 이성체의 합계량) 으로",". 위장장애가 발생할 수 있습니다.
2. 영유아, 임산부는 섭취를 삼가야 합니다.
3. 식사조절, 운동을 병행하는 것이 바람직합니다."
2012-25,20120928,(주)모아라이프플러스,건강기능식품전문제조업,대전광역시 유성구,청국장균배양정제물(폴리감마글루탐산칼륨),면역기능 증진에 도움을 줄 수 있음(생리활성기능 2등급),"폴리감마글루탐산칼륨으로서 1,000 mg/일","1) 어린이, 임신 또는 수유중인 여성은 섭취에 주의"
2015-16,20150430,주영엔에스(주),건강기능식품수입업,서울특별시 서초구,유단백추출물,뼈 건강에 도움을 줄 수 있음(생리활성기능 2등급),유단백추출물로서 40 mg,1) 우유에 알레르기를 나타내는 사람은 섭취 시 주의
2011-27,20111011,(주)일화,건강기능식품전문제조업,강원특별자치도 춘천시,인삼가수분해농축액,혈당 조절에 도움을 줄 수 있음(기타기능 II),인삼가수분해농축액으로서 960 mg/일,"1) 의약품(당뇨치료제, 혈액항응고제) 복용 시 섭취에 주의"
2011-8,20110224,주식회사 노바렉스,수입식품등 수입ㆍ판매업,경기도 의왕시,녹차추출물,체지방 감소에 도움을 줄 수 있음(기타기능 II),카테킨으로서 0.3～0.5 g/일,"카페인이 함유되어 있어 초조감, 불면 등을 나타낼 수 있음"
2011-15,20110511,씨제이웰케어,수입식품등 수입ㆍ판매업,서울특별시 중구,호박씨추출물 등 복합물,방광의 배뇨기능 개선에 도움을 줄 수 있음(기타기능 II),"호박씨추출물 등 복합물로서 600~1,000 mg/일","1) 영유아, 어린이, 임산부와 수유부는 섭취에 주의
2) 호박씨, 대두에 알레르기를 나타내는 사람은 섭취에 주의
3) 에스트로겐 호르몬에 민감한 사람은 섭취에 주의"
2013-8,20130508,(주)티지 바이오텍,건강기능식품벤처제조업,대구광역시 북구,돌외잎주정추출분말(액티포닌®),"체지방 감소에 도움을 줄 수 있음 
(생리활성기능 2등급)",돌외잎주정추출분말로서 450 mg/일,1) 과량섭취시 위장장애(구토와 위장운동 증가)가 발생할 수 있음.
2015-19,20150618,대상(주)군산공장,건강기능식품전문제조업,전북특별자치도 군산시,L-아르기닌,혈관이완을 통해 혈행 개선에 도움을 줄 수 있음(생리활성기능 2등급),L-아르기닌으로서 6 g,"1) 임산부 및 수유부는 섭취에 주의
2) 저단백질 식사를 하고 있을 경우 또는 천식, 심장계 질환이 있을 경우 의사와 상의하여 섭취할 것을 권장"
2015-18,20150518,한국암웨이(주),수입식품등 수입ㆍ판매업,서울특별시 강남구,밀배유추출물,피부 보습에 도움을 줄 수 있음(생리활성기능 2등급),밀배유추출물로서 30 mg/일,"1) 임신, 수유부는 섭취를 권하지 않음
2) 밀 알레르기를 나타내는 사람은 섭취에 주의"
2015-28,20151104,주식회사 비엔지,수입식품등 수입ㆍ판매업,강원특별자치도 춘천시,석류추출물,갱년기 여성의 건강에 도움을 줄 수 있음(생리활성기능 2등급),석류추출물로서 1.5 g/일,"1) 임산부와 수유부는 섭취를 피하는 것이 좋습니다.
2) 항혈전제를 복용하시는 분은 의사와 상의하시기 바랍니다.
3) 에스트로겐 호로몬에 민감한 사람은 섭취에 주의하시기 바랍니다."
2014-30,20140707,하이바이오(주),건강기능식품벤처제조업,경기도 성남시 중원구,적포도발효농축액,콜레스테롤 개선에 도움을 줄 수 있음(생리활성기능 2등급),적포도발효농축액으로서 24mL/일,"1) 유아, 어린이, 임산부 등 철의 필요량이 증가하는 연령층은 섭취에 주의"
2016-2,20160128,(주)서흥,건강기능식품수입업,충청북도 청주시 흥덕구,EPA및DHA함유유지,건조한 눈을 개선하여 눈 건강에 도움을 줄 수 있음(생리활성기능 2등급),EPA와 DHA의 합으로서 0.6~1 g/일,-
2016-1,20160128,주식회사 비티씨,식품등 수입판매업,경기도 안산시 상록구,EPA 및 DHA 함유 유지,건조한 눈을 개선하여 눈 건강에 도움을 줄 수 있음. (생리활성 기능 2등급),DHA와 EPA의 합으로서 0.6 ～ 1 g/일,
2009-12,20090227,(주)바이오스타줄기세포기술연구원,건강기능식품전문제조업,전남광주통합특별시 나주시,BT-11원지추출분말,성인의 기억력 개선을 도움을 줄 수 있음(생리활성기능 2등급),BT-11원자추출분말로서 300mg/일,"1) 과다섭취 시 구토, 설사, 메스꺼움 등의 위장관 장애가 나타날 수 있으며 위장장애가 있는 분은 섭취에 주의
2) 임산부, 수유 여성, 어린이는 섭취에 주의"
2013-22,20130711,동아제약(주)달성공장,건강기능식품전문제조업,대구광역시 달성군,들쭉열매추출물,눈 건강에 도움을 줄 수 있으나 관련 인체적용시험이 미흡함(생리활성기능 3등급),들쭉열매추출물로서 1 g/일,"1) 임산부, 수유부 섭취에 주의"
2016-4,20160321,콜마비앤에이치(주)푸디팜사업부문,건강기능식품수입업,충청북도 음성군,EPA 및 DHA 함유 유지(고시형 원료),기억력 개선에 도움을 줄 수 있음,EPA와 DHA의 합으로서 0.9~2 g/일,-
2013-34,20131129,(주)내츄럴엔도텍,건강기능식품벤처제조업,경기도 성남시 분당구,효모베타글루칸,면역기능 증진에 도움을 줄 수 있음(생리활성기능 2등급),효모베타글루칸으로서 250 mg/일,-
2013-17,20130703,(주)프로바이오닉,건강기능식품전문제조업,전북특별자치도 전주시 덕진구,Lactobacillus sakei Probio65,면역과민반응에 의한 피부상태 개선에 도움을 줄 수 있음(생리활성기능 2등급),L.sakei Probio65로서 1.0×10^10 CFU/일 1.0×10^12 CFU/일,-
2012-14,20120405,노니코리아,식품등 수입판매업,서울특별시 노원구,Dimethylsulfone (MSM),"관절 건강에 도움을 줄 수 있음
(생리활성기능2등급)",디메틸설폰(MSM) 으로서 1.5～2.0 g/일,-
2011-22,20110909,(주)마린바이오프로세스,건강기능식품전문제조업,부산광역시 기장군,유산균발효다시마추출물(동결건조물 및 분무건조물),알콜성 손상으로부터 간 보호 및 기억력 개선에 도움기억기억력 개선에 도움을 줄 수 있음,1.5g/일,"○ 섭취 시 주의사항 : 높은 iodine이 함유되어 있어서 결핵, 만성 기관지염 질환자 및 갑상선 기능항진증 환자의 경우 주의하시기 바랍니다.    ○ 근거내용 : 다시마의 경우, iodine의 함량이 높은 식품이므로, 현재 식약청에서는 한국인의 요오드 상한섭취량(UL)을 3.0mg/day로 설정하였다. 이에 조사된 해조류 내의 요오드 함량을 기준으로 하여 당사에서 개발한 유산균 발효물의 경우 일일 섭취량 1500mg을 기준으로 요오드 함량은 2.26mg으로 일일 요오드 섭취량으로 나타난다. 따라서 식약청이 정한 요오드 상한섭취량 및 평균 섭취량 이하로 조사되어 안전성을 확보하였으나, 만정적인 요오드의 과다섭취하면 혈청 갑상선자극호르몬이 상승되고, 혈중 T3와 T4가 저하되며, 갑상선 기능장애로 인해 갑상선 기능항진증과 갑상선 악성종양을 악화시킬 수 있다는 보고가 있어, 갑상선 기능 항진증 환자 및 결핵이나 만성기관지염 질환자의 경우 건강상의 위해를 고려하여 섭취 시 주의사항을 설정함."
2014-21,20140520,주식회사 나인무역,수입식품등 수입ㆍ판매업,경기도 수원시 장안구,홍경천추출물,스트레스로 인한 피로개선에 도움을 줄 수 있음(생리활성기능 2등급),홍경천추출물로서 200~600 mg,"1) 영유아, 임산부, 수유부는 섭취에 주의하시기 바랍니다.
2) 알레르기 체질이거나 특정질환이 있는 분은 섭취 전 의사와 상담하시기 바랍니다."
2014-14,20140424,(주)헬릭스미스,건강기능식품벤처제조업,서울특별시 강서구,상엽추출물,식후혈당 상승 억제에 도움을 줄 수 있음(생리활성기능 2등급),신청원료로서 6 g/일,"1) 임산부, 수유부는 섭취에 주의"
2008-57,20081008,뉴트리펀코리아컨설팅,건강기능식품수입업,경기도 고양시 일산동구,크레아틴,“근력 운동 시에 운동수행능력 향상에 도움을 줄 수 있습니다.”(기타기능 II),3g/일,"1) 신장에 영향을 미치는 약물을 복용하거나 신장 이상의 위험이 있는 사람은 의사와 상담 후에 섭취하여야 합니다.
2) 어린이, 임산부, 수유부는 섭취를 삼가야 합니다.
3) 카페인은 크레아틴의 기능을 감소시킬 수 있습니다.
4) 크레아틴의 섭취는 탈수를 동반할 수 있으므로 충분한 물과 함께 섭취하여야 합니다.
5) 과다 섭취하지 마십시오."
2008-60,20081007,주영엔에스(주),건강기능식품수입업,서울특별시 서초구,가르시니아 캄보지아껍질 추출물-PE 60,“탄수화물에서 지방으로의 합성을 억제하여 체지방 감소에 도움을 줍니다(기타Ⅰ)”,총 (-)-HCA로서 750~2.800 mg/day,1) 임산부와 수유기 여성은 섭취를 피하는 것이 좋습니다.
2008-61,20081007,(주)대덕약업,건강기능식품수입업,경기도 수원시 영통구,Geo-Fresh Organic 가르시니아 캄보지아 껍질추출물,“탄수화물에서 지방으로의 합성을 억제하여 체지방 감소에 도움을 줍니다(기타Ⅰ)”,총 (-)-HCA로서 750~2.800 mg/day,1) 임산부와 수유기 여성은 섭취를 피하는 것이 좋습니다.
2008-69,20081112,(주)한국파마링크,건강기능식품수입업,경기도 성남시 분당구,리프리놀-초록입홍합추출오일,“관절건강에 도움이 될 수 있음(기타기능II)”,리프리놀-초록입홍합추출오일로서 200mg,1) 혈전용해제를 복용하시는 분은 의사와 상담하여 주시기 바랍니다.
2010-10,20100311,에이치엘바이오 주식회사,건강기능식품수입업,강원특별자치도 춘천시,Nopal추출물,"“식후 혈당조절에 도움을 줄 수 있습니다” 
(기타기능II)",수용성 식이섬유로서 4.3g,"어린이, 임산부 및 수유여성은 섭취에 주의"
2010-44,20101004,(주)뉴트리바이오텍,건강기능식품수입업,서울특별시 강남구,쏘팔메토 열매 추출물,전립선 건강의 유지에 도움을 줄 수 있음(기타기능II),로르산(Lauric acid) 으로서 70～115 mg/일,1) 메스꺼움 등 소화계통의 불편함과 설사를 유발할 수 있음
2013-5,20130415,(주)뉴트리,수입식품등 수입ㆍ판매업,서울특별시 송파구,핑거루트추출물(판두라틴),1) 자외선에 의한 피부손상으로부터 피부 건강을 유지하는데 도움을 줄 수 있음. 2) 체지방감소에 도움을 줄 수 있음. 3) 피부보습에 도움을 줄 수 있음. (생리활성기능 2등급),핑거루트추출분말로서 600mg/일,-
2012-19,20120612,(주)주피터인터내셔널,수입식품등 수입ㆍ판매업,서울특별시 서초구,L-카르니틴 타르트레이트,운동으로 인한 피로개선에 도움을 줄 수 있음.,L-카르니틴으로서 1.36~2g/일,-
2014-5,20140204,주식회사 바이오니아,건강기능식품벤처제조업,대전광역시 대덕구,Lactobacillus gasseri BNR17,체지방 감소에 도움을 줄 수 있음(생리활성기능 2등급),Lactobacillus gasseri BNR17 로서 1×10^10 CFU/일,1) 산성도가 낮은 음료나 뜨거운 물과 함께 복용하는 것을 피하는 것이 좋음
2014-57,20141113,대상(주)오산공장,건강기능식품전문제조업,경기도 오산시,발효식초석류복합물,체지방 감소에 도움을 줄 수 있음(생리활성기능 2등급),발효식초석류복합물로서 22 mL/일,"1) 임산부와 수유부는 섭취에 주의
2) 공복에 섭취하거나 과다 섭취 시 속쓰림 등 위에 자극을 느낄 수 있음"
2011-2,20110111,(주)글루칸,수입식품등 수입ㆍ판매업,부산광역시 기장군,흑효모배양액분말,뼈 건강에 도움을 줄 수 있으나 관련 인체적용시험이 미흡함(기타기능 III),흑효모배양액분말로서 150 mg/일,-
2011-6,20110216,로케뜨코리아(유),수입식품등 수입ㆍ판매업,서울특별시 강남구,밀전분유래 난소화성말토덱스트린,장내 유익균의 증식과 유해균의 억제에 도움을 줄 수 있음(생리활성기능 2등급),밀전분유래 난소화성말토덱스트린으로서 8~20g/일,"1) 과량 섭취 시 설사, 복부팽만 등을 유발 할 수 있으므로 주의"
2014-42,20140828,주식회사 조향,수입식품등 수입ㆍ판매업,서울특별시 서초구,오메가-3 지방산 함유유지,"기억력 개선에 도움을 줄 수 있음
 (생리활성기능 2등급)",DHA와 EPA의 합으로서 0.9 ～ 2 g/일,"「건강기능식품의 기준 및 규격」 제 3., 2., 2-16 오메가-3 지방산 함유 유지 적용"
2010-63,20101231,(주)대덕약업,식품등 수입판매업,경기도 수원시 영통구,은행잎 추출물,"성인의 기억력 개선에 도움을 줄 수 있음 (기타기능II)
혈행 개선에 도움을 줄 수 있음 (기타기능II)",은행잎 추출물로서 120 mg/일,"① 어린이, 임산부와 수유부는 섭취에 주의하시기 
   바랍니다.
② 수술 전후에는 섭취에 주의하시기 바랍니다. 
③ 항응고제 복용시 섭취에 주의하시기 바랍니다. 
④ 질환자의 경우 섭취 전에 의사와 상담하여 주시기     바랍니다."
2009-53,20090605,주식회사 비티씨,건강기능식품수입업,경기도 안산시 상록구,가르시니아 캄보지아 껍질추출물 60HCA,“탄수화물에서 지방으로의 합성을 억제하여 체지방 감소에 도움을 줍니다”(기타기능 I),"총 (-)-HCA로서 750~5,800mg/day",1) 임산부와 수유기 여성은 섭취를 피하는 것이 좋습니다.
2009-54,20090605,(주)에취제이시,건강기능식품수입업,서울특별시 강남구,루테인복합물 SF20,“루테인은 노화로 인해 감소될 수 있는 황반색소밀도를 유지시켜 주어 눈건강에 도움을 줍니다.(기타 I등급)”,루테인으로써 10~20mg,"1) 과다 섭취 시 일시적으로 피부가 황색으로 변할 수 있습니다.
2) 임산부는 섭취 전 의사와 상담이 필요합니다.
3) 식품에 알레르기가 있으신 분은 섭취 전 포장에 표시된 원료 명칭을 확인하시기 바랍니다.
4) 병원에서 치료 중이신 분, 다른 약품을 섭취 중이신 분, 임산부, 수유부는 섭취 전 의사와 상담하시기 바랍니다."
2009-55,20090605,(주)대덕약업,건강기능식품수입업,경기도 수원시 영통구,쏘팔메토 열매 추출물,“전립선 건강의 유지에 도움을 줄 수 있습니다” (기타기능 II),쏘팔메토 열매추출물로서 320mg,"1) 임산부, 수유여성은 섭취에 주의
2) 메스꺼움이나 설사 등 소화계통의 불편함을 유발할 수 있음"
2010-36,20100902,씨제이주식회사,수입식품등 수입ㆍ판매업,서울특별시 구로구,유단백가수분해물(락티움),스트레스로 인한 긴장 완화에 도움을 줄 수 있음 (기타기능 Ⅱ),유단백가수분해물(락티움) 150mg/일,1) 우유 및 유제품에 대하여 알레르기를 나타내는 사람은 섭취에 주의
2010-5,20100202,(주)엘지생활건강,건강기능식품수입업,대전광역시 유성구,가르시니아 캄보지아 껍질추출물,“탄수화물에서 지방으로의 합성을 억제하여 체지방 감소에 도움을 줍니다”(기타기능 I),"총 (-)-HCA로서 750~2,800 mg/day","1) 임산부와 수유기 여성은 섭취를 피하는 것이 좋습니다.
2) 간장, 신장, 심장 기능에 이상이 있는 경우 섭취에 주의하시기 바랍니다."
2014-48,20141006,아사히고도(주)서울영업소,수입식품등 수입ㆍ판매업,서울특별시 성동구,감마리놀렌산 함유 유지,월경 전 변화에 의한 불편한 상태 개선에 도움을 줄 수 있음(생리활성기능 2등급),감마리놀렌산으로서 210 ～ 300 mg/일,「건강기능식품 기능성 원료 및 기준․규격  인정에 관한 규정」 제10조제2항에 따라 「건강기능식품의 기준 및 규격」에 고시 예정임
2018-1,20180213,주식회사 네추럴웨이,건강기능식품전문제조업,경기도 포천시,곰피추출물,간 건강에 도움을 줄 수 있음,곰피추출물로서 0.42g/일,임산부와 수유부는 섭취 시 주의
2010-51,20101201,(주)엘지생활건강,건강기능식품수입업,대전광역시 유성구,녹차추출물/테아닌 복합물,"성인의 기억력 개선에 도움을 줄 수 있으나 
인체에서의 확인이 필요함(기타기능III)",녹차추출물/테아닌 복합물로서 1680mg,"1) 어린이, 임산부 및 수유부는 섭취를 피할 것
2) 수술 전후와 질환이 있거나 의약품 복용시 전문가와 상담할 것
3) 과량 섭취 시 위장장애, 어지러움 등의 증상이 나타날 수 있음
4) 카페인에 민감한 사람(초조감, 불면 등)의 경우 섭취에 주의할 것
5) 카페인을 함유한 식품의 섭취에 주의할 것
6) 식사 후 섭취할 것
7) 이상사례 발생 시 섭취를 중단하고 전문가와 상담할 것"
2014-34,20140801,(주)뉴트렉스테크놀러지,수입식품등 수입ㆍ판매업,경기도 성남시 분당구,파크랜크랜베리분말,요로의 유해균 흡착 억제로 요로건강에 도움을 줄 수 있음(생리활성기능 2등급),파크랜 크랜베리 분말 로서 500~1000 mg,1) 일일섭취량 준수하여 섭취
2014-35,20140801,(주)서흥,수입식품등 수입ㆍ판매업,충청북도 청주시 흥덕구,파크랜크랜베리분말,요로의 유해균 흡착 억제로 요로건강에 도움을 줄 수 있음(생리활성기능 2등급),파크랜 크랜베리 분말 로서 500~1000 mg,1) 일일섭취량 준수하여 섭취
2015-10,20150401,샘표식품 주식회사,수입식품등 수입ㆍ판매업,서울특별시 중구,콩․보리 발효복합물,피부 보습에 도움을 줄 수 있음(생리활성기능 2등급),콩.보리 발효복합물로서 3g/일,"1) 영.유아, 어린이, 임산부 및 수유부는 섭취에 주의
2) 알레르기 체질이거나 특정질환이 있는 분은 섭취 전 의사와 상담
3) 에스트로겐 호로몬에 민감한 사람은 섭취에 주의"
2009-83,20091030,(주)휴메딕스,건강기능식품벤처제조업,충청북도 제천시,깻잎추출물(PF501),체지방 감소에 도움을 줄 수 있음(생리활성기능 2등급),깻잎추출물(PF501)로서 2.7g/일,"1) 유.소아, 임산부 및 수유부 여성은 섭취에 주의하여야 합니다."
2011-40,20111206,(주)빅솔 반월공장,건강기능식품전문제조업,서울 동작구,발효생성아미노산복합물,지구성 운동 시 피로개선에 도움을 줄 수 있음(생리활성기능 2등급),발효생성아미노산 복합물로서 4.7~5.0g/일,"1) 신장, 심혈관계 질환이 있거나 간기능이 저하된 분은 섭취에 주의
2) 임산부, 수유부는 섭취에 주의"
2017-23,20100525,(주)안지오랩,건강기능식품벤처제조업,대전 유성구,,,,
2010-35,20100715,(주)HK바이오텍,건강기능식품전문제조업,경상남도 진주시,HK표고버섯균사체,간 건강에 도움을 줄 수 있음(생리활성기능 2등급),HK표고버섯균사체로서 350mg/일,"1) 임산부, 수유부는 섭취에 주의"
2010-47,20101026,(주)오스코텍,건강기능식품벤처제조업,경기도 성남시 분당구,전칠삼추출물 등 복합물,관절건강에 도움을 줄 수 있음(기타기능II),전칠삼추출물 등 복합물로서 800 mg/일,-
2009-61,20090720,(주)바이오리더스,건강기능식품전문제조업,대전 유성구,폴리감마글루탐산,체내 칼슘흡수 촉진에 도움을 줌,폴리감마글루탐산으로서 60~70mg,-
2011-33,20111104,(주)프롬바이오,수입식품등 수입ㆍ판매업,경기도 수원시 영통구,홍경천 추출물,“스트레스로 인한 피로개선에 도움을 줄 수 있음”(생리활성기능 2등급),홍경천추출물로서 200～600 mg,-
2010-49,20101101,(주)대덕약업,건강기능식품수입업,경기도 수원시 팔달구,녹차추출물,체지방 감소에 도움을 줄 수 있음(기타기능 II),카테킨으로서 0.3～0.5g/일,"1) 카페인이 함유되어 있어 초조감, 불면 등을 나타낼 수 있음"
2010-54,20101208,(주)이롬,건강기능식품수입업,경기도 성남시 분당구,폴리감마글루탐산,"“체내 칼슘흡수 촉진에 도움을 줌”
 (기타기능 II)",폴리감마글루탐산으로서 60~70 mg,-
2010-4,20100127,(주)이에스바이오텍,수입식품등 수입ㆍ판매업,충청남도 천안시 동남구,스피루리나원말,면역조절에 도움을 줄 수 있으나 인체시험을 통한 확인이 필요함 (기타기능Ⅲ),총 엽록소로서 67~72 mg/일,「건강기능식품의 기준 및 규격」 II.2.1.5 스피루리나
2010-13,20100315,(주)백중인터내셔널,건강기능식품수입업,서울특별시 서초구,밀크씨슬추출물,“간 건강에 도움을 줄 수 있음” (기타기능II),Silymarin으로서 130mg,"1) 알레르기 반응이 나타나는 경우에는 섭취를 중단하십시오
2) 설사, 위통, 복부팽만 등의 위장관계 장애가 나타나는 경우에는 섭취를 주의 하십시오"
2009-95,20091207,(주)렉스진바이오텍,건강기능식품수입업,충청북도 음성군,가르시니아 캄보지아 껍질추출물WS,“탄수화물에서 지방으로의 합성을 억제하여 체지방 감소에 도움을 줍니다”(기타기능 I),"총 (-)-HCA로서 750~2,800 mg/day",1) 임산부와 수유기 여성은 섭취를 피하는 것이 좋습니다.
2009-62,20090720,풀무원건강생활(주),건강기능식품전문제조업,서울특별시 서초구,폴리감마글루탐산,체내 칼슘흡수 촉진에 도움을 줌(기타기능III),폴리감마글루탐산으로서 60~70mg,-
2011-23,20110909,(주)에치와이,수입식품등 수입ㆍ판매업,서울특별시 서초구,유산균발효다시마추출물,알콜성 손상으로부터 간을 보호하는데 도움을 줄 수 있음(기타기능 II),유산균 발효 다시마 추출물로서 1.5g/일,"1) 요오드 함량이 높은 식품(해조류, 어패류 등) 섭취 시 주의
2) 갑상선질환 등을 보유하고 있는 사람은 섭취 시 주의
3) 임산부 및 수유부는 섭취 시 주의"
2015-2,20150105,(주)한국야쿠르트 평택 프로바이오틱스 플랜트,건강기능식품전문제조업,경기도 평택시,프로바이오틱스 HY7714,자외선에 의한 피부손상으로부터 피부 건강 유지에 도움을 줄 수 있음(생리활성기능 2등급),1×10^10 CFU/일,알레르기 체질이거나 특정질환이 있는 분은 섭취 전 의사와 상담
2013-2,20130110,블루그린링크(주),수입식품등 수입ㆍ판매업,서울특별시 서초구,마테열수추출물,"체지방 감소에 도움을 줄 수 있으나, 관련 인체적용시험이 미흡함(생리활성기능 3등급)",마테열수추출물로서 3g/일,-
2009-3,20090130,주식회사 마그나스바이오푸드,건강기능식품전문제조업,경기도 화성시 동탄구,마그나스표고균사체추출물분말,"“간 건강에 도움을 줄 수 있습니다"" (기타기능 II)",표고버섯균사체추출물분말로서,
2012-29,20121023,(주)프롬바이오,수입식품등 수입ㆍ판매업,경기도 수원시 영통구,은행잎추출물,"성인의 기억력 개선에 도움을 줄 수 있음, 
혈행 개선에 도움을 줄 수 있음 (생리활성기능 2등급)",은행잎 추출물로서 120 mg/일,"1) 임산부, 수유부, 어린이 및 수술전후 환자는 섭취에 주의, 의약품(항응고제) 복용 시 섭취에 주의"
2013-27,20130828,동일티엔디(주),식품등 수입판매업,서울특별시 강북구,홍경천추출물,스트레스로 인한 피로개선에 도움을 줄 수 있음(생리활성기능 2등급),홍경천추출물로서 200～600 mg,"- 영유아, 임산부, 수유부는 섭취에 주의하시기 바랍니다. 
- 알레르기 체질이거나 특정질환이 있는 분은 섭취 전 의사와 상담하시기 바랍니다."
2018-10,20181005,(주)건풍바이오,건강기능식품전문제조업,서울특별시 강서구,키토올리고당,콜레스테롤감소,1.2g~2.4g,
2018-11,20181005,주식회사 노바렉스,건강기능식품전문제조업,충청북도 청주시 청원구,루테인지아잔틴복합추출물,눈 건강에 도움,루테인과 지아잔틴 합으로 12-24  mg,
2015-6,20150107,(주)에스앤디,건강기능식품전문제조업,충청북도 청주시 흥덕구,감태추출물,수면의 질 개선에 도움을 줄 수 있음(생리활성기능 2등급),감태추출물로서 500 mg,"1) 요오드 함량이 높은 식품(해조류, 어패류 등)섭취 시 주의
2) 갑상선질환, 위장관 질환 또는 위장관 장애 등을 보유하고 있는 사람은 섭취 시 주의
3) 임산부, 수유부 및 12세 이하 어린이는 섭취 시 주의"
2014-12,20140404,롯데정밀화학(주)인천공장,건강기능식품전문제조업,인천광역시 남동구,히드록시프로필메틸셀룰로오스,식후 혈당상승 억제에 도움을 줄 수 있음(생리활성기능 2등급),히드록시프로필메틸셀룰로오스로서 4~8 g/일,"1) 과량 복용 시 약한 완하 작용 및 변비 주의
2) 반드시 충분한 물과 함께 섭취할 것 (액상 제외)"
2009-19,20090227,(주)에프앤피,건강기능식품전문제조업,충청북도 증평군,홍국쌀,콜레스테롤 개선,총 모나콜린K로서 4~8mg,-
2010-21,20100504,씨제이웰케어,수입식품등 수입ㆍ판매업,서울특별시 중구,발효생성아미노산 복합물,지구성 운동 시 피로개선에 도움을 줄 수 있음(기타기능Ⅱ),‘발효생성아미노산 복합물’로서 4.7 ~5.0g/일,"1) 신장, 심혈관계 질환이 있거나 간기능이 저하된 분은 의사와 상담 후 섭취하십시오.
2) 임산부, 수유부는 의사와 상담 후 섭취하십시오."
2011-14,20110415,(주)이롬,건강기능식품전문제조업,경기도 성남시 분당구,구아바잎추출물,식후 혈당조절에 도움을 줄 수 있음(기타기능 II),총폴리페놀로서 123.5 mg,1) 구아바잎은 당뇨병의 치료 및 예방에 사용될 수 없으므로 당뇨병 치료가 필요한 경우에는 의사와 상담 하에 사용하여야 합니다.
2015-27,20151104,주식회사 노바렉스,수입식품등 수입ㆍ판매업,충청북도 청주시 청원구,EPA 및 DHA 함유유지,건조한 눈을 개선아혀 눈 건강에 도움을 줄 수 있음(생리활성기능 2등급),EPA와 DHA의 합으로서 0.6~1 g/일,-
2018-7,20180801,(주)에이치엘사이언스,건강기능식품전문제조업,경기도 화성시 효행구,석류농축분말,피부 보습에 도움을 줄 수 있음.,석류농축분말 1g/일( 엘라그산 으로 1.15mg/g +- 20% (0.92 - 1.38 mg/g),특별한 부작용이나 이상반응 없음.
2018-9,20180806,(주)바이오포트코리아,수입식품등 수입ㆍ판매업,부산광역시 기장군,오미자추출물,"근력 개선에 도움을 줄 수 있음, 관절 및 연골 건강에 도움을 줄 수 있음","1,582 mg/일","영유아, 어린이, 임산부 및 수유부는 섭취에 주의 / 수술 전,후 섭취에 주의 / 식사조절, 운동을 병행하는 것이 바람직함"
2019-21,20190814,(주)유니젠,,경기도 남양주시,풋사과추출물 애플페논(Applephenon),체지방 감소에 도움을 줄 수 있음,풋사과추출물 애플페논(applephenon)으로서 600mg/day,풋사과추출물 애플페논은 풋사과 원물의 약 250배 농축한 고농도 원료이기 때문에 사과에 알레르기가 있는 사람은 주의하여야 함
2019-18,20190814,고려제약(주),건강기능식품전문제조업,경기도 이천시,쇠비름주정추출분말(KDC16-2),장건강,480mg,다량 섭취시 구토
2019-20,20190814,농심태경(주),건강기능식품전문제조업,경기도 안성시,저분자콜라겐펩타이드NS,-,,
2014-47,20141006,주식회사 청우라이프사이언스,수입식품등 수입ㆍ판매업,서울특별시 마포구,히알루론산나트륨(HA-LF-P),"피부 보습에 도움을 줄 수 있음
(생리활성기능 2등급)",히알루론산나트륨으로서 120 mg/일,"1) 임산부, 수유부는 섭취에 주의
2) 알레르기 체질 및 특이체질, 질병치료 중인  사람은 섭취에 주의"
2014-26,20140623,티케이엘(주),수입식품등 수입ㆍ판매업,서울특별시 종로구,CMO 함유 FAC(Fatty Acid Complex),"관절 건강에 도움을 줄 수 있음
(생리활성기능2등급)",CMO 함유 FAC로서 893 mg/일(CMO로서 250 mg/일),1) 임산부 및 수유부는 섭취 시 주의
2013-20,20130710,라이온코리아주식회사,수입식품등 수입ㆍ판매업,인천광역시 제물포구,락토페린(우유정제단백질),"체지방 감소에 도움을 줄 수 있음
 (생리활성기능 2등급)",300 mg/일,1) 우유및 유제품에 대하여 알레르기 나타내는 사람은 섭취에 주의
2011-7,20110216,(주)이스터비엔에프,수입식품등 수입ㆍ판매업,서울특별시 성동구,마카 젤라틴화 분말,1)운동수행능력 향상에 도움을 줄 수 있으나 관련 인체적용시험이 미흡함(생리활성기능 3등급) 2)정자 운동성 개선에 도움을 줄 수 있음(생리활성기능 2등급) 3)갱년기 남성 건강에 도움을 줄 수 있으나 관련 인체적용시험이 미흡,1) 운동수행능력 향상 : 마카 젤라틴화 분말로서 1.5~3.0g/일 2) 정자 운동성 개선 및 갱년기 남성 건강 : 마카 젤라틴화 분말로서 5.0g/일,-
2018-12,20181123,일동바이오사이언스(주),건강기능식품전문제조업,경기도 평택시,L. rhamnosus IDCC 3201 열처리배양건조물(RHT®),면역과민반응에 의한 피부상태 개선에 도움을 줄 수 있습니다.,신청원료로서 400mg,
2018-13,20181123,(주)에이치엘사이언스,건강기능식품전문제조업,경기도 화성시 효행구,우슬 등 복합물(HL-Joint100),연골 및 관절 건강에 도움을 줄 수 있음.,"석류등복합물로서 1,000mg/일",없음.
2006-25,20100423,씨제이웰케어,수입식품등 수입ㆍ판매업,서울특별시 중구,올리브잎주정추출물 EFLA943,,,
2019-22,20190916,(주)휴온스엔,건강기능식품전문제조업,강원특별자치도 춘천시,Lactobacillus acidophilus YT1,갱년기 여성건강에 도움을 줄 수 있음,"락토바실러스 애시도필러스 YT1 100,000,000 CFU/day 이상",1) 임산부 및 수유부는 섭취에 주의2) 특정성분에 알레르기가 있으신 분은 사용된 원료를 확인하시고 섭취해야 함.
2019-24,20190916,(주)알피바이오,수입식품등 수입ㆍ판매업,서울특별시 강남구,자몽추출물등 복합물(Sinetrol),체지방 감소에 도움,자몽등복합추출물의 일일섭취량은 900mg/일,"임산부 및 수유부는 섭취에 주의, 신청원료 원재료에 알레르기가 있는 자는 섭취 주의"
2008-24,20080428,한국암웨이(주),건강기능식품수입업,서울특별시 강남구,KANEKA Q10,“코엔자임Q10은 항산화에 도움을 줄 수 있습니다.” (기타Ⅱ등급),90~100mg,-
2014-58,20141117,(주)대덕약업,수입식품등 수입ㆍ판매업,경기도 용인시,감마리놀렌산 함유 유지,면역과민반응에 의한 피부상태 개선에 도움을 줄 수 있음(생리활성기능 2등급),감마리놀렌산으로서 160 ～ 300 mg/일,"1) 영.유아, 어린이는 섭취 전 의사와 상담하여야 함"
2014-54,20141016,주식회사 비티씨,식품등 수입판매업,경기도 안산시 상록구,EPA 및 DHA 함유 유지,기억력 개선에 도움을 줄 수 있음. (생리활성 기능 2등급),DHA와 EPA의 합으로서 0.9 ～ 2 g/일,「건강기능식품 기능성 원료 및 기준․규격  인정에 관한 규정」 제10조제2항에 따라 「건강기능식품의 기준 및 규격」에 고시 예정임
2014-52,20141016,(주)자연의힘,식품등 수입판매업,경기도 평택시,감마리놀렌산 함유 유지,면역과민반응에 의한 피부상태 개선에 도움을 줄 수 있음(생리활성기능 2등급),감마리놀렌산으로서 160 ～ 300 mg/일,"1) 영.유아, 어린이는 섭취 전 의사와 상담하여야 함"
2014-49,20141006,(주)대덕약업,수입식품등 수입ㆍ판매업,경기도 수원시 영통구,감마리놀렌산 함유 유지,월경 전 변화에 의한 불편한 상태 개선에 도움을 줄 수 있음(생리활성기능 2등급),감마리놀렌산으로서 210 ~ 300 mg/일,「건강기능식품 기능성 원료 및 기준․규격  인정에 관한 규정」 제10조제2항에 따라 「건강기능식품의 기준 및 규격」에 고시 예정임
2010-62,20101224,(주)리즈바이오텍,건강기능식품벤처제조업,대전광역시 유성구,복분자추출분말,,,
2021-12,20210929,주식회사 녹십자웰빙,수입식품등 수입ㆍ판매업,서울특별시 성동구,구절초추출물(조인시스트),,,
2022-37,20221124,주식회사 에이크롬,수입식품등 수입ㆍ판매업,경기도 수원시 영통구,천심련추출물(ParActin®),관절 및 연골건강에 도움을 줄 수 있음,300 mg,"˚ 영·유아, 어린이, 청소년, 임산부 및 수유부, 임신을 계획하고 있는 자는 섭취하지 말 것 ˚ 특정질환(알레르기 체질 등)이 있는 분은 섭취에 주의 ˚ 이상사례 발생 시 섭취를 중단하고 전문가와 상담할 것 ˚ 의약품을 복용하시는 분은 섭취 전 전문의와 상담할 것"
2023-33,20231018,대한켐텍 주식회사,수입식품등 수입ㆍ판매업,서울특별시 노원구,저분자콜라겐펩타이드,Ÿ 피부 보습에 도움을 줄 수 있음Ÿ 자외선에 의한 피부손상으로부터 피부건강을 유지하는 데 도움을 줄 수 있음,"저분자콜라겐펩타이드로서 2,000 mg/일","영유아, 어린이, 임산부 및 수유부는 섭취에 주의 바람. 특이체질이거나 알레르기 체질인 경우 섭취에 주의 바람. 이상사례 발생 시 섭취를 중단하고 전문가와 상담하기 바람."
2023-35,20231205,주식회사 노바웰스,수입식품등 수입ㆍ판매업,충청북도 청주시 청원구,난각막분말(DEMⓇ),자외선에 의한 피부손상으로부터 피부건강 유지하는데 도움을 줄 수 있음 / 피부 보습에 도움을 줄 수 있음,난각막분말(OVOderm-AS)로써 600 mg/일,신청서 참조
2015-21,20151007,(주)바이텍,수입식품등 수입ㆍ판매업,전북특별자치도 전주시 덕진구,EPA 및 DHA 함유 유지,갱년기 여성의 건강에 도움을 줄 수 있음,신청원료 제안 섭취량 : 6g/일(석류추출물),"⦁약물의 섭취자 또는 어떤 약(의약품, 건강보조식품)에 대한 알러지 반응이 있는자  ⦁임산부 또는 임신예정자, 또는 수유중인자 ⦁고혈압, 동맥경화, 심근경색 또는 다른 건강상의 이상이 있는 자는 석류의 섭취전에 의사와 상담할 것을 제안."
2015-29,20151126,(주)자연의힘,,경기도 평택시,EPA 및 DHA 함유 유지,건조한 눈을 개선하여 눈 건강에 도움을 줄 수 있음(생리활성기능 2등급),EPA와 DHA의 합으로서 0.6~1 g/일,-
2014-16,20140423,"(주)쎌바이오텍 1,2공장",건강기능식품전문제조업,경기도 김포시,프로바이오틱스 ATP,면역과민반응에 의한 피부상태 개선에 도움을 줄 수 있으나 관련 인체적용시험이 미흡함(생리활성기능 3등급),2×10^9 CFU/일,"1) 질병을 치료 중이신 분, 알레르기, 특이체질이신 분은 의사, 약사 등 전문가와 상담 후 섭취
2) 알레르기체질은 성분을 확인 후 섭취"
2016-5,20160615,코스맥스바이오,건강기능식품수입업,충청북도 제천시,EPA 및 DHA 함유 유지,기억력 개선에 도움을 줄 수 있음,EPA와 DHA의 합으로서 0.9~2g/일,-
2020-8,20200522,코스맥스바이오(주),건강기능식품전문제조업,충청북도 제천시,수국잎열수추출물,자외선에 의한 피부 손상으로부터 피부 건강을 유지하는데 도움을 줄 수 있음,수국잎열수추출물의 일일섭취량은 300 ~ 600 mg/일,해당사항 없음.
2021-14,20211104,극동에치팜 주식회사 2공장,건강기능식품전문제조업,충청남도 예산군,참깨박추출물,인지기능 개선에 도움을 줄 수 있음,1.5 g/d,
2022-34,20221130,(주)아모레퍼시픽,건강기능식품전문제조업,경기도 용인시 기흥구,열처리녹차추출물,기억력 개선에 도움을 줄 수 있음,고온처리녹차추출물로서 900 mg/일,"∘ 어린이, 임산부 및 수유부는 섭취를 피할 것.∘ 간질환이 있거나 의약품 복용 시 전문가와 상담할 것∘ 카페인이 함유되어 있어 초조감, 불면 등을 나타낼 수 있음∘ 식사 후 섭취할 것∘ 카페인을 함유한 식품의 섭취에 주의할 것∘ 이상사례 발생 시 섭취를 중단하고 전문가와 상담할 것"
2022-39,20221219,주식회사 노바렉스,건강기능식품전문제조업,충청북도 청주시 흥덕구,크릴오일등복합물(FlexPro MDⓇ),관절건강에 도움을 줄 수 있음,462mg/일,
2022-40,20221219,주식회사 네추럴웨이,건강기능식품전문제조업,경기도 포천시,비수리추출분말,갱년기 남성 건강에 도움을 줄 수 있음,"1,250 mg/일","영유아, 어린이, 임산부 및 수유부는 섭취 시 주의 바랍니다."
2023-34,20231019,㈜씨티씨바이오,수입식품등 수입ㆍ판매업,경기도 화성시 만세구,Bacillus coagulans SNZ 1969 프로바이오틱스,배변활동 원활에 도움을 줄 수 있음,"1,000,000,000 CFU/g 이상",질환이 있거나 의약품 복용 시 전문가와 상담할 것. 알레르기 체질 등은 개인에 따라 과민반응이 나타날 수 있음. 어린이가 함부로 섭취하지 않도록 일일섭취량 방법을 지도할 것. 이상사례 발생 시 섭취를 중단하고 전문가와 상담할 것.
2023-36,20231205,주식회사 뉴온,수입식품등 수입ㆍ판매업,서울특별시 강남구,다이크로스타키스 글로메라타 추출물(Dyglomera®),체지방 감소에 도움을 줄 수 있음,다이크로스타키스 글로메라타 추출물(Dyglomera®)로서 400mg/일,"영유아, 어린이, 임산부 및 수유부는 섭취에 주의 바람. 특이체질이거나 알레르기 체질인 경우 섭취에 주의 바람."
2016-11,20160823,천호식품(주),건강기능식품전문제조업,경상남도 양산시,창녕양파추출액,혈중 콜레스테롤 개선에 도움을 줄 수 있음,창녕양파추출액으로서 150 mL,해당사항없음
2013-10,20130530,주식회사 노바렉스,수입식품등 수입ㆍ판매업,충청북도 청주시 흥덕구,미역석류씨추출복합물(잔티젠),체지방 감소에 도움을 줄 수 있음(생리활성기능 2등급),미역 등 복합 추출물(잔티젠)로서 600mg/일,"1) 임산부, 수유부는 섭취에 주의
2) 석류에 알레르기가 있는 사람은 섭취에 주의
3) 에스트로겐 호로몬에 민감한 사람은 섭취에 주의"
2012-18,20120516,월드웨이(주),건강기능식품전문제조업,세종특별자치시,실크단백질 효소가수분해물,"혈당조절에 도움을 줄 수 있으나, 관련 인체적용시험이 미흡함(생리활성기능 3등급)",실크단백질 효소가수분해물 으로서 6g/일,"1) 간, 신장 기능 이상자는 섭취에 주의
2) 임산부, 어린이는 섭취에 주의"
2010-53,20101123,농심태경(주),건강기능식품전문제조업,경기도 안성시,서목태(쥐눈이콩)펩타이드,1) 혈당 조절에 도움을 줄 수 있음(생리활성기능 2등급) 2) 혈압이 높은 사람에게 도움을 줄 수 있음(생리활성기능 2등급) 3) 체지방 감소에 도움을 줄 수 있음(생리활성기능 2등급),서목태(쥐눈이콩)펩타이드로서 4.5g/일,-
2021-15,20211104,농업회사법인(주)이비채,건강기능식품전문제조업,경상북도 영천시,뽕나무가지주정추출분말,혈당조절에 도움을 줄 수 있음(산화스트레스로부터 췌장을 보호하여 인슐린 분비를 조절함으로써 인슐린 감수성을 개선시켜 식후 혈당을 조절하는데 도움),2 g (oxyresveratrol로서 29.90 ~ 44.86 mg/g),해당사항 없음
2020-9,20200522,주식회사 비티씨 오송공장,수입식품등 수입ㆍ판매업,충청북도 청주시 흥덕구,풋사과추출물 애플페논(Applephenon),체지방 감소에 도움,신청원료로써 600 mg,
2021-17,20211104,콜마비앤에이치(주),건강기능식품전문제조업,세종특별자치시,루바브뿌리추출물,갱년기 여성 건강에 도움을 줄 수 있음,루바브뿌리추출물로서 4mg/day,"신청원료와 동일원료인 제2019-6호를 참고하여 1)영우아, 어린이, 임산부 및 수유부는 섭취에 주의 2)에스트로겐 호르몬에 민감함 사람은 섭취에 주의 3)메스꺼움 등 소화계통의 불편함과 설사를 유발할 수 있음 4)알레르기 체질이거나 특정 질환이 있는 사람은 섭취 전 전문가와 상담할 것"
2022-42,20221219,주식회사 뉴온,건강기능식품유통전문판매업,서울특별시 강남구,현삼추출물,,,
2022-43,20221219,동화약품(주),수입식품등 수입ㆍ판매업,충청북도 충주시,Lactiplantibacillus plantarum C29 프로바이오틱스와 발효대두분말의 복합물(DW2009),노화로 저하된 인지능력 개선에 도움을 줄 수 있음,유산균C29-발효대두복합물(DW2009)로서 800 mg/일,"영·유아, 어린이, 임산부, 수유부는 섭취 시 주의바랍니다."
2023-37,20231205,한국암웨이(주),수입식품등 수입ㆍ판매업,서울특별시 강남구,루테인지아잔틴추출복합물,노화로 인해 감소될 수 있는 황반색소밀도를 유지하여 눈 건강에 도움을줄 수 있음,루테인 지아잔틴의 합으로서 12mg/일,"영‧유아, 어린이, 임산부 및 수유부는 섭취에 주의/과다 섭취 시 일시적으로 피부가 황색으로 변할 수 있음/이상사례 발생 시 섭취를 중단하고 전문가와 상담할 것/흡연자는 섭취 시 전문가와 상담할 것"
2023-39,20231229,(주)마린바이오프로세스,건강기능식품전문제조업,부산광역시 기장군,발효굴추출물(FSO),근력 개선에 도움을 줄 수 있음,1g,
2021-18,20211228,대한켐텍 주식회사,수입식품등 수입ㆍ판매업,경기도 과천시,로즈마리추출물등복합물(SunMax),자외선에 의한 피부손상으로부터 피부건강 유지에 도움,로즈마리추출물등복합물(SunMax)로서 225 mg/일,임산부 및 수유부는 섭취 시 주의한다.
2021-19,20211230,(주)성균바이오텍,수입식품등 수입ㆍ판매업,서울특별시 용산구,청호추출분말(리베라템),간 건강에 도움을 줄 수 있음,개똥쑥열수추출분말로서 686 mg/일,해당사항 없음.
2022-44,20221219,한국식품산업클러스터진흥원,건강기능식품전문제조업,,복분자동결건조분말,항산화에 도움을 줄 수 있음.,복분자동결건조분말로서 30g/일,해당사항 없음
2022-38,20221221,대한켐텍 주식회사,수입식품등 수입ㆍ판매업,경기도 과천시,가다랑어 엘라스틴 펩타이드,피부 보습에 도움을 줄 수 있음,가다랑어 엘라스틴 펩타이드로서 100 mg/일,임산부 및 수유부인 자는 섭취를 주의 바랍니다. 특정한 식품에 알레르기가 있는 분은 섭취에 주의 바랍니다.
2023-38,20231229,주식회사 시나몬랩,수입식품등 수입ㆍ판매업,서울특별시 서초구,락토페린LF300(우유유래정제단백질),면역력 증진에 도움을 줄 수 있음,락토페린으로서 300 mg/일,"○ 섭취 시 주의사항 : - 임산부, 수유기 여성 및 어린이는 섭취에 주의 - 우유 알레르기 반응을 나타내는 사람은 섭취에 주의 ○ 근거내용 : - 임산부, 수유기 여성 및 어린이에 대해서는 임상적으로 안전성이 확인되지 않았음 - 신청원료의 알레르기 유발성에 관한 어떠한 정보도 없으나 우유에서 기원하였으므로 우유 알레르기 반응에 대해 주의사항으로 설정하였음"
2008-5,20080205,씨제이제일제당(주),건강기능식품수입업,서울특별시 중구,헤마토코쿠스 추출물,“헤마토코쿠스 추출물의 섭취는 눈의 피로도 개선에 도움을 줄 수 있습니다.”(기타Ⅱ등급),(Astaxanthin 으로서 6 mg/day),"1) 제안된 섭취량 이상 섭취 시 일시적으로 피부가 황색으로 변할 수 있습니다.                                                                                                                                                                              
2) 임산부와 수유기 여성은 섭취를 피하는 것이 좋습니다.
3) β-carotene의 흡수를 저해할 수 있습니다."
2010-55,20101124,(주)세광에스티코퍼레이션,건강기능식품수입업,서울특별시 금천구,홍경천 추출물,스트레스로 인한 피로 개선에 도움을 줄 수 있음(기타기능Ⅱ),홍경천추출물로서 200～600 mg,-
2010-38,20100906,(주)우포의아침,건강기능식품전문제조업,경상남도 창녕군,창녕양파추출액,혈중 콜레스테롤 개선에 도움을 줄 수 있음 (기타기능 II),창녕양파추출액으로서 150ml,-
2020-10,20200707,네이처런스(주),수입식품등 수입ㆍ판매업,충청남도 공주시,베타글루칸 분말,면역기능 증진에 도움,베타글루칸 분말로서 412 mg/일,"임산부, 수유부 및 어린아이는 섭취시 주의하십시오"
2021-20,20211230,(주)지앤피바이오사이언스,건강기능식품벤처제조업,서울특별시 강서구,청호추출분말(리베라템),간 건강에 도움을 줄 수 있음.,개똥쑥열수추출분말로서 686 mg/일,해당사항 없음.
2021-21,20211230,주식회사 디에스엠퍼메니쉬코리아,수입식품등 수입ㆍ판매업,서울특별시 영등포구,루테인지아잔틴추출복합물,노화로 인해 감소될 수 있는 황반색소밀도를 유지하여 눈 건강에 도움,,
2023-2,20230215,대한켐텍 주식회사,수입식품등 수입ㆍ판매업,경기도 과천시,Bifidobacterium breve B-3 프로바이오틱스,체지방 감소에 도움을 줄 수 있음,Bifidobacterium breve B-3로서 5×109 CFU/일 이상,"영·유아, 어린이, 임산부 및 수유부는 섭취 시 주의바랍니다."
2023-8,20230327,주식회사 지큐바이오,수입식품등 수입ㆍ판매업,경기도 성남시 분당구,옥수수수염추출물등 복합물 (CL-5MoA),체지방감소에 도움을 줄 수 있음,1g/일,"의약품(항당뇨제, 수면유도제, 갑상선호르몬제, 중추신경억제제)을 복용하시는 분은 섭취전 전문의와 상담할 것"
2023-40,20231229,(주)한국인삼공사,건강기능식품전문제조업,충청남도 부여군,두충우슬추출복합물(KGC08EA),,,
2023-42,20231229,매일유업(주)아산공장,건강기능식품전문제조업,충청남도 아산시,유크림농축분말,,,
2021-24,20211230,주식회사 제넨셀,건강기능식품벤처제조업,경기도 용인시 기흥구,병풀추출분말,"노화로 인해 감소될 수 있는 황반색소 밀도를 유지하여 눈 건강에 도움을 줄 수 있음 , 간 건강에 도움을 줄 수 있음",300mg/day,첨부자료
2026-24,20260826,유니메드제약(주),건강기능식품전문제조업,충청남도 아산시,돼지뇌효소가수분해물,,,
2010-46,20101026,진용내츄럴,건강기능식품수입업,경기도 수원시 팔달구,밀크씨슬 추출물(Milk Thistle Extract),간 건강에 도움을 줄 수 있음(기타기능II),실리마린(Silymarin) 으로서 130 mg/일,-
2011-1,20110107,(주)삼오제약,건강기능식품수입업,서울특별시 강남구,빌베리주정추출물,눈의 피로 개선에 도움을 줄 수 있음 (기타기능II),빌베리 주정 추출물 240 mg/day,-
2014-33,20140722,(주)애니닥터헬스케어,건강기능식품수입업,충청남도 아산시,히알루론산나트륨,"피부 보습에 도움을 줄 수 있음
(생리활성기능 2등급)",히알루론산나트륨으로서 120 mg/일,"1) 임산부, 수유부는 섭취에 주의
2) 알레르기 체질 및 특이체질, 질병치료 중인  사람은 섭취에 주의"
2021-23,20211230,(주)종근당바이오,건강기능식품전문제조업,경기도 안산시 단원구,Lactiplantibacillus plantarum Q180,,,
2022-2,20220203,코스맥스엔비티(주),건강기능식품전문제조업,경기도 이천시,타히보 추출물(TabetriⓇ),,,
2022-7,20220207,(주)동일팜텍,수입식품등 수입ㆍ판매업,서울특별시 강남구,사삼추출물,체지방 감소에 도움,사삼추출물로서 750mg/일,"""영유아, 어린이, 임산부 및 수유부는 섭취 시 주의한다."" 등"
2022-1,20220207,(주)씨에이치랩스,수입식품등 수입ㆍ판매업,서울특별시 영등포구,들쭉열매추출분말,자외선에 의한 피부손상으로부터 피부건강 유지에 도움을 줄 수 있음,,
2023-3,20230215,(주) 운트바이오,수입식품등 수입ㆍ판매업,경기도 의정부시,단삼주정추출분말,갱년기 여성건강에 도움을 줄 수 있음,"일일섭취량: 1일 2회, 1회 1 캡슐, 단삼주정추출분말로서 600mg",○ 과량으로 복용하지 않도록 주의○ 이상 사례 발생 시 섭취를 중단하고 전문가와 상담할 것
2023-7,20230327,주식회사뉴트라코어,건강기능식품전문제조업,전북특별자치도 임실군,옥수수수염․레몬밤추출복합물(CL-5MoA),체지방감소에 도움을 줄 수 있음,1g/일,"의약품(항당뇨제, 수면유도제, 갑상선호르몬제, 중추신경억제제)을 복용하시는 분은 섭취전 전문의와 상담할 것"
2023-44,20231229,주식회사 비티씨 오송공장,수입식품등 수입ㆍ판매업,충청북도 청주시 흥덕구,당귤농축분말(ROCH),"자외선에 의한 피부손상으로부터 피부건강을 유지하는데 도움을 줄 수 있음, 피부 보습에 도움을 줄 수 있음",100 mg/일,"① 영유아, 어린이, 임산부 및 수유부는 섭취에 주의할 것,② 특정질환 (알레르기 체질 등)이 있는 분은 섭취에 주의할 것, ③ 이상사례발생 시 섭취를 중단하고 전문가와 상담할 것"
2015-14,20150409,(주)프롬바이오,수입식품등 수입ㆍ판매업,경기도 용인시 기흥구,아프리카망고 종자추출물(IGOB131),체지방 감소에 도움을 줄 수 있음(생리활성기능 2등급),와일드 망고 종자추출물(IGOB131)로서 300 mg/일,1) 임산부 및 수유 여성은 섭취에 주의
2016-15,20160823,(주)나암에스앤에이치,건강기능식품수입업,서울특별시 마포구,EPA 및 DHA 함유유지,건조한 눈을 개선하여 눈 건강에 도움을 줄 수 있음,EPA와 DHA의 합으로서 0.6~1 g/일,-
2009-73,20090909,주식회사 노바렉스,수입식품등 수입ㆍ판매업,충청북도 청주시 청원구,보리 베타글루칸 추출물,혈중 콜레스테롤 개선에 도움을 줄 수 있음(생리활성기능 2등급),베타글루칸으로서 3~8g,-
2009-52,20090605,주식회사 노바렉스,수입식품등 수입ㆍ판매업,충청북도 청주시 청원구,유단백가수분해물(락티움),유단백가수분해물은 스트레스로 인한 긴장을 완화하는데 도움을 줄 수 있습니다.,유단백가수분해물(락티움)로서 150mg/일,"1) 임산부, 수유여성 및 12세 이하 어린이는 섭취에 주의하여야 합니다.
2) 우유 및 유제품에 대하여 알레르기를 나타내는 사람은 섭취에 주의하여야 합니다."
2015-30,20151224,콜마비앤에이치(주)푸디팜사업부문,건강기능식품전문제조업,충청북도 음성군,EPA 및 DHA 함유유지,건조한 눈을 개선하여 눈 건강에 도움을 줄 수 있음(생리활성기능 2등급),EPA와 DHA의 합으로서 0.6~1 g/일,-
2022-4,20220203,대상(주),건강기능식품전문제조업,전북특별자치도 군산시,황국(Aspergillus 발효물 MK01),혈중 콜레스테롤 개선에 도움을 줄 수 있음,신청원료로서 700 mg/일,(해당 사항 없음)
2022-8,20220208,(주)휴바이오,수입식품등 수입ㆍ판매업,서울특별시 서대문구,발아발효콩추출물,갱년기 여성 건강에 도움을 줄 수 있음,발아발효콩추출물의 일일섭취량은 1g/일,-
2022-10,20220208,(재)고창식품산업연구원,개인(기타),전북특별자치도 고창군,블랙라즈베리 추출물,혈압 조절에 도움을 줄 수 있음,2500mg,임산부 및 수유부는 섭취 전 전문가와 상담하시기 바랍니다.
2023-6,20230327,(주)일원바이오,수입식품등 수입ㆍ판매업,전북특별자치도 익산시,양춘사추출물,체지방 감소에 도움을 줄 수 있음,,
2023-9,20230328,(주)케이지엠팜,수입식품등 수입ㆍ판매업,서울특별시 영등포구,다이크로스타키스 글로메라타 추출물(Dyglomera),체지방 감소에 도움을 줄 수 있음,Dichrostachys glomerata추출물(Dyglomera)로서 400mg/일,"영유아, 어린이, 임산부 및 수유부는 섭취에 주의 바람. 특이 체질이거나 알레르기 체질인 경우 섭취에 주의 바람."
2010-24,20100525,(주)안지오랩,건강기능식품벤처제조업,대전 유성구,레몬 밤 추출물 혼합분말,체지방 감소에 도움을 줄 수 있음(생리활성기능 2등급),레몬밤 추출물 혼합분말로서 1380 mg/일,"1) 알레르기 반응이 나타날 경우에는 섭취를 중단하시기 바랍니다.
2) 섭취 후 진정작용이 나타날 수 있습니다.
3) 어린이 및 임산부와 수유부 여성은 섭취에 주의하시기 바랍니다."
2009-58,20090605,(주)헬릭스미스,건강기능식품벤처제조업,서울특별시 강서구,액상다래추출물,면역 과민반응 개선에 도움을 줄 수 있음(기타기능II),액상 다래추출물로서 2~2.5g/일,1) 임산부와 수유부는 섭취에 주의
2023-43,20231229,(주)에치와이,수입식품등 수입ㆍ판매업,서울특별시 서초구,참나리추출분말,관절 및 연골건강에 도움을 줄 수 있음,참나리추출분말로서 1 g/일,
2024-3,20240206,주식회사 뉴온,수입식품등 수입ㆍ판매업,서울특별시 강남구,에키네시아추출물,면역기능 증진에 도움을 줄 수 있음,에키네시아추출물로서 200mg/일,임상부 및 수유부는 섭취에 주의한다.
2024-1,20240110,풍림무약(주),수입식품등 수입ㆍ판매업,서울특별시 중구,황해쑥추출분말,위점막을 보호하여 위건강에 도움을 줄 수 있음,240mg,제출자료 참조
2018-8,20180801,(주)에이치엘사이언스,건강기능식품전문제조업,경기도 화성시 효행구,석류농축분말,자외선에 의한 피부손상으로부터 피부 건강을 유지하는데 도움을 줄 수 있음.,1g/ 일 (엘라그산 함량 :1.2mg/일 ),이상반응 및 부작용 보고되지 않음.
2019-31,20191231,(주)엘지생활건강,수입식품등 수입ㆍ판매업,서울특별시 종로구,돈태반 발효추출물,피로 개선에 도움을 줄 수 있음,신청 원료로서 320 mg/일,돼지고기에 알러지가 있는 분은 섭취시 주의가 필요합니다.
2005-20,20050901,현대약품주식회사,건강기능식품수입업,서울특별시 강남구,대두올리고당,"""장내 유익균의 증식과 유해균의 억제에 도움을 줄 수 있습니다."", ""배변활동을 원활히 하는데 도움을 줄 수 있습니다.""

◆ 인체시험에서 대두올리고당을 섭취할 경우 장내 유익균의 증식과 유해균을 억제하고, 배변활동을 원활히 하는데 도움을 줄 수 있음을 확인하였으나 자료의 수가 제한되어 있음. 따라서 반드시 ‘---에 도움을 줄 수 있습니다’의 형식으로 표시하여야 함",Stachyose와 raffinose를 합한 함량으로서,과량으로 섭취 시에는 설사를 유발할 수 있습니다.
2005-21,20051028,에프엔바이오(주),건강기능식품수입업,충청남도 보령시,CLA-80HGR,"“공액리놀레산(Conjugated Linoleic Acid)는 과체중인 성인의 체지방 감소에 도움을 줄 수 있습니다.”

(과체중인 성인을 대상으로 한 인체시험에서 CLA를 섭취한 경우 체지방(fat mass)감소에 도움을 줄 수 있음이 많은 자료에서 확인되었으나 한국인을 대상으로 한 자료가 없었음. 따라서 반드시 ‘---에 도움을 줄 수 있습니다’의 형식으로 표시하여야 함.)","공액리놀레산 (cis-9, trans-11 CLA, trans-10, cis-12 CLA, cis-9, cis-11 CLA, trans-9, trans-11 CLA)으로 권장 섭취량 3.4 g/day 일일 첩취량","1. 위장장애가 발생할 수 있습니다.
2. 영유아, 임산부는 섭취를 삼가야 해야 합니다.
3. 식사조절, 운동을 병행하는 것이 바람직합니다."
2022-11,20220215,고려은단(주),건강기능식품전문제조업,경기도 성남시 중원구,섬쑥부쟁이추출분말,인지능력 개선에 도움을 줄수 있음,섬쑥부쟁이추출물로써 960mg,첨부서류 참조
2022-13,20220225,(주)노바웰스,수입식품등 수입ㆍ판매업,대전광역시 유성구,레몬버베나추출물 등 복합물 (티에뜨레®),체지방 감소에 도움을 줄 수 있음,"레몬버베나추출물 등 복합물 (메타볼에이드, metabolaid)로써 500 mg/일",신청서 참조
2022-16,20220418,(주)뉴트리원,수입식품등 수입ㆍ판매업,서울특별시 송파구,Bacillus coagulans Unique IS-2 프로바이오틱스,배변활동 원활에 도움을 줄 수 있음,,
2020-11,20200724,(주)뉴트리,건강기능식품전문제조업,경기도 성남시 중원구,해국추출물,1,,
2024-2,20240206,주식회사 유한건강생활,수입식품등 수입ㆍ판매업,서울특별시 강서구,녹용효소분해추출물(HENKIVⓇ),면역기능개선에 도움을 줄 수 있음,녹용효소분해추출물로서 480 mg/일,"영·유아, 어린이, 임산부 및 수유부, 특정질환(알레르기 체질 등)이 있는 분 섭취 주의, 이상사례 발생 시 섭취를 중단하고 전문가와 상담"
2005-22,20051028,에프엔바이오(주),건강기능식품수입업,충청남도 보령시,CLA-80TAG (트리글리세리드형태),"“공액리놀레산(Conjugated Linoleic Acid)는 과체중인 성인의 체지방 감소에 도움을 줄 수 있습니다.”

(과체중인 성인을 대상으로 한 인체시험에서 CLA를 섭취한 경우 체지방(fat mass)감소에 도움을 줄 수 있음이 많은 자료에서 확인되었으나 한국인을 대상으로 한 자료가 없었음. 따라서 반드시 ‘---에 도움을 줄 수 있습니다’의 형식으로 표시하여야 함.)","공액리놀레산 (cis-9, trans-11 CLA, trans-10, cis-12 CLA, cis-9, cis-11 CLA, trans-9, trans-11 CLA)으로 (권장섭취량 3.4g/day) 일일섭취량","1. 위장장애가 발생할 수 있습니다.
2. 영유아, 임산부는 섭취를 삼가야 해야 합니다.
3. 식사조절, 운동을 병행하는 것이 바람직합니다."
2005-23,20051213,씨제이(주),건강기능식품수입업,서울특별시 중구,씨제이 홍경천 등 복합추출물,"""씨제이홍경천등복합추출물은 혈당조절을 신경 쓰시는 분들의 공복혈당 조절에 도움을 줄 수 있으나 아직은 과학적 근거가 부족합니다.""
◆ 소수의 인체시험에서 여러 혈당조절 지표 중 공복혈당만이 유의적으로 감소되었으나 이를 설명할 수 있는 과학적 근거가 부족합니다. 따라서 반드시 ‘---에 도움을 줄 수 있으나 아직은 과학적 근거가 부족합니다’의 형식으로 표시하여야 함.",‘씨제이홍경천등복합추출물’로서,"◆ 유?소아, 임산부, 수유부는 사용을 삼가는 것이 좋습니다.
◆ 혈당조절을 위한 의약품을 복용하시는 분은 의사와 상담하시기 바랍니다."
2009-90,20091207,(주)유니젠,,충청남도 천안시 동남구,밀크씨슬추출물,“간 건강에 도움을 줄 수 있음” (기타기능II),Silymarin으로서 130mg,"1) 알레르기 반응이 나타나는 경우에는 섭취를 중단하십시오
2) 설사, 위통, 복부팽만 등의 위장관계 장애가 나타나는 경우에는 섭취를 주의하십시오"
2009-74,20090909,성원에프아이,건강기능식품수입업,서울특별시 광진구,가르시니아 캄보지아 껍질추출물 HCActive Ca 65,“탄수화물에서 지방으로의 합성을 억제하여 체지방 감소에 도움을 줍니다”(기타기능 I),"총 (-)-HCA로서 750~2,800 mg/day",1) 임산부와 수유기 여성은 섭취를 피하는 것이 좋습니다.
2023-10,20230328,아미코젠(주),건강기능식품전문제조업,경상남도 진주시,저분자콜라겐펩타이드 AG,1. 피부보습에 도움을 줄 수 있음. 2. 자외선에 의한 피부손상으로부터 피부건강을 유지하는데 도움을 줄 수 있음.,저분자콜라겐펩타이드 AG 로서의 1.0g/일,"영·유아, 임산부 및 수유부는 섭취에 주의. 알레르기 체질이거나 특정 질환이 있는 분은 섭취 전, 반드시 의사와 상담이 필요함"
2023-15,20230601,한국해양과학기술원,,부산광역시 영도구,스피루리나추출물(SM70EE),-,,
2009-72,20090810,네이쳐스메디신(주),건강기능식품수입업,경기도 남양주시,아마인,"콜레스테롤 감소에 도움을 줄 수 있음
(기타기능 Ⅱ)",50g,"1) 혈액응고와 관련된 질병이 있거나 혈액응고저해제를 섭취하는 경우는 반드시 의사나 약사와 상담 후에 섭취하여야 합니다.
2) 아마인의 섭취는 다른 약물의 흡수를 방해할 수 있으므로 약제를 섭취하는 경우에는 의사나 약사와 상담 후 섭취하여야 합니다."
2022-14,20220225,(주)서흥,건강기능식품전문제조업,충청북도 청주시 흥덕구,유산균복합물(AB-LIFE®),혈중 콜레스테롤 개선에 도움을 줄 수 있음,1.2 X 10^9 CFU,산성도가 낮은 음료나 뜨거운 물과 함께 복용하는 것을 피하는 것이 좋습니다. 임신∙수유부는 제품 섭취 전에 의사와 상담하시길 권장합니다.
2022-12,20220225,주식회사 뉴온,수입식품등 수입ㆍ판매업,서울특별시 강남구,가자추출물(AyuFlexⓇ),관절 및 연골 건강에 도움을 줄 수 있음,가자추출물(Ayuflex®)로서 500mg/일,임산부 및 수유부는 전문의와 상담 후 섭취하십시오.
2022-22,20220531,유한회사 파이토뉴트리메디,수입식품등 수입ㆍ판매업,전북특별자치도 전주시 덕진구,레몬밤민들레추출복합물(LD100),간건강에 도움을 줄수 있음,단델리온등 복합물 500mg/일,114 page 참조
2009-77,20090909,(주)진용,건강기능식품수입업,경기도 수원시 영통구,가르시니아 캄보지아 껍질추출물 60,“탄수화물에서 지방으로의 합성을 억제하여 체지방 감소에 도움을 줍니다”(기타기능 I),"총 (-)-HCA로서 750~2,800 mg/day",1) 임산부와 수유기 여성은 섭취를 피하는 것이 좋습니다.
2009-69,20090803,뉴트리펀코리아컨설팅,건강기능식품수입업,경기도 고양시 일산동구,가르시니아 캄보지아 껍질추출물,“탄수화물에서 지방으로의 합성을 억제하여 체지방 감소에 도움을 줍니다”(기타기능 I),"총 (-)-HCA로서 750~2,800 mg/day",1) 임산부와 수유기 여성은 섭취를 피하는 것이 좋습니다.
2009-70,20090803,(주)진용,건강기능식품수입업,경기도 수원시 영통구,MSM,“관절건강에 도움이 될 수 있습니다.”(기타기능 II),MSM으로서 1.5 ~2 g/day,1) 본 제품은 관절건강에 도움을 줄 수 있으나 치료의 목적으로 사용될 수 없습니다.
2009-89,20091207,한국암웨이(주),,서울특별시 강남구,밀크씨슬추출물,“간 건강에 도움을 줄 수 있음” (기타기능II),Silymarin으로서 130mg,"1) 알레르기 반응이 나타나는 경우에는 섭취를 중단하십시오
2) 설사, 위통, 복부팽만 등의 위장관계 장애가 나타나는 경우에는 섭취를 주의하십시오"
2023-11,20230510,주식회사 제넨셀,건강기능식품벤처제조업,경기도 용인시 기흥구,맥아구절초추출복합물,월경 전 변화에 의한 불편한 상태 개선에 도움을 줄 수 있음,500 mg/일,"임신 중에는 사용하지 말 것 - 명의별록, 동의보감 등 고서에 맥아에 대한 임산부의 복용 섭취 주의사항이 기재되어 있음"
2022-21,20220531,(주)에이투젠 부설연구소,개인(기타),대전광역시 유성구,Lactiplantibacillus plantarum HAC01 프로바이오틱스,식후 혈당 상승 억제에 도움을 줄 수 있음,,
2022-20,20220525,국립농업과학원,집단급식소,전북특별자치도 완주군,weissella cibaria JW15 프로바이오틱스,-,,
2022-17,20220418,(주) 뉴트리,수입식품등 수입ㆍ판매업,서울특별시 송파구,보스웰리아추출물(SERRATRIN),,,
2022-18,20220418,환인제약(주),수입식품등 수입ㆍ판매업,서울특별시 송파구,감잎주정추출분말,건조한 눈을 개선하여 눈 건강에 도움을 줄 수 있음.,감잎주정추출분말 일일섭취량은 600mg/일,임산부와 수유부 및 특정한 식품에 알레르기가 있는 분은 섭취에 주의 바람.
2023-13,20230510,에스씨사이언스,수입식품등 수입ㆍ판매업,경기도 고양시 일산동구,크릴오일 (superba boost),관절건강 개선에 도움을 줄 수 있음,"크릴오일로써 1,000mg/day","1 영유아, 어린이, 임산부 및 수유부는 섭취에 주의 ○ 갑각류에 알레르기가 있는 사람은 섭취에 주의 ○ 의약품(항응고제, 항혈소판제 등) 복용시 전문가와 상담할 것 ○ 이상사례 발생 시 섭취를 중단하고 전문가와 상담할 것"
2023-14,20230510,(주)뉴트리,수입식품등 수입ㆍ판매업,서울특별시 송파구,저분자콜라겐펩타이드,"피부보습에 도움을 줄 수 있음, 자외선에 의한 피부손상으로부터 피부건강을 유지하는데 도움을 줄 수 있음, 관절 및 연골 건강에 도움을 줄 수 있음",저분자콜라겐펩타이드로서 1000~4000 mg/일,
2014-64,20141211,농업회사법인 주식회사 생명의나무,건강기능식품벤처제조업,경기도 수원시 권선구,옻나무 추출분말,"갱년기 남성의 건강에 도움을 줄 수 있음
(생리활성기능 2등급)",옻나무 추출분말로서 1 g,"인체적용시험의 바이오마커 중 AMS 및 ADAM은 세부항목이 아닌 총점으로만 검토 후, 인정됨"
2014-63,20141209,(주)로하스피아,수입식품등 수입ㆍ판매업,서울특별시 송파구,오메가-3 지방산 함유 유지,"기억력 개선에 도움을 줄 수 있음
 (생리활성기능 2등급)",DHA와 EPA의 합으로서 0.9 ～ 2 g/일,「건강기능식품 기능성 원료 및 기준․규격  인정에 관한 규정」 제10조제2항에 따라 「건강기능식품의 기준 및 규격」에 고시 예정임
2010-25,20100520,(주)아모레퍼시픽,건강기능식품전문제조업,경기도 안성시,AP 콜라겐 효소분해 펩타이드,,,
2010-56,20101124,(주)렉스진바이오텍,건강기능식품수입업,충청북도 음성군,은행잎추출물,1) 성인의 기억력 개선에 도움을 줄 수 있음 (기타기능II) 2) 혈행 개선에 도움을 줄 수 있음 (기타기능II),은행잎 추출물로서 120 mg/일,"1) 어린이, 임산부와 수유부는 섭취에 주의
2) 수술 전후에는 섭취에 주의 
3) 항응고제 복용시 섭취에 주의 
4) 질환자의 경우 섭취 전에 의사와 상담하시기 바람"
2010-50,20101105,대상(주)건강사업본부,,서울특별시 동대문구,L-카르니틴 타르트레이트,체지방 감소에 도움을 줄 수 있음 (기타기능 Ⅱ),L-카르니틴으로서 2g,-
2020-1,20200227,주영엔에스(주),수입식품등 수입ㆍ판매업,서울특별시 송파구,콘드로이친 황산염,관절 및 연골건강에 도움을 줄 수 있음,신청원료로서 1200mg/일,
2020-4,20200522,코스맥스엔비티(주),건강기능식품전문제조업,경기도 이천시,배초향 추출물 (Agatri®),,,
2020-12,20200730,주식회사 현대바이오랜드,건강기능식품전문제조업,경기도 안산시 단원구,발효우슬등복합물,관절 건강에 도움,발효우슬추출복합물로서 1g/일,해당사항없음
2022-5,20220203,(주)서흥,건강기능식품전문제조업,충청북도 청주시 흥덕구,저분자콜라겐펩타이드SH,피부 보습에 도움을 줄 수 있음,젤텍저분자콜라겐 (GT Collagen)으로서 2 g/일,
2022-23,20220531,(주)한국씨엔에스팜,건강기능식품전문제조업,충청북도 음성군,레몬밤민들레추출복합물(LD100),간기능 개선에 도움을 줄 수 있음.,,
2022-24,20220805,(주)에스디생명공학 건강식품사업부문,수입식품등 수입ㆍ판매업,서울특별시 강서구,증숙생강추출분말(GGE03),,,
2023-16,20230707,광동제약주식회사,건강기능식품전문제조업,경기도 평택시,녹용당귀등 복합추출물,전립선 건강의 유지에 도움을 줄 수 있음,"녹용당귀등 복합추출물로서 500~1,000mg/일",특정질환(알레르기 체질 등)이 있는 분은 섭취에 주의할 것. 이상사례 발생 시 섭취를 중단하고 전문가와 상담할 것.
2023-17,20230707,주식회사뉴트라코어,건강기능식품전문제조업,전북특별자치도 임실군,와사비잎추출물(NCWL01),체지방감소에 도움을 줄 수 있음,250 mg/일,"의약품(항응고제, 항혈소판제)을 복용하시는 분은 섭취 전 전문의와 상담할 것"
2023-20,20230707,주식회사 노바렉스,건강기능식품전문제조업,충청북도 청주시 흥덕구,새싹보리추출물(Rexcliver®),알콜로 인해 증가된 산화적 스트레스로부터 간을 보호하는데 도움을 줄 수 있음,,
2020-13,20201028,(주)비티씨,건강기능식품벤처제조업,경기도 안산시 상록구,Bimuno GOS powder,장 내 유익균 증식 및 유해균 억제에 도움을 줄 수 있음.,3.5~7g,없음.
2014-62,20141209,지엠코퍼레이션,식품등 수입판매업,서울특별시 은평구,감마리놀렌산 함유 유지,면역과민반응에 의한 피부상태 개선에 도움을 줄 수 있음(생리활성기능 2등급),감마리놀렌산으로서 160 ～ 300 mg/일,"1) 영 유아, 어린이는 섭취 전 의사와 상담하여야 함"
2014-53,20141016,아사히고도(주)서울영업소,수입식품등 수입ㆍ판매업,서울특별시 성동구,감마리놀렌산 함유 유지,면역과민반응에 의한 피부상태 개선에 도움을 줄 수 있음(생리활성기능 2등급),감마리놀렌산으로서 160 ～ 300 mg/일,"1) 영.유아, 어린이는 섭취 전 의사와 상담하여야 함"
2013-11,20130527,씨제이웰케어(주) 진안공장,건강기능식품전문제조업,전북특별자치도 진안군,Lactiplantibacillus plantarum CJLP133 프로바이오틱스,,,
2020-14,20210108,콜마비앤에이치(주),건강기능식품전문제조업,세종특별자치시,미숙여주주정추출분말,식후 혈당상승 억제에 도움을 줄 수 있음,미숙여주주정추출분말로서 2.4 g/일,"섭취용량에 따라 어린이, 임산부 및 수유부는 사전에 의사와 상담이 필요"
2021-3,20210616,(주)휴온스엔,건강기능식품전문제조업,강원특별자치도 춘천시,사군자추출분말,전립선 건강에 도움,"사군자추출분말로써 1,000~2,000 mg/일","1) 임산부 및 수유부, 어린이는 섭취에 주의. 2)사군자에 알레르기를 나타내는 사람은 섭취에 주의"
2022-26,20220905,(주)나인비,건강기능식품벤처제조업,대전광역시 유성구,산수유추출물등복합물(리베스틴®),체지방 감소에 도움을 줄 수 있음,"산수유복합추출물의 일일섭취량은 1,600mg/일","영·유아, 어린이, 임산부 및 수유부는 섭취 시 주의바랍니다.특정 질환(알레르기 체질 등)이 있는 분은 섭취에 주의바랍니다.이상사례 발생 시 섭취를 중단하고 전문가와 상담하시기 바랍니다."
2023-18,20230707,(주) 엔에스쇼핑,수입식품등 수입ㆍ판매업,경기도 성남시 분당구,와사비잎 추출물(NCWL01),체지방 감소에 도움을 줄 수 있음,250mg,"영·유아, 어린이, 임산부 및 수유부는 섭취에 주의할것, 특정질환(알레르기 체질 등)이 있는 분은 섭취에 주의할 것, 이상사례 발생 시 섭취를 중단하고 전문가와 상담할 것, 의약품(항응고제, 항혈소판제)을 복용하시는 분은 섭취 전 전문의와 상담할 것"
2022-25,20220906,(주)네츄럴큐어,수입식품등 수입ㆍ판매업,전남광주통합특별시 북구,전호잎추출물,관절건강에 도움,500mg,임산부에 대한 특이적인 안전성 관련 정보는 없음.
2022-27,20220906,코스맥스엔비티(주),건강기능식품전문제조업,경기도 이천시,아쉬아간다 추출물(ShodenⓇ),,,
2021-1,20210310,월드웨이(주),건강기능식품전문제조업,세종특별자치시,실크단백질 산가수분해물(Sil-Q1),면역력 증진,실크단백질 산가수분해물(Sil-Q1)로서 9 g/일,"간, 신장 기능 이상자는 섭취에 주의, 임산부. 어린이는 섭취에 주의(근거: 유사원료인 ‘실크단백질 효소가수분해물’의 건강기능식품 개별인정형 원료의 주의사항)"
2020-2,20200227,주식회사 노바렉스,건강기능식품전문제조업,충청북도 청주시 청원구,유단백가수분해물(락티움),수면의 질 개선에 도움,,
2020-5,20200522,코스맥스엔비티 주식회사,건강기능식품전문제조업,서울특별시 강남구,배초향 추출물 (Agatri®),자외선에 의한 피부손상으로부터 피부 건강 유지하는데 도움을 줄 수 있음,1g/일,첨부자료 참고
2020-15,20210114,주식회사 노바렉스,건강기능식품전문제조업,충청북도 청주시 청원구,"밀 추출물(Ceratiq, 세라티크)",피부보습에 도움을 줄 수 있음,,
2022-29,20220906,안국건강주식회사,수입식품등 수입ㆍ판매업,서울특별시 강남구,루테인지아잔틴추출복합물,노화로 인해 감소될 수 있는 황반색소밀도를 유지하여 눈 건강에 도움을 줄 수 있음,루테인 지아잔틴 합으로서 12mg/일,"영.유아, 어린이, 임산부 및 수유보는 섭취에 주의, 과다 섭취 시 일시적으로 피부가 황색으로 변할 수 있음 등"
2022-31,20221123,(유)한풍제약,건강기능식품전문제조업,전북특별자치도 완주군,포도잎추출물(HP-01),혈소판 응집억제를 통한 혈행개선에 도움을 줌,1800 mg/일,"9. 섭취량, 섭취방법, 섭취시 주의사항 및 그 설정에 관한자료 참조"
2022-32,20221123,코스맥스엔비티(주),건강기능식품전문제조업,경기도 이천시,Lactobacillus plantarum TWK10 프로바이오틱스,,,
2023-21,20230725,매일유업(주)아산공장,건강기능식품전문제조업,충청남도 아산시,저분자유청단백가수분해물,,,
2023-24,20230801,코스맥스엔비티(주),건강기능식품전문제조업,경기도 이천시,저분자 피쉬 콜라겐 펩타이드 (Naticol® BPMG),,,
2009-16,20090227,주식회사 벤스랩,건강기능식품벤처제조업,경기 화성시 효행구,구아바잎추출물 등 복합물(BENDU381),"과민반응에 의한 코 상태(코 가려움, 재채기, 콧물) 개선에 도움을 줄 수 있음(기타기능II)",구아바잎추출물 등 복합물로서 800mg/일,-
2009-39,20090429,인성제약(주),건강기능식품전문제조업,충청북도 음성군,Nopal 추출물,식후 혈당조절에 도움을 줄 수 있습니다.(기타기능II),수용성 식이섬유로서 4.3g,"1) 어린이, 임산부 및 수유여성은 섭취에 주의"
2010-60,20121228,씨제이제일제당(주),수입식품등 수입ㆍ판매업,서울특별시 중구,회화나무열매추출물,,,
2018-3,20180326,(주)에스앤디,건강기능식품전문제조업,충청북도 청주시 흥덕구,미강주정추출물,수면에 도움을 줄 수 있음,쌀겨주정추출물로서 1g/일,"1) 영.유아, 어린이, 임산부 및 수유부는 섭취에 주의
2) 의약품(항히스타민제 또는 중추신경계억제제)과 병용섭취 시 주의"
2018-4,20180417,대한켐텍 주식회사,수입식품등 수입ㆍ판매업,경기도 과천시,루테인지아잔틴복합추출물,노화로 인해 감소될 수 있는 황반색소밀도를 유지하여 눈 건강에 도움을 줄 수 있음,루테인과 지아잔틴의 합으로서 10~20 mg/일,"1) 영.유아, 어린이, 임산부 및 수유부는 섭취에 주의
2) 과다 섭취 시 일시적으로 피부가 황색으로 변할 수 있음"
2018-5,20180509,주식회사 마이코제닉스,건강기능식품전문제조업,전북특별자치도 익산시,세리포리아 락세라타 균사체 배양물,,,
2012-10,20120217,(주)한국야쿠르트 평택 프로바이오틱스 플랜트,건강기능식품전문제조업,경기도 용인시 수지구,홍경천추출물,스트레스로 인한 피로개선에 도움을 줄 수 있음(생리활성기능 2등급),홍경천추출물로서 200~600 mg,-
2008-67,20081111,(주)한국인삼공사,건강기능식품전문제조업,대전광역시 대덕구,"홍삼, 사상자, 산수유 복합추추출물",햇볕 또는 자외선에 의한 피부손상으로부터 피부건강을 유지하는데 도움을 줄 수 있습니다.(기타기능II),복합추출물로서 3g/일,"1) 홍삼, 사상자, 산수유에 특이한 이상반응을 나타내는 사람은 섭취에 주의
2) 임산부 및 수유기 여성은 섭취에 주의"
2022-33,20221123,(주)한국인삼공사,건강기능식품전문제조업,충청남도 부여군,홍삼오일(KGC11o),전립선 건강에 도움을 줄 수 있음,"홍삼오일(KGC11o)로서 1,000 mg",별첨 9 참조
2009-79,20091015,(주)뉴메드,건강기능식품벤처제조업,서울특별시 동대문구,인삼가시오갈피 등 혼합추출물,“기억력 개선에 도움을 줄 수 있으나 인체시험을 통한 확인이 필요함”(기타기능Ⅲ),“인삼가시오갈피 등 혼합추출물”로서 5.2 g/일,"1) 과량 섭취 시 체질에 따라 소화기 증상이 발생할 수 있으므로 주의하시기 바랍니다.
2) 6세 미만 소아는 섭취 전 의사와 상담하여 주시기 바랍니다."
2010-31,20100701,동우약품(주),건강기능식품수입업,서울특별시 강남구,은행잎 추출물,1) 성인의 기억력 개선에 도움을 줄 수 있음 (기타기능II) 2) 혈행 개선에 도움을 줄 수 있음 (기타기능II),은행잎 추출물로서 120 mg/일,"1) 어린이, 임산부와 수유부는 섭취에 주의하시기 바랍니다.
2) 수술 전후에는 섭취에 주의하시기 바랍니다. 
3) 항응고제 복용시 섭취에 주의하시기 바랍니다. 
4) 질환자의 경우 섭취 전에 의사와 상담하여 주시기 바랍니다."
2010-32,20100708,(주)농심,수입식품등 수입ㆍ판매업,서울특별시 동작구,보리 베타글루칸 추출물(Barley β-glucan Extract),“혈중 콜레스테롤 개선에 도움을 줄 수 있음” (기타기능II),베타글루칸으로서 3~8 g,-
2005-19,20050823,상현화학,건강기능식품수입업,서울특별시 강남구,Tonalin CLA TG,"“공액리놀레산(Conjugated Linoleic Acid)는 과체중인 성인의 체지방 감소에 도움을 줄 수 있습니다.”

(과체중인 성인을 대상으로 한 인체시험에서 CLA를 섭취한 경우 체지방(fat mass)감소에 도움을 줄 수 있음이 많은 자료에서 확인되었으나 한국인을 대상으로 한 자료가 없었음. 따라서 반드시 ‘---에 도움을 줄 수 있습니다’의 형식으로 표시하여야 함.)","공액리놀레산(cis-9, trans-11 CLA, trans-10, cis-12 CLA, cis-9, cis-11 CLA 이성체의 합계 량) 으로","1. 위장장애가 발생할 수 있습니다.
2. 영유아, 임산부는 섭취를 삼가야 해야 합니다.
3. 식사조절, 운동을 병행하는 것이 바람직합니다."
2010-14,20100316,주영엔에스(주),건강기능식품수입업,서울특별시 서초구,밀크씨슬추출물,“간 건강에 도움을 줄 수 있음” (기타기능II),Silymarin으로서 130mg,"1) 알레르기 반응이 나타나는 경우에는 섭취를 중단하십시오
2) 설사, 위통, 복부팽만 등의 위장관계 장애가 나타나는 경우에는 섭취를 주의 하십시오"
2023-1,20230215,주식회사 현준에프앤비,수입식품등 수입ㆍ판매업,서울특별시 금천구,에키네시아추출물,면역기능 증진에 도움을 줄 수 있음.,에키네시아추출물로서 200mg/일,임산부 및 수유부는 섭취에 주의한다.
2022-35,20221124,(주)휴온스엔,건강기능식품전문제조업,강원특별자치도 춘천시,Weissella cibaria JW15 프로바이오틱스,면역 기능 증진에 도움을 줄 수 있음,Weissella cibaria JW15로서 1×E+10 cfu/day 이상,
2019-30,20191231,㈜콜마비앤에이치,건강기능식품전문제조업,세종특별자치시,포도블루베리추출혼합분말,신청원료 섭취를 통한 단기 및 장기 기억력 강화,600 mg/일,없음
2016-17,20160928,파이코일바이오텍코리아(주),건강기능식품전문제조업,충청남도 공주시,EPA 및 DHA 함유유지,기억력 개선에 도움을 줄 수 있음,EPA와 DHA의 합으로서 0.9~2g/일,-
2023-25,20230801,(주)트라이콤바이오,수입식품등 수입ㆍ판매업,서울특별시 서초구,저분자 피쉬 콜라겐 펩타이드 (Naticol® BPMG),"자외선에 의한 피부손상으로부터 피부건강을 유지하는데 도움을 줄 수 있음,  피부 보습에 도움을 줄 수 있음",1.5 g,
2022-30,20221124,풀무원건강생활(주),건강기능식품전문제조업,충청북도 증평군,흰목이버섯효소분해추출물(Neu learn),,,
2009-91,20091207,씨제이제일제당(주),건강기능식품수입업,서울특별시 중구,밀크씨슬추출물,“간 건강에 도움을 줄 수 있음” (기타기능II),Silymarin으로서 130mg,"1) 알레르기 반응이 나타나는 경우에는 섭취를 중단하십시오
2) 설사, 위통, 복부팽만 등의 위장관계 장애가 나타나는 경우에는 섭취를 주의하십시오"
2010-9,20100315,(주)리더스팩,건강기능식품수입업,경기도 성남시 분당구,Lutein20%(Parry Xanmax 20%),“루테인은 노화로 인해 감소될 수 있는 황반색소밀도를 유지시켜 주어 눈건강에 도움을 줍니다.(기타 I등급)”,루테인으로써 10 ~ 20mg,"1) 과다 섭취 시 일시적으로 피부가 황색으로 변할 수 있습니다.
2) 임산부는 섭취 전 의사와 상담이 필요합니다."
2023-26,20230914,㈜주피터인터내셔널,수입식품등 수입ㆍ판매업,서울특별시 서초구,CaHMB(Calcium β-Hydroxy-β-methylbutyrate),운동수행능력 향상에 도움을 줄 수 있음,CaHMB로서 3 g/일,"① 영·유아, 어린이, 임산부 및 수유부는 섭취 시 주의바랍니다.② 특정 질환(알레르기 체질 등)이 있는 분은 섭취 시 주의바랍니다.③ 이상사례 발생 시 섭취를 중단하고 전문가와 상담하시기 바랍니다."
2021-5,20210727,일동바이오사이언스(주),건강기능식품전문제조업,경기도 평택시,B. breve IDCC 4401 열처리배양건조물(BBR®),,,
2021-9,20210903,주식회사 뉴온,수입식품등 수입ㆍ판매업,서울특별시 강남구,보스웰리아추출물등 복합물(Flexir),관절 및 연골 건강에 도움,보스웰리아추출물등 복합물(Flexir)로서 200~400mg/일,임산부 및 수유부는 섭취 시 주의한다.
2023-28,20230919,주식회사 밸런스웨이,수입식품등 수입ㆍ판매업,서울특별시 광진구,풋사과추출물 애플페논(Applephenon),체지방 감소에 도움을 줄 수 있음,신청원료로서 600 mg/일,사과는 알레르기 반응과 연관된 식품으로 사과 알레르기 체질이신 분은 섭취 전 성분을 확인하는 것이 바람직 함
2022-6,20220203,(주)젤텍,건강기능식품전문제조업,부산광역시 강서구,저분자콜라겐펩타이드GT,피부 보습에 도움을 줄 수 있음,젤텍저분자콜라겐 (GT Collagen)으로서 2 g/일,○ 천연물 소재의 추출물 복용 시 있을 수 있는 경미한 소화불량이 있을 수 있음○ 특정질환(알레르기 체질 등)이 있는 분은 섭취에 주의
2023-29,20231006,(주)홀리스틱바이오,수입식품등 수입ㆍ판매업,경기도 성남시 분당구,유청단백지질추출물,"1, 피부 보습에 도움을 줄 수 있음 2. 자외선에 의한 피부손상으로부터 피부건강을 유지하는데 도움을 줄 수 있음",우유 유래 세라마이드로서 600mg/일,"1. 영유아, 어린이, 임산부 및 수유부는 섭취에 주의할 것 2. 특정질환(알레르기 체질 등)이 있는 분은 섭취에 주의할 것 3. 이상사례 발생 시 섭취를 중단하고 전문가와 상담할 것 4. 우유 및 유제품에 대하여 알레르기를 나타내는 사람은 섭취에 주의할 것"
2021-11,20210929,(주)산엔들,수입식품등 수입ㆍ판매업,경상남도 산청군,쇠비름들깨혼합추출물,면역력 증진,쇠비름들깨혼합추출물로서 1.08 g/일,"① 특이체질, 알레르기 체질의 경우 성분을 확인하시고 섭취하여 주시기 바랍니다. ② 어린이의 경우 섭취 시 목에 걸릴 우려가 있으니 보호자의 지도하에 섭취하십시오."
2021-13,20210929,주식회사 휴럼,건강기능식품전문제조업,충청북도 청주시 청원구,쑥부쟁이 추출 분말,면역과민반응에 의한 코상태 개선,,
2013-1,20130110,(주)주안바이오테크,수입식품등 수입ㆍ판매업,서울특별시 강서구,로즈힙분말,"관절 및 연골 건강에 도움을 줄 수 있음
(생리활성기능 2등급)",로즈힙분말로서 5g/일,"(1) 알레르기 반응을 보이는 사람의 경우 섭취 전 성분 확인 필요함
(2) 임산부, 수유부, 어린이의 섭취는 전문의와 상담 후 섭취를 권장함"
2012-28,20121019,(주)헤파톨,건강기능식품전문제조업,제주특별자치도 제주시,씨폴리놀 감태주정추출물,식후 혈당 감소에 도움을 줄 수 있음,씨폴리놀 감태주정추출물로서  360 mg/일,"요오드 함량이 높은 식품(해조류, 어패류 등) 섭취 시 주의
갑상선질환 등을 보유하고 있는 사람은 섭취 시 주의
임산부, 수유부 및 12세 이하 어린이는 섭취 시 주의"
2013-12,20130605,(주)주피터인터내셔널,건강기능식품수입업,서울특별시 서초구,유비퀴놀(Ubiquinol),항산화에 도움을 줄 수 있으나 관련 인체적용시험이 미흡함(생리활성기능 2등급),유비퀴놀(Ubiquinol)로서 90~100mg,"1) 임산부, 수유부 섭취에 주의"
2023-31,20231018,주식회사 위랩,건강기능식품벤처제조업,서울특별시 성동구,삼백초추출물(LHF618),면역과민반응에 의한 코 상태 개선에 도움을 줄 수 있음,삼백초추출물(LHF618)로서 450mg/일,임산부 및 수유부는 섭취에 주의한다.
2023-30,20231006,크로다코리아(주),건강기능식품전문제조업,전북특별자치도 익산시,유청단백지질추출물,① 피부 보습에 도움을 줄 수 있음 ② 자외선에 의한 피부손상으로부터 피부건강을 유지하는데 도움을 줄 수 있음,우유 유래 세라마이드로서 600mg/일,"① 영유아, 어린이, 임산부 및 수유부는 섭취에 주의할 것  ② 특정질환(알레르기 체질 등)이 있는 분은 섭취에 주의할 것 ③ 이상사례 발생 시 섭취를 중단하고 전문가와 상담할 것 ④ 우유 및 유제품에 대하여 알레르기를 나타내는 사람은 섭취에 주의할 것"
2021-2,20210311,(주)비엔텍,건강기능식품벤처제조업,전남광주통합특별시 나주시,복분자 추출물(RE-20),혈중 콜레스테롤 개선,미숙과복분자 추출물(RE-20)으로서 600mg/day,
2019-28,20191113,(주)엔비피헬스케어,건강기능식품벤처제조업,경기도 수원시 장안구,L.plantarum IM76과 B.longum IM55복합물(NVP1703),"과민반응에 의한 코 상태(콧물, 코막힘 등) 개선에 도움.",프로바이오틱스NVP1703으로서 1×10^10 CFU/일,임산부 및 수유부는 섭취 시 주의한다.
2020-3,20200309,(주)뉴메드,건강기능식품벤처제조업,서울특별시 동대문구,작약추출물등복합물(HT074),위점막을 보호하고 상복부 불쾌감을 개선하여 위 건강에 도움을 줄 수 있음,,
2020-7,20200522,코스맥스바이오(주),건강기능식품전문제조업,충청북도 제천시,수국잎열수추출물(리세린지®),체지방 감소에 도움을 줄 수 있음,수국잎열수추출물(WHS)로서 600 mg/일,해당사항 없음.
2024-9,20240419,주식회사 성동,수입식품등 수입ㆍ판매업,경기도 고양시 일산동구,난각막가수분해물,,,
2011-11,20110308,(주)대덕약업,건강기능식품일반판매업,경기도 안양시 동안구,L-테아닌,스트레스로 인한 긴장을 완화시키는데 도움을 줄 수 있음 (기타기능 II),L-테아닌 으로서 200～250 mg/일,"1) L-테아닌은 카페인과 길항작용이 있으므로 섭취 시 카페인 함유음료(커피, 홍차, 녹차 등) 섭취를 삼가"
2024-4,20240311,(주)한국씨엔에스팜,건강기능식품전문제조업,충청북도 음성군,풋사과 농축분말(APPLOZINⓇ),피부 보습에 도움을 줄 수 있음,풋사과 농축분말로서 1 g/일,"영 유아, 어린이, 임산부 및 수유부는 섭취에 주의할 것. 특정질환(알레르기 체질 등)이 있는 분은 섭취에 주의할 것. 이상사ꃄ 발생 시 섭취를 중단하고 전문가와 상담할 것."
2021-6,20210727,콜마비앤에이치(주),건강기능식품전문제조업,세종특별자치시,풋사과추출물 애플페논(Applephenon),체지방 감소에 도움을 줄 수 있음,신청원료로서 600 mg/일,본 원료는 사과 원물 약 250배를 고농축한 원료이기 때문에 사과에 알레르기가 있으신 분은 주의하여 섭취하여야 함
2008-72,20081211,(주)진용,건강기능식품수입업,경기도 수원시 영통구,대두이소플라본 추출물 분말,“뼈 건강에 도움을 줄 수 있습니다.” (기타기능 II),이소플라본 비배당체로서 25~27mg/day,"1) 섭취 대상자는 폐경기 여성임.
2) 임산부와 수유 여성은 섭취를 삼가야 함.
3) 영유아, 어린이는 섭취를 삼가야 함.
4) 대두 이소플라본에 민감한 사람은 섭취를 삼가야 함.
5) 갑상선, 유방암, 자궁내막암, 방광암 환자 등은 섭취를 삼가야 함."
2008-74,20081211,휴벨,건강기능식품수입업,경기도 파주시,쏘우팔메토열매추출물(SAW PALMETTO EXTRACT OIL),“쏘팔메토 열매추출물은 전립선 건강의 유지에 도움을 줄 수 있습니다” (기타기능II),쏘팔메토 열매추출물로서 320mg,"1) 병원치료 중인 분, 다른 약물을 복용하는 분, 임산부, 수유여성은 섭취에 주의
2) 식품에 알레르기가 있으신 분은 제품표시사항을 확인하시기 바람"
2008-75,20081208,씨제이제일제당(주),건강기능식품수입업,서울특별시 중구,액상 프락토올리고당,건강기능식품공전 II.4.8 프락토올리고당,건강기능식품공전 II.4.8 프락토올리고당,1) 건강기능식품공전 II.4.8 프락토올리고당
,20240311,(주)한국씨엔에스팜,건강기능식품전문제조업,충청북도 음성군,풋사과농축분말(APPLOZIN),자외선에 의한 피부손상으로부터 피부건강 유지에 도움을 줄 수 있음.,풋사과 농축분말로서 1 g/일,"영 유아, 어린이, 임산부 및 수유부는 섭취에 주의할 것. 특정질환(알레르기 체질 등)이 있는 분은 섭취에 주의할 것. 이상사ꃄ 발생 시 섭취를 중단하고 전문가와 상담할 것."
2024-10,20240419,(주)지앤피바이오사이언스,건강기능식품벤처제조업,서울특별시 강서구,목천료추출분말,① 자외선에 의한 피부손상으로부터 피부건강 유지에 도움을 줄 수 있음. ② 피부보습에 도움을 줄 수 있음.,개다래(실버바인)추출분말로서 686 mg/일,"① 영·유아, 어린이, 임산부 및 수유부는 섭취 시 주의바랍니다.② 특정 질환(알레르기 체질 등)이 있는 분은 섭취 시 주의바랍니다.③ 이상사례 발생 시 섭취를 중단하고 전문가와 상담하시기 바랍니다."
2008-79,20081216,한국암웨이(주),,서울특별시 강남구,쏘팔메토 열매 추출물 등 복합물,“전립선 건강의 유지에 도움을 줄 수 있습니다” (기타기능 II),복합물로서 (쏘팔메토 추출물로서 320 mg   및 네틀 추출물로서 240 mg),"1) 메스꺼움이나 설사 등 소화계통의 불편함을 유발할 수 있음
2) 어린이, 임산부, 수유기 여성은 섭취에 주의할 것"
2008-81,20081230,(주)디에스엠뉴트리션코리아,건강기능식품수입업,서울특별시 서초구,로즈힙 분말,"""로즈힙분말은 관절 및 연골건강에 도움을 줄 수 있습니다.”",로즈힙분말로서 5g,-
2009-57,20090605,(주)동원에프앤비,건강기능식품수입업,서울특별시 서초구,가르시니아 캄보지아 추출물,"“탄수화물에서 지방으로의 합성을 억제하여 체지방 감소에 도움을 줍니다"" (기타기능 I)","총 (-)-HCA로서 750~2,800mg/day",1) 임산부와 수유기 여성은 섭취를 피하는 것이 좋습니다.
2009-59,20090605,주영엔에스(주),건강기능식품수입업,서울특별시 서초구,쏘팔메토 열매 추출물,“전립선 건강의 유지에 도움을 줄 수 있습니다” (기타기능 II),팔메토 열매추출물로서 320mg,"1) 임산부, 수유여성은 섭취에 주의하시기 바랍니다.
2) 메스꺼움이나 설사 등 소화계통의 불편함을 유발할 수 있음"
2014-18,20140514,(주)자연의힘,식품등 수입판매업,경기도 평택시,감마리놀렌산 함유 유지,월경 전 변화에 의한 불편한 상태 개선에 도움을 줄 수 있음(생리활성기능 2등급),감마리놀렌산으로서 210 ～ 300 mg/일,
2024-11,20240419,이연제약(주),수입식품등 수입ㆍ판매업,서울특별시 강남구,목천료추출분말,① 자외선에 의한 피부손상으로부터 피부건강 유지에 도움을 줄 수 있음 ② 피부보습에 도움을 줄 수 있음,개다래(실버바인)추출분말로서 686 mg/일,"① 영·유아, 어린이, 임산부 및 수유부는 섭취 시 주의바랍니다. ② 특정 질환(알레르기 체질 등)이 있는 분은 섭취 시 주의바랍니다. ③ 이상사례 발생 시 섭취를 중단하고 전문가와 상담하시기 바랍니다."
2024-5,20240311,(주)씨에이치랩스,수입식품등 수입ㆍ판매업,서울특별시 영등포구,Lactiplantibacillus plantarum PBS067 등 프로바이오틱스 복합물(PBS),피부보습에 도움을 줄 수 있음/ 자외선에 의한 피부손상으로부터 피부건강을 유지하는데 도움을 줄 수 있음,100억 CFU/일,"특정질환(알레르기 체질, 단장증후군 등)이 있는 분은 섭취에 주의할 것"
2013-16,20130703,동아제약(주)달성공장,건강기능식품전문제조업,대구광역시 달성군,동충하초 주정추출물,"면역기능 증진에 도움을 줄 수 있음
   (생리활성기능 2등급)",동충하초 주정추출물로서 1.5 g/일,-
2015-1,20150105,(주)에치와이 평택공장,건강기능식품전문제조업,경기도 평택시,프로바이오틱스 HY7714,피부 보습에 도움을 줄 수 있음(생리활성기능 2등급) 자외선에 의한 피부손상으로부터 피부 건강 유지에 도움을 줄 수 있음(생리활성기능 2등급),1×10^10 CFU/일,1) 알레르기 체질이거나 특정질환이 있는 분은 섭취전 의사와 상담
2014-13,20140424,성원에프아이,수입식품등 수입ㆍ판매업,서울특별시 광진구,계피추출분말,혈당조절에 도움을 줄 수 있으나 관련 인체적용시험이 미흡함(생리활성기능 3등급),신청원료로서 336 mg/일,"1) 임산부 및 수유부는 섭취에 주의
2) 계피에 알레르기를 가진 사람은 섭취 주의"
2009-18,20090317,(주)헬릭스미스,건강기능식품벤처제조업,서울특별시 강서구,다래추출물,면역 과민반응 개선에 도움을 줄 수 있음(기타기능II),다래추출물로서 2g,1) 임산부 및 수유기 여성은 섭취 전 의사와 상담하여야 함
2019-15,20190705,주식회사 비티씨 오송공장,수입식품등 수입ㆍ판매업,충청북도 청주시 흥덕구,호로파종자추출물(TestofenⓇ),서류 제출 예정.,,
2022-45,20221219,(주)제이와이글로벌푸드,수입식품등 수입ㆍ판매업,서울특별시 성동구,Bacillus coagulans Unique IS-2 프로바이오틱스,배변활동 원활에 도움을 줄 수 있음,Bacillus coagulans Unique IS-2  생균으로써 20억 CFU이상,
2014-23,20140604,(주)프롬바이오,수입식품등 수입ㆍ판매업,경기도 용인시 기흥구,보스웰리아 추출물(Boswellia serrata R. extract),"관절 및 연골건강에 도움을 줄 수 있음
(생리활성기능 2등급)",보스웰리아 추출물로서 1000 mg/일,1) 임산부 및 수유부는 섭취에 주의
2024-6,20240311,주식회사 노바웰스,수입식품등 수입ㆍ판매업,충청북도 청주시 청원구,백편두추출분말(NOVAponinⓇ),,,
2023-4,20230215,씨제이웰케어,수입식품등 수입ㆍ판매업,서울특별시 중구,CJ저분자콜라겐펩타이드,① 피부보습에 도움을 줄 수 있음 ② 자외선에 의한 피부손상으로부터 피부건강을 유지하는데 도움을 줄 수 있음,CJ저분자콜라겐펩타이드로서 2.0g/일,
2021-10,20210903,(재)금산국제인삼약초연구소,,충청남도 금산군,인삼,.,,
2012-35,20121227,대상주식회사,수입식품등 수입ㆍ판매업,서울특별시 동대문구,유단백가수분해물(락티움),스트레스로 인한 긴장 완화에 도움을 줄 수 있음(생리활성기능 2등급),유단백가수분해물(락티움)로서 150 mg/일,"1) 임산부, 수유여성 및 어린이는 섭취에 주의
2) 우유 및 유제품에 대하여 알레르기를 나타내는 사람은 섭취에 주의"
2014-32,20140717,기문물산(주),수입식품등 수입ㆍ판매업,서울특별시 강남구,식물스타놀 에스테르,높은 혈중 콜레스테롤 수치 개선에 도움을 줄 수 있음(생리활성기능 2등급),식물스타놀 에스테르 로서 2.5~3.4 g/일,1) 식물스타놀 에스테르는 지용성 비타민의 흡수를 저해할 수 있습니다.
2011-28,20111013,(주)뉴메드,건강기능식품벤처제조업,서울특별시 동대문구,가시오갈피 등 복합추출물,관절 건강에 도움을 줄 수 있음(기타기능 II),가시오갈피 등 복합추출물로서 1.5g/일,-
2024-22,20241014,동국제약(주),수입식품등 수입ㆍ판매업,충청북도 진천군,나한과박추출분말(DKB131),관절 및 연골건강에 도움을 줄 수 있음,나한과추출분말로서 1.5 g/일,"영유아, 어린이, 임산부 및 수유부는 섭취에 주의한다."
2024-23,20241014,코스맥스엔비티(주),건강기능식품전문제조업,경기도 이천시,배초향·고지베리·무화과복합추출물,,,
2024-7,20240311,(주)아모레퍼시픽,건강기능식품전문제조업,경기도 안성시,흑차추출물,혈중 중성지방 개선에 도움을 줄 수 있음,흑차추출물로서 1 g/일,"○ 영·유아, 어린이, 임산부 및 수유부는 섭취에 주의할 것○ 특정질환(알레르기 체질 등)이 있는 분은 섭취에 주의할 것○ 이상사례 발생 시 섭취를 중단하고 전문가와 상담할 것 ○ 카페인이 함유되어 있어 초조감 불면 등을 나타낼 수 있음○ 카페인을 함유한 식품의 섭취에 주의할 것○ 식사 후 섭취할 것"
2024-12,20240419,콜마비앤에이치(주),건강기능식품전문제조업,세종특별자치시,타마린드강황주정추출복합물(TamaFlexⓇ),관절 및 연골건강에 도움을 줄 수 있음,250mg/day,"① 영유아, 어린이, 임산부 및 수유부는 섭취에 주의할 것, ② 특정질환(알레르기 체질 등)이 있는 분은 섭취에 주의할 것, ③ 이상사례 발생 시 섭취를 중단하고 전문가와 상담할 것"
2019-11,20190705,대화제약(주),수입식품등 수입ㆍ판매업,강원특별자치도 횡성군,오가피열매50%주정추출물건조엑스,혈압조절에 도움을 줌,신청원료로서 2.0g,"영⋅유아, 임산부, 수유부 및 알레르기 체질이거나 특정질환이 있는 사람은 섭취에 주의함 (판매되고 있는 오가피 함유 추출물 제품의 주의사항을 토대로 설정함)"
2022-9,20220208,한국식품산업클러스터진흥원,건강기능식품전문제조업,전북특별자치도 익산시,블랙라즈베리 추출물,혈압개선에 도움,,
2021-16,20211104,(주)에치와이,수입식품등 수입ㆍ판매업,서울특별시 서초구,꾸지뽕잎추출물,위 불편감 개선에 도움을 줄 수 있음,꾸지뽕잎추출물로서 100mg/일,임산부와 수유부는 섭취에 주의한다
2023-5,20230327,(주)아리바이오,건강기능식품벤처제조업,경기도 성남시 분당구,강황추출물,근력개선에 도움을 줄 수 있음,"지표성분으로써 100mg/ 일, 신청원료로써 250mh/일","∎ 영유아, 임산부, 수유부 및 특정질환(담낭질환, 출혈질환)이 있는 분은 섭취에 주의하시기 바랍니다.∎ 강황에 대한 특이체질 및 알러지 체질의 경우 성분을 확인하고 섭취하시기 바랍니다.∎ 제안된 섭취량 이상 섭취시 소화불량, 위장장애, 메스꺼움, 위산 역류 등이 있을 수 있습니다.⇒ 신청원료의 인체적용시험 대상자에 영유아, 임산부, 수유부 및 특정질환자 등은 포함되지 않았으므로, 섭취 시 주의사항으로 설정⇒ 강황뿌리줄기에 대한 독성학적 보고나 이상 반응은 보고되지 않았으나 강황은 항응고작용과 담즙분비를 촉진작용을 하여 섭취시 주의사항으로 설정"
2021-22,20211230,경상대학교 산학협력단,,경상남도 진주시,굴가수분해물,.,,
2022-3,20220203,광동헬스바이오(주),건강기능식품전문제조업,충청북도 청주시 청원구,천심련 추출물 (ParActin®),관절건강에 도움을 줄 수 있음,300 mg,"○영유아, 어린이, 임산부 및 수유부는 섭취를 금함. ○ 특정질환(알레르기 체질 등)이 있는 분은 원료를 확인한 후 섭취할 것"
2022-15,20220225,오펠라헬스케어코리아 주식회사,수입식품등 수입ㆍ판매업,서울특별시 강남구,유산균복합물(AB-LIFE®),혈중 콜레스테롤 개선에 도움을 줄 수 있음,"1,200,000,000 CFU / day",산성도가 낮은 음료나 뜨거운 물과 함께 복용하는 것을 피하는 것이 좋습니다. 임신·수유부는 제품 섭취전 의사와 상담하십시오
2023-12,20230510,동국제약(주),수입식품등 수입ㆍ판매업,충청북도 진천군,맥아구절초추출복합물,월경 전 변화에 의한 불편한 상태 개선에 도움을 줄 수 있음,맥아구절초추출물로서 500 mg/일,임신 중에는 사용하지 말 것
2022-19,20220418,(주)아모레퍼시픽,건강기능식품유통전문판매업,경기도 용인시 기흥구,L-글루탐산발효 가바분말,수면의 질 개선에 도움을 줄 수 있음,발효 가바 분말로서 375 mg/일(GABA로서 75 mg/일),"○ 영유아, 어린이, 임산부 및 수유부는 섭취에 주의○ 특정질환(알레르기 체질 등)이 있는 분은 섭취에 주의○ 의약품(혈압약, 항우울제 등) 복용 시 섭취에 주의할 것 ○ 이상사례 발생 시 섭취를 중단하고 전문가와 상담할 것"
2022-28,20220906,(주)오나트라,수입식품등 수입ㆍ판매업,서울특별시 서초구,루바브뿌리추출물,갱년기 여성 건강에 도움을 줄 수 있음.,루바브뿌리로써 4mg/일,"영.유아, 어린이, 임산부 및 수유부는 섭취에 주의 바람. 에스트로겐 호르몬에 민감한 사람은 섭취에 주의 바람. 특정 질환(알레르기 체질 등)이 있는 사람은 섭취에 주의 바람. 이상사례 발생 시 섭취를 중단하고 전문가와 상담할 것. 천연물 소재 추출물 복용 시 발생할 수 있는 경미한 소화불량이 있을 수 있음."
2022-36,20221124,주식회사 노바웰스,수입식품등 수입ㆍ판매업,충청북도 청주시 청원구,해국추출물,체지방 감소에 도움을 줄 수 있음,해국추출물로써 700mg/일,신청서 참조
2024-16,20240523,주식회사 노바렉스,건강기능식품전문제조업,충청북도 청주시 흥덕구,기장밀추출복합물(KeranatTM),모발의 건강 상태 유지에 도움을 줄 수 있음,300 mg,"영유아, 어린이, 임산부 및 수유부는 섭취에 주의할 것 / 특정질환(알레르지 체질 등)이 있는 분은 섭취에 주의할 것 / 이상사례 발생 시 섭취를 중단하고 전문가와 상담할 것"
2023-19,20230707,주식회사 엔비피헬스케어,건강기능식품벤처제조업,경기도 수원시 장안구,L. plantarum LC27과 B. longum LC67의 프로바이오틱스 복합물(NVP-1702),알콜성 간 손상으로부터 간 건강에 도움을 줄 수 있음,신청원료 “프로바이오틱스 NVP-1702”로서 1.0×10^10 CFU/일,"영·유아, 어린이, 임산부 및 수유부는 섭취 시 주의할 것."
2025-1,20250210,(주)종근당바이오,건강기능식품전문제조업,경기도 안산시 단원구,프로바이오틱스(Lactiplantibacillus plantarum KC3)·익모초추출복합물(CKDB-315),호흡기(기관∙기관지) 건강에 도움을 줄 수 있음,980 mg/일,"(가) 질환이 있거나 의약품 복용 시 전문가와 상담할 것, (나) 특정 질환(단장 증후군, 알레르기 체질 등)이 있는 분은 섭취에 주의할 것, (다) 어린이가 함부로 섭취하지 않도록 일일섭취량 방법을 지도할 것, (라) 이상사례 발생 시 섭취를 중단하고 전문가와 상담할 것, (마) 영·유아, 어린이, 임산부 및 수유부는 섭취를 피할 것"
2023-32,20231018,한국식품산업클러스터진흥원,건강기능식품전문제조업,전북특별자치도 익산시,당조고추건조분말,식후 혈당 사승 억제에 도움을 줄 수 있음,7g,"영유아, 어린이, 임산부 및 수유부는 섭취에 주의할 것, 특정질환(알레르기 체질 등)이 있는 분은 섭취에 주의할 것, 이상사례 발생 시 섭취를 중단하고 전문가와 상담할 것"
2008-46,20080909,(주)엘지생활건강,식품등 수입판매업,서울특별시 영등포구,L-테아닌,“스트레스로 인한 긴장을 완화시키는데 도움을 줄 수 있음” (기타기능 II),L-테아닌 으로서 200~250mg/일,"1) L-테아닌은 카페인과 길항작용이 있으므로 섭취 시 카페인 함유음료(커피, 홍차, 녹차 등)의 섭취를 삼가시기 바랍니다.
2) 임산부, 수유부 및 어린이, 기타 질병을 가지고 있는 사람은 섭취 전 의사와 상담하시기 바랍니다.
3) 수술 전 후에는 섭취에 주의하시기 바랍니다.
4) 과량 섭취 시 위장장애, 어지러움 등의 증상이 나타날 수 있습니다."
2008-62,20081013,(주)디에스엠뉴트리션코리아,건강기능식품수입업,서울특별시 서초구,TEAVIGO (고순도 녹차 EGCG 90%),항산화 작용,EGCG로서 300~330mg,"1) 임산부, 수유기 여성 및 어린이는 섭취에 주의하여야 함"
2009-1,20090128,롯데쇼핑주식회사,건강기능식품수입업,서울특별시 영등포구,L-글루타민산 유래 GABA 함유 분말,“혈압이 높은 사람에게 도움을 줄 수 있습니다. (기타기능Ⅱ)”,GABA로서 20mg/일,"1) 임산부와 수유기 여성, 어린이는 섭취에 주의"
2009-7,20090129,코그니스코리아(주),건강기능식품수입업,서울특별시 서초구,Tonalin CLA FFA,"“과체중인 성인의 체지방 감소에 도움을 줄 수 있습니다."" (기타기능 II)",공액리놀레산으로서 1.7~4.0 g/day,"1) 위장장애가 발생할 수 있습니다.
2) 영유아, 임산부는 섭취를 삼가야 해야 합니다.
3) 식사조절, 운동을 병행하는 것이 바람직합니다."
2010-59,20101216,(주)뉴트렉스테크놀러지,건강기능식품벤처제조업,전남광주통합특별시 나주시,지초추출물,피부보습에 도움을 줄 수 있음(기타기능Ⅱ),지초추출물로서 2200 mg/일,-
2007-20,20071206,희망상회,식품등 수입판매업,서울특별시 노원구,Dimethylsulfone(MSM),관절 건강에 도움을 줄 수 있음(기타기능II),메틸설포닐메탄(Methylsulfonylmethane; MSM) 으로서 1500～2000mg/일,-
2024-14,20240523,대한켐텍 주식회사,수입식품등 수입ㆍ판매업,경기도 과천시,파비플로라생강뿌리추출물,체지방 감소에 도움을 줄 수 있음,신청원료 “파비플로라추출물”로서 100 mg/일,"영·유아, 어린이, 임산부 및 수유부는 섭취 시 주의할 것"
2024-15,20240523,대한켐텍 주식회사,수입식품등 수입ㆍ판매업,경기도 과천시,보스웰리아추출물,관절 및 연골 건강에 도움을 줄 수 있음,신청원료 “보스웰리아추출물(BOSMAX)”로서 500 mg/일,"영·유아, 어린이, 임산부 및 수유부는 섭취 시 주의할 것"
2010-61,20101216,(주)더써머스,건강기능식품수입업,경기도 수원시 권선구,녹차추출물,체지방 감소에 도움을 줄 수 있음(기타기능 II),카테킨으로서 0.3～0.5 g/일,"카페인이 함유되어 있어 초조감, 불면 등을 나타낼 수 있음"
2013-21,20130710,(주)유유제약,수입식품등 수입ㆍ판매업,서울특별시 중구,키토산,"체지방 감소에 도움을 줄 수 있음
 (생리활성기능 2등급)",3.0 ∼ 4.5 g/일,1) 알레르기가 있는 사람은 섭취 시 주의
2013-33,20131122,동일티엔디(주),식품등 수입판매업,서울특별시 강북구,잔나비걸상버섯균사체,"혈당 조절에 도움을 줄 수 있음
 (생리활성기능 2등급)","1,500 mg/일",
2024-18,20240628,(주)바이텍 익산지점,건강기능식품전문제조업,전북특별자치도 익산시,팔밋올레산 함유 명태(알래스카폴락)유래 정제어유,피부 보습에 도움을 줄 수 있음/자외선에 의한 피부손상으로부터 피부건강을 유지해 줌,팔밋올레산 함유 알래스카폴락 정제어유(7-MEGATM) 1g/day,"○ 영·유아, 어린이, 임산부 및 수유부는 섭취에 주의할 것○ 신청원료와 같은 정제어유에 과민반응이 있는 분은 섭취에 주의할 것○ 이상사례 발생 시 섭취를 중단하고 전문가와 상담할 것"
2024-20,20240826,(주)한국인삼공사,건강기능식품전문제조업,충청남도 부여군,홍삼,혈당 조절에 도움을 줄 수 있음,"진세노사이드 Rg1, Rb1 및 Rg3의 합계로서 22~80mg",
2014-36,20140811,(주)빅솔반월공장,수입식품등 수입ㆍ판매업,서울 동작구,오메가-3 지방산 함유 유지,"기억력 개선에 도움을 줄 수 있음
 (생리활성기능 2등급)",DHA와 EPA의 합으로서 0.9 ～ 2 g/일,「건강기능식품 기능성 원료 및 기준?규격  인정에 관한 규정」 제10조제2항에 따라 「건강기능식품의 기준 및 규격」에 고시 예정임
2019-19,20190814,주식회사 아리너스,건강기능식품전문제조업,충청북도 제천시,댕댕이나무열매(허니베리)추출분말,비알콜성 간기능 손상으로부터 간보호,1960mg/day,
2015-23,20151104,주식회사 휴럼,건강기능식품전문제조업,충청북도 청주시 청원구,까마귀쪽나무 열매 주정추출물,관절건강에 도움을 줄 수 있음(생리활성기능 2등급),까마귀쪽나무 열매 주정 추출몰로서 200 mg/일,-
2014-1,20140107,(주)뉴메드,건강기능식품벤처제조업,서울특별시 동대문구,헛개나무과병추출분말,알콜성 손상으로부터 간을 보호하는데 도움을 줄 수 있음(생리활성기능 2등급),"헛개나무과병추출물로서 2,460 mg/일","1) 임산부, 수유부 섭취에 주의"
2014-9,20140225,(주)메디뉴트라,수입식품등 수입ㆍ판매업,서울특별시 구로구,올리브잎주정추출물,,,
2017-6,20171229,(주)에이스바이옴,수입식품등 수입ㆍ판매업,서울특별시 강남구,Lactobacillus gasseri BNR17,,,
2023-41,20231229,(주)엘지생활건강,수입식품등 수입ㆍ판매업,서울특별시 종로구,발효굴추출물(FSO),근력 성장에 도움을 줄 수 있음,"캡슐 제형의 제품기준 1일 1,000mg 섭취",
2007-7,20070608,(주)주피터인터내셔널,건강기능식품수입업,서울특별시 서초구,KANEKA Q10,"“코엔자임Q10은 항산화에 도움을 줄 수 있습니다.”
 (기타Ⅱ등급)",.,
2009-31,20090408,(주)네츄럴라이프,건강기능식품수입업,경기도 안산시,쏘팔메토 (Saw Palmetto) 열매 추출물,“쏘팔메토 열매 추출물은 전립선 건강의 유지에 도움을 줄 수 있습니다” (기타기능II),쏘팔메토 열매 추출물로서 320mg,"1) 어린이, 임산부 및 수유여성은 섭취에 주의
2) 매쓰꺼움이나 설사 등 소화계통의 불편함을 유발할 수 있음"
2007-1,20070425,(주)디에스엠뉴트리션코리아,건강기능식품수입업,서울특별시 서초구,Free Lutein 복합물(Lutein 20% FS),루테인은 노화로 인해 감소될 수 있는 황반색소밀도를 유지시켜 주어 눈건강에 도움을 줍니다.”(기타Ⅰ등급),Lutein으로써,"-임산부는 섭취 전 의사와 상담이 필요합니다.
 -과다 섭취 시 일시적으로 피부가 황색으로 변할 수 있습니다"
2007-2,20070425,(주)로하스피아,건강기능식품수입업,서울특별시 송파구,FloraGLO Lutein(20% liquid in safflower oil),"“루테인은 노화로 인해 감소될 수 있는 황반색소밀도를 
 유지시켜 주어 눈건강에 도움을 줍니다.”(기타Ⅰ등급)",Lutein으로써,"-임산부는 섭취 전 의사와 상담이 필요합니다.
-과다 섭취 시 일시적으로 피부가 황색으로 변할 수 있습니다."
2008-50,20081002,씨제이제일제당(주),건강기능식품수입업,서울특별시 중구,토마토추출물,“항산화에 도움을 줄 수 있음” (기타기능 II),(all-trans)-lycopene 으로서 5.7~1.5mg/일,"1) 알레르기 체질이신 분은 개인에 따라 과민반응을 나타낼 수 있습니다.
2) 라이코펜이 함유된 식품을 과량 섭취 시 피부색이 오렌지색으로 변할 수 있습니다."
2008-78,20081208,(주)케이씨에프코리아,건강기능식품수입업,서울특별시 광진구,표고버섯균사체 AHCC,“면역기능 증진에 도움을 줄 수 있습니다” (기타기능II),표고버섯균사체 AHCC로서 1.85~3.6g/일,-
2024-17,20240628,주식회사 시나몬랩,수입식품등 수입ㆍ판매업,서울특별시 서초구,루바브뿌리추출물(ERr731Ⓡ),갱년기 여성 건강에 도움을 줄 수 있음,루바브뿌리추출물(ERr731Ⓡ)로서 4 mg/일,"1. 영·유아, 어린이, 임산부 및 수유부는 섭취 시 주의. 2. 에스트로겐 호르몬에 민감한 사람은 섭취에 주의. 3. 메스꺼움 등 소화계통의 불편함과 설사를 유발할 수 있음. 4. 알레르기 체질이거나 특정 질환이 있는 사람은 섭취 전 전문가와 상담할 것. 5. 이상사례 발생 시 섭취를 중단하고 전문가와 상담할 것."
2010-6,20100205,(주)부국유통,수입식품등 수입ㆍ판매업,서울특별시 강남구,카제인가수분해물,혈압이 높은 사람에게 도움을 줄 수 있습니다.(기타기능 II),VPP(Val-Pro-Pro) 및 IPP(Ile-Pro-Pro)의 합으로서 1.8 ~ 3.6 mg/day,-
2010-17,20100405,(주)더써머스,건강기능식품수입업,경기도 수원시 권선구,밀크씨슬추출물,“간 건강에 도움을 줄 수 있음” (기타기능II),Silymarin으로서 130mg,"1) 알레르기 반응이 나타나는 경우에는 섭취를 중단하십시오
2) 설사, 위통, 복부팽만 등의 위장관계 장애가 나타나는 경우에는 섭취를 주의 하십시오"
2024-21,20240826,동아제약(주),수입식품등 수입ㆍ판매업,서울특별시 동대문구,황해쑥추출분말,위점막을 보호하여 위건강에 도움을 줄 수 있음,황해쑥추출분말로서 240 mg/일,"○ 영·유아, 어린이, 임산부 및 수유부는 섭취를 피할 것 ○ 특정질환(알레르기 체질 등)이 있는 분은 섭취에 주의 ○ 이상사례 발생 시 섭취를 중단하고 전문가와 상담할 것 ○ 위염치료제 등 의약품을 복용하시는 분은 섭취 전 전문가와 상담할 것"
2011-34,20111104,주영엔에스(주),건강기능식품일반판매업,서울특별시 관악구,홍경천 추출물,“스트레스로 인한 피로개선에 도움을 줄 수 있음”(생리활성기능 2등급),홍경천추출물로서 200～600 mg,-
2011-42,20111228,주영엔에스(주),수입식품등 수입ㆍ판매업,서울특별시 송파구,콜레우스 포스콜리 추출물,체지방 감소에 도움을 줄 수 있음(생리활성기능 2등급),콜레우스 포스콜리 추출물로서 500 mg/일,"1) 임산부, 수유여성, 어린이는 섭취에 주의"
2024-19,20240703,(주)일원바이오,수입식품등 수입ㆍ판매업,전북특별자치도 익산시,천마추출물,인지기능 개선에 도움을 줌,500mg,첨부파일 참조
2024-24,20241014,코스맥스엔비티(주),건강기능식품전문제조업,경기도 이천시,배초향·고지베리·무화과복합추출물,"항당화를 통한 피부 건강 개선에 도움을 줄 수 있음, 피부 보습에 도움을 줄 수 있음, 자외선에 의한 피부 손상으로부터 피부 건강을 유지하는데 도움을 줄 수 있음.",500mg/일,"영유아, 어린이, 임산부 및 수유부는 섭취 주의"
2024-25,20241014,(주)엘지생활건강,수입식품등 수입ㆍ판매업,서울특별시 종로구,마리골드꽃추출물(지아잔틴함유),,,
2021-4,20210727,주식회사 현대바이오랜드 안산,건강기능식품전문제조업,경기도 안산시 단원구,발효율피추출분말,체지방 감소에 도움,발효율피추출분말로서 1 g/일,해당없음
2021-7,20210903,광동헬스바이오(주),건강기능식품전문제조업,충청북도 청주시 청원구,모로오렌지추출분말(Morosil®),체지방 감소에 도움을 줄 수 있음,400 mg/일,없음
2012-30,20121106,파인생명공학,수입식품등 수입ㆍ판매업,경기도 광주시,솔잎증류농축액,"건강한 혈당의 유지에 도움을 줄 수 있음
(생리활성기능2등급)","솔잎 증류 농축액으로서 1,350 mg/일","1) 기관지 천식, 해소 기침이나 기도에 심한 염증이 있는 사람은 섭취에 주의"
2012-33,20121205,(주)에치와이,수입식품등 수입ㆍ판매업,경기도 용인시 기흥구,아쉬아간다 추출물,스트레스로 인한 긴장 완화에 도움을 줄 수 있음 (생리활성기능 2등급),아쉬아간다 추출물로서 125∼180 mg/일,"1) 임산부, 수유부, 어린이는 섭취에 주의"
2014-51,20141008,(주)바이오믹스,건강기능식품벤처제조업,경기도 고양시 일산동구,구기자추출물,기억력 개선에 도움을 줄 수 있음(생리활성기능 2등급),"구기자추출물로서 1,425 mg","1) 영유아 및 임산부, 수유부는 의사와 상담 후 섭취"
2011-3,20110111,(주)현대바이오랜드 안산,건강기능식품전문제조업,경기도 화성시 만세구,당귀등추출복합물,노인의 기억력 개선에 도움을 줄 수 있음(생리활성기능 2등급),당귀등추출복합물로서 800mg/일,1) 항응고제와 병용 시 주의
2008-14,20080220,(주)서흥,건강기능식품전문제조업,충청북도 청주시 흥덕구,소나무껍질추출물등복합물,햇볕 또는 자외선에 의한 피부손상으로부터 피부건강을 유지하는데 도움을 줄 수 있음(기타기능II),"소나무껍질추출물등복합물로서 1,130mg","1) 임산부, 수유부 및 어린이는 섭취를 피해야 함
2) '달맞이꽃종자유'에 과민증이 있는 사람을 섭취를 삼가야 함
3) 과량 섭취시 위장자애 등의 부작용이 있을 수 있음
4) 기타 질병을 보유하고 있는 사람 및 수술 전후 환자는 섭취를 삼가야 하며 섭취 시 의사와 상담해야 함"
2019-23,20190916,주영엔에스(주),수입식품등 수입ㆍ판매업,서울특별시 송파구,피쉬 콜라겐펩타이드,피부보습에 도움을 줄 수 있음,"신청원료로서 3,270mg/일 (콜라겐펩타이드로서 3,000mg/일)",
2023-22,20230725,㈜네오크레마 익산공장,건강기능식품전문제조업,전북특별자치도 익산시,저분자유청단백가수분해물,근력 개선에 도움을 줄 수 있음,"저분자유청단백가수분해물로서 6,000 mg/일",우유 및 유제품에 대하여 알레르기를 나타내는 사람은 섭취에 주의
2023-23,20230801,광동제약주식회사,건강기능식품전문제조업,경기도 평택시,참당귀·녹용·황기 복합추출물,피로 개선에 도움을 줄 수 있음,"녹용황기등 복합추출물로서 500~1,000 mg/일","영·유아, 어린이, 임산부 및 수유부는 섭취 시 주의할 것"
2023-27,20230914,(주)비티씨 익산공장,건강기능식품전문제조업,전북특별자치도 익산시,새싹인삼추출분말,기억력 개선에 도움을 줄 수 있음,,
2008-15,20080313,(주)삼오제약,건강기능식품수입업,서울특별시 강남구,쏘팔메토 열매추출물,“쏘팔메토 열매추출물은 전립선 건강의 유지에 도움을 줄 수 있습니다.”,쏘팔메토 열매추출물로서 320mg,"1) 임산부, 수유여성은 섭취에 주의
2) 매스꺼움이나 설사 등 소화계통의 불편함을 유발할 수 있음"
2007-14,20070913,동우약품(주),건강기능식품수입업,서울특별시 강남구,동우코엔자임Q10,"""코엔자임 Q10은 항산화에 도움을 줄 수 있습니다.” (기타기능Ⅱ)",.,
2007-17,20071018,(주)엠에스엠월드와이드,건강기능식품수입업,서울특별시 관악구,Methyl Slufonyl Methane(MSM),"""Dimethylsulfone(MSM)은 관절건강에 도움이 될 수 있습니다.” (기타기능II)",.,본 제품은 관절건강에 도움을 줄 수 있으나 치료의 목적으로 사용될 수 없습니다.
2004-1,20040702,원니스바이오,,서울특별시 강서구,,,,
2018-6,20180703,대한켐텍 주식회사,수입식품등 수입ㆍ판매업,경기도 과천시,그린커피빈주정추출물,체지방 감소에 도움을 줄 수 있음,,
2007-10,20100423,씨제이웰케어,수입식품등 수입ㆍ판매업,서울특별시 중구,콩발효추출물,,,
2017-4,20170929,리즈 파마,수입식품등 수입ㆍ판매업,서울특별시 송파구,EPA 및 DHA 함유 유지,건조한 눈을 개선하여 눈 건강에 도움을 줄 수 있음,EPA와 DHA의 합으로서 0.6~2.24 g/일,-
2021-8,20210903,(주)네오크레마 익산공장,건강기능식품전문제조업,전북특별자치도 익산시,갈락토올리고당분말(네오고스-P70),자외선에 의한 피부손상으로부터 피부건강을 유지하는데 도움을 줄 수 있음,"신청원료로써 2,000mg",
2020-6,20200522,(주)파미니티,건강기능식품벤처제조업,경기도 의왕시,MS-10 엉겅퀴등복합추출물,갱년기 여성 건강,300-500 mg/일,없음.
2019-1,20190208,(주)씨앤엘바이오,건강기능식품벤처제조업,전북특별자치도 임실군,옻나무 추출분말,갱년기 남성의 건강에 도움을 줄 수 있음,1 g,"영,유아, 임산부, 수유부는 섭취에 주의하시기 바랍니다. 옻나무 및 관련 식품에 알레르기 체질이거나 특정질환이 있는 분은 섭취 전 의사와 상담바랍니다."
2009-45,20090429,케이에스텍,건강기능식품수입업,경기도 성남시 분당구,쏘팔메토 열매 추출물,“전립선 건강의 유지에 도움을 줄 수 있습니다” (기타기능II),쏘팔메토 열매 추출물로서 320mg,"1) 어린이, 임산부 및 수유여성은 섭취를 삼가
2) 메스꺼움이나 설사 등 소화계통의 불편함을 유발할 수 있음"
2022-41,20221219,주식회사 프롬바이오 익산공장,건강기능식품전문제조업,전북특별자치도 익산시,크릴오일(FJH-KO),관절 및 연골 건강에 도움을 줄 수 있음,크릴오일(FJH-KO)로써 1.5 g,"18세 미만, 임산부 및 수유부는 섭취 시 전문의와 상담 필요, 항응고제 또는 항혈소판제와 섭취 시 주의"
2008-43,20080826,삼성물산(주),건강기능식품수입업,서울특별시 서초구,미쯔비시 코엔자임Q10,"""코엔자임 Q10은 혈압이 높은 사람에게 도움을 줄 수 있습니다."" (기타기능II)",90~100mg,"1) 영유아, 임산부는 섭취를 삼가야 합니다."
2010-3,20100201,주식회사 노바렉스,건강기능식품전문제조업,충청북도 청주시 청원구,루테인지아잔틴복합추출물20%,"노화로 인해 감소될 수 있는 황반색소밀도를 유지시켜 주어 눈건강에 도움을 줌
(기타 I등급)",루테인과 지아잔틴의 합으로서 10~20mg,"1) 임산부는 섭취 전 의사와 상담이 필요합니다.
2) 과다 섭취 시 일시적으로 피부가 황색으로 변할 수 있습니다."
2009-94,20091207,한정(주),건강기능식품수입업,경기도 남양주시,Ca-PGA,"“체내 칼슘흡수 촉진에 도움을 줌”
 (기타기능 II)",폴리감마글루탐산으로서 60~70 mg,-
2010-15,20100405,(주)렉스진바이오텍,건강기능식품수입업,충청북도 음성군,밀크씨슬추출물,“간 건강에 도움을 줄 수 있음” (기타기능II),Silymarin으로서 130mg,"① 알레르기 반응이 나타나는 경우에는 섭취를 중단하십시오
② 설사, 위통, 복부팽만 등의 위장관계 장애가 나타나는 경우에는 섭취를 주의 하십시오"
2008-28,20080602,씨제이제일제당(주),건강기능식품수입업,서울특별시 중구,대두이소플라본추출물,"“뼈 건강에 도움을 줄 수 있습니다."" (기타기능 II)",이소플라본 비배당체로서 25~27mg,"1) 섭취 대상자는 폐경기 여성임.
2) 임산부와 수유 여성은 섭취를 삼가야 함.
3) 영유아, 어린이는 섭취를 삼가야 함.
4) 대두 이소플라본에 민감한 사람은 섭취를 삼가야 함.
5) 갑상선, 유방암, 자궁내막암, 방광암 환자 등은 섭취를 삼가야 함."
2008-29,20080603,한국유니온제약(주),건강기능식품수입업,서울특별시 송파구,피토쏘야(Phyto soya),"“뼈 건강에 도움을 줄 수 있습니다."" (기타기능 II)",이소플라본 비배당체로서 25~26mg,"1) 섭취 대상자는 폐경기 여성임.
2) 임산부와 수유 여성은 섭취를 삼가야 함.
3) 영유아, 어린이는 섭취를 삼가야 함.
4) 대두 이소플라본에 민감한 사람은 섭취를 삼가야 함.
5) 갑상선, 유방암, 자궁내막암, 방광암 환자 등은 섭취를 삼가야 함."
2008-33,20080620,상현화학,건강기능식품수입업,서울특별시 강남구,Tonalin CLA TG,"“과체중인 성인의 체지방 감소에 도움을 줄 수 있습니다."" (기타기능 II)",공액리놀레산으로서 1.7~4.0 g/day,"1) 위장장애가 발생할 수 있습니다.
2) 영유아, 임산부는 섭취를 삼가야 해야 합니다.
3) 식사조절, 운동을 병행하는 것이 바람직합니다."
2010-68,20101231,주영엔에스(주),건강기능식품수입업,서울특별시 서초구,은행잎추출물,"성인의 기억력 개선에 도움을 줄 수 있음 (기타기능II)
혈행 개선에 도움을 줄 수 있음 (기타기능II)",은행잎 추출물로서 120 mg/일,"① 어린이, 임산부와 수유부는 섭취에 주의하시기 
   바랍니다.
② 수술 전후에는 섭취에 주의하시기 바랍니다. 
③ 항응고제 복용시 섭취에 주의하시기 바랍니다. 
④ 질환자의 경우 섭취 전에 의사와 상담하여 주시기     바랍니다."
2011-12,20110408,(주)대덕약업,수입식품등 수입ㆍ판매업,경기도 수원시 영통구,곤약감자추출분말,피부보습에 도움을 줄 수 있음 (기타기능 II),glucosyl ceramide로서 1.2~1.8mg/일,1) 임산부와 수유기 여성은 섭취를 피하는 것이 좋습니다
2013-24,20130820,주영엔에스(주),수입식품등 수입ㆍ판매업,서울특별시 관악구,키토산,"체지방 감소에 도움을 줄 수 있음
 (생리활성기능 2등급)",3000 ∼ 4500 mg/일,1) 게 또는 새우에 알레르기가 있는 사람은 섭취에 주의 (게 또는 새우를 원재료로 사용한 경우에 한함)
2014-11,20140327,주영엔에스(주),수입식품등 수입ㆍ판매업,서울특별시 서초구,감마리놀렌산 함유 유지,"면역과민반응에 의한 피부상태 개선에 도움을 줄 수 있음
 (생리활성기능 2등급)",160 ∼ 300 mg/일,"영 유아, 어린이는 섭취 전 의사와 상담하여야 함"
2006-1,20060213,(주)주피터인터내셔널,수입식품등 수입ㆍ판매업,서울특별시 서초구,피크노제놀-프랑스해안송껍질추출물,"""인체에 유해한 활성산소를 제거하는데 도움을 줄 수 있습니다."" “혈액의 흐름을 방해할 수 있는 혈소판응집을 억제하는데 도움을 줄 수 있습니다.”◆ 인체시험에서 “피크노제놀-프랑스해안송껍질추출물 <PYCNOGENOL>”의 항산화 기능과 혈소판응집 기능이 확인되었으나 자료의 수가 제한되어 있습니다. 따라서 “~도움을 줄 수 있다.”의 형식으로 표시하여야 합니다.",피크노제놀로서 60-300mg,"◆ 임산부와 12세 이하의 어린이는 섭취 전 의사와의 상담이 필요합니다.
◆ 수술 전후에는 섭취에 주의하시기 바랍니다."
2006-4,20060403,(주)레이델코리아,수입식품등 수입ㆍ판매업,서울특별시 서초구,폴리코사놀 - 사탕수수 왁스 알코올,"“폴리코사놀은 높은 혈중 콜레스테롤 수치의 개선에 도움이 됩니다.”
(충분한 인체시험에서 혈액 중의 총 콜레스테롤과 저밀도지단백(low density lipidprotein : LDL)수치를 감소시키고 고밀도지단백(High density lipidprotein : HDL) 수치를 증가시키는데 도움이 됨을 확인하였습니다)",policosanol,"- 일일 섭취량보다 과다하게 섭취하지 않도록 주의하시기 바랍니다.
- 콜레스테롤 함성에 영향을 줄 수 있으므로 임산부, 수유부, 영?유아, 어린이, 청소년은 섭취하지 않는 것이 좋습니다.
- 콜레스테롤 저하를 위한 의약품과 함께 섭취하지 않도록 하여야 합니다.
- 혈액응고를 저해할 수 있으므로 주의하여 사용하시기 바랍니다."
2006-5,20060403,(주)케이씨에프코리아,건강기능식품수입업,서울특별시 광진구,표고버섯균사체 AHCC,"“표고버섯균사체 AHCC는 신체방어능력 향상에 도움이 될 수 있으나 인체시험을 통한 확인이 필요합니다.”

(동물시험을 통하여 신체방어능력 향상에 도움이 됨을 확인하였으나 인체시험에서는 확인되지 않았으므로, 반드시 “--인체에서 확인이 필요합니다” 를 표기해야 합니다)",표고버섯균사체 AHCC,
2006-6,20060504,선경트레이딩(주),건강기능식품수입업,서울특별시 서초구,대두 포스파티딜세린(Leci-PS),"""노인의 인지능력 개선에 도움을 줄 수 있습니다."" 
◆ 인체시험에서 “대두 포스파티딜세린 (Leci-PS)”의 노인의 인지능력 개선 기능이 확인되었으나 자료의 수가 제한되어 있습니다. 따라서 “~도움을 줄 수 있다.”의 형식으로 표시하여야 합니다.",포스파티딜세린으로서,"◆ 임산부와 수유부는 섭취에 주의하시기 바랍니다.
◆ 과잉섭취 시 위장장애나 불면증을 유발할 수 있습니다."
2006-7,20060616,(주)주안상사,,서울특별시 동작구,로즈힙분말,"""로즈힙분말은 관절 및 연골 건강에 도움을 줄 수 있습니다."" 
■인체시험에서 “로즈힙분말”의 관절 및 연골 건강에 도움을 줄 수 있는 기능이 확인되었으나 자료의 수가 제한되어 있습니다. 따라서 “~도움을 줄 수 있다.”의 형식으로 표시하여야 합니다.",로즈힙분말로서,과잉섭취 시 설사를 유발할 수 있습니다.
2006-8,20060616,(주)케어메딕스,건강기능식품수입업,대전광역시 대덕구,Dimethylsulfone (MSM),"“Dimethylsulfone (MSM)은 관절건강에 도움이 될 수 있으나 인체시험을 통한 확인이 필요합니다.”

(동물시험을 통하여 관절건강에 도움이 될 수 있음이 확인되었으나 인체시험에서 확인이 필요함. 따라서, 반드시 “---는 도움을 줄 수 있으나 인체에서 확인이 필요합니다”라고 표기해야 함)",.,­본 제품은 관절건강에 도움을 줄 수 있으나 치료의 목적으로 사용될 수 없습니다.
2006-10,20060623,(주)바이오쎈,건강기능식품수입업,강원특별자치도 춘천시,구아바잎,"""식후 혈당조절에 도움을 줄 수 있습니다."" 
■소수의 인체시험에서 “구아바잎”의 식후 혈당조절에 도움을 줄 수 있는 기능을 확인하였습니다. 따라서 “~도움을 줄 수 있다.”의 형식으로 표시하여야 합니다",총 폴리페놀로서,구아바잎은 당뇨병의 치료 및 예방에 사용될 수 없으므로 당뇨병 치료가 필요한 경우에는 의사와 상담 하에 사용하여야 합니다.
2016-19,20160928,(주)성우인터켐,수입식품등 수입ㆍ판매업,서울특별시 구로구,EPA 및 DHA 함유유지,기억력 개선에 도움을 줄 수 있음,EPA와 DHA의 합으로서 0.9~2g/일,-
2019-9,20190515,(주)뉴트리,건강기능식품전문제조업,경기도 성남시 중원구,우뭇가사리추출물,체지방 감소에 도움을 줄 수 있습니다.,"신청원료로써 1,000 mg/g",
2024-13,20240502,(주)보인바이오컨버젼스,건강기능식품벤처제조업,서울특별시 동대문구,오미자·두충·구기자추출복합물,뼈건강에 도움을 줄 수 있음,253mg/일,"○ 정해진 용법, 용량에 맞게 복용할 것○ 영·유아, 어린이는 섭취를 피할 것 ○ 임산부, 특정질환(알레르기 체질 등)이 있는 분은 섭취에 주의할 것○ 이상사례 발생 시 섭취를 중단하고 전문가와 상담할 것"
2024-8,20240419,크림슨파마,수입식품등 수입ㆍ판매업,서울특별시 송파구,영지버섯균사체추출분말,면역기능 증진에 도움을 줄 수 있음,영지버섯균사체추출분말(Immulink MBG®)로서 200 mg/일,"1. 영·유아, 어린이, 임산부 및 수유부는 섭취 시 주의바랍니다.2. 특정질환(알레르기 체질 등)이 있는 분은 섭취 시 주의바랍니다.3. 이상사례 발생 시 섭취를 중단하고 전문가와 상담하십시오."
2024-26,20241120,(주)마린바이오프로세스,건강기능식품전문제조업,부산광역시 기장군,유산균발효굴추출물(FGO),어린이키성장에 도움을 줄 수 있음,0.5g,
2024-34,20241220,주식회사 씨에이치랩스,수입식품등 수입ㆍ판매업,서울특별시 영등포구,저분자콜라겐펩타이드,자외선에의한 피부손상으로부터 피부건강을 유지하는데 도움을 줄 수 있음 / 피부 보습에 도움을 줄 수 있음,1500 ~3500 mg,임산부 및 수유부는 섭취에 주의한다. 특정질환(알레르기 체질 등)이 있는 분은 섭취에 주의한다.
2024-35,20241220,(주)에이치엔아이,수입식품등 수입ㆍ판매업,경기도 성남시 분당구,저분자콜라겐펩타이드,"자외선에의한 피부손상으로부터 피부건강을 유지하는데 도움을 줄 수 있음, 피부 보습에 도움을 줄 수 있음",1500 ~ 3500 mg,임산부 및 수유부는 섭취에 주의한다. 특정질환(알레르기 체질 등)이 있는 분은 섭취에 주의한다.
2024-27,20241120,(주)엘지생활건강,수입식품등 수입ㆍ판매업,서울특별시 종로구,유산균발효굴추출물(FGO),어린이 키성장에 도움을 줄 수 있음.,신청원료 굴발효추출물로서 500 mg/일,제출자료참고
2024-28,20241120,(주)서흥헬스케어,건강기능식품전문제조업,충청북도 청주시 청원구,참당귀황기추출복합물(SHPro®),전립선 건강 유지에 도움을 줄 수 있음,참당귀황기추출복합물(SHPro)으로서 600 mg/일,"영유아, 어린이, 임산부 및 수유부는 섭취에 주의 / 특정질환(알레르기 체질 등)이 있는 분은 섭취에 주의 / 이상사례 발생 시 섭취를 중단하고 전문가와 상담할 것"
2024-36,20241220,(주)리즈바이오텍,건강기능식품벤처제조업,대전광역시 유성구,산딸기·왕느릅나무·치자추출복합물,"위를 보호하여 위 건강에 도움, *인체시험결과:위장관증상척도 설문지(KGSRS) 중 역류 증상+복통 증상의 중증도 및 빈도 점수, 증상 중증도 및 빈도 총점수, 소화불량 증상 중증도 및 빈도 점수, 설사 증상 중증도 점수, 변비 증상 중증도 점수의 유의성을 확인하여 본 인체적용시험을 통해 산딸기추출물 등 혼합물 4주 섭취가 위장관 증상 개선에 대한 유효성을 확인하였다. 또한 본 연구가 진행되는 동안 임상적으로 의미 있는 이상반응이나 신체변화가 관찰되지 않아서 산딸기추출물 등 혼합물 섭취가 인체에 안전하다고 판단하였다.",1800mg/day  ( 900mg 산딸기 + 600mg 치자 + 300mg 유백피 추출물 ),"산딸기-식품공전 상 산딸기는 주원료로 사용 가능한 동식물류로 분류되어 있어 섭취량 제한이 없는 원료이며, 현재 산딸기를 원재료로 한 다양한 제품이 시판되고 있다.동의보감에 따르면 산딸기를 일일 10g-20g/하루 3-4번 차 등으로 섭취)을 섭취한다고 보고하였고, 중약대사전에는 5g-8g/하루 3번을 복용한다고 되어 있어 이는 신청원료 중 원물의 일일 섭취량보다 월등히 높은 섭취량이다  유백피-식품공전 상 유백피는 주원료로 사용 가능한 동식물류로 분류되어 있어 섭취량 제한이 없는 원료이며, 현재 유백피를 원재료로 한 다양한 제품이 시판되고 있다.○ 동의보감에 따르면 유백피를 일일 30g 을 차 등으로 섭취)을 섭취한다고 보고하였고, 중약대사전에는 10g-30g 을 복용한다고 되어 있어 이는 신청원료 중 원물의 일일 섭취량 4.75보다 월등히 높은 섭취량이다.  치자-식품공전 상 치자는 “열매”가 식품에 제한적으로 사용 가능한 동식물류로 분류되어 있으며, 식품공전에 기재된 식품원료이며, 원료 배합시 전체 원료의 50% 미만을 사용하여야 한다로 규정되어있다. 섭취량 제한이 없는 원료이며, 현재 치자를 원재료로 한 다양한 제품이 시판되고 있다.동의보감에 따르면 치자를 일일 20-30g 을 차 등으로 섭취)을 섭취한다고 보고하였고, 중약대사전에는 14g-21g 을 복용한다고 되어 있어 이는 신청원료 중 원물의 일일 섭취량 11.3보다 월등히 높은 섭취량이다."
2025-2,20250210,주식회사 노바웰스,수입식품등 수입ㆍ판매업,충청북도 청주시 청원구,장미꽃잎추출물(NOVAROSE®),"자외선에 의한 피부 손상으로부터 피부 건강을 유지하는데 도움을 줄 수 있음, 피부 보습에 도움을 줄 수 있음",장미꽃잎추출물(NOVAROSE®)로써 300 mg/일,"영유아, 어린이, 임산부 및 수유부는 섭취를 피할 것, 특정질환(알레르기 체질 등)이 있는 분은 섭취에 주의할 것, 이상사례 발생 시 섭취를 중단하고 전문가와 상담할 것"
2024-29,20241120,주영엔에스(주),수입식품등 수입ㆍ판매업,서울특별시 송파구,저분자유청펩타이드,근력향상에 도움을 줄 수 있음,신청원료로서 10g/day,"○ 영·유아, 어린이, 임산부 및 수유부는 섭취에 주의할 것○ 우유 및 유제품에 대하여 알레르기를 나타내는 사람은 섭취에 주의할 것○ 이상사례 발생 시 섭취를 중단하고 전문가와 상담할 것"
2024-37,20241220,(주)바이오포트코리아,건강기능식품벤처제조업,부산광역시 기장군,털부처꽃추출물,,,
2025-19,20250512,(주)네이처스원,수입식품등 수입ㆍ판매업,서울특별시 송파구,사탕수수왁스알코올(폴리코사놀),혈중 콜레스테롤 수치 개선에 도움을 줄 수 있음,,
2024-30,20241120,주식회사 노바렉스,건강기능식품전문제조업,충청북도 청주시 흥덕구,아쉬아간다추출물(Sensoril®),,,
2024-31,20241120,(주)신우코퍼레이션,수입식품등 수입ㆍ판매업,경기도 안양시 동안구,Lactiplantibacillus plantarum PBS067 등 프로바이오틱스 복합물(PBS),,,
2024-38,20241220,(주)비전바이오켐,수입식품등 수입ㆍ판매업,서울특별시 송파구,유산균발효대두분말,위 점막 보호를 통해 위 불편감 개선에 도움을 줌,1000mg/일,"영유아, 어린이, 임산부, 알레르기 체질 주의"
2024-39,20241220,코스맥스엔비티(주),건강기능식품전문제조업,경기도 이천시,유산균발효대두분말,,,
2024-32,20241120,코스맥스바이오(주),건강기능식품전문제조업,충청북도 제천시,보스웰리아추출물,,,
2024-40,20241220,(주)휴온스엔,건강기능식품전문제조업,강원특별자치도 춘천시,황칠나무잎·줄기추출물,인지기능개선에 도움을 줄 수 있음,신청원료로서 600 mg/일,제출자료에 첨부
2024-33,20241120,(주)비티진,건강기능식품전문제조업,대전광역시 유성구,홍삼추출효소처리분말,혈압조절에 도움을 줄 수 있음,Rg3강화효소홍삼추출분말로서 400mg/일,"당뇨치료제 및 혈액항응고제 복용시 섭취에 주의, 알레르기체질 등은 개인에 따라 과민반응을 나타낼 수 있음, 이상사례 발생 시 섭취를 중단하고 전문가와 상담할 것"
2025-4,20250210,맥널티바이오(주),건강기능식품전문제조업,충청북도 증평군,블랙커민추출물(FJ),체지방 감소에 도울을 줄 수 있음,신청원료로서 900 mg/day,"1. 영유아, 어린이, 임산부 및 수유부는 섭취에 주의하시기 바랍니다. 2. 특정질환(알레르기 체질 등)이 있는 분은 섭취에 주의하시기 바랍니다. 3. 이상사례 발생시 섭취를 중단하고 전문가와 상담하시기 바랍니다. 4. 공복에 복용하면 위장 장애를 일으킬 수 있으니 식후 섭취하시기 바랍니다. 5. 수술 전·후에는 섭취에 주의하시기 바랍니다."
2025-5,20250210,주식회사 리스큐어바이오,수입식품등 수입ㆍ판매업,경기도 성남시 분당구,Latilactobacillus curvatus LB-P9 프로바이오틱스,,,
2025-6,20250210,주식회사 녹십자웰빙,수입식품등 수입ㆍ판매업,서울특별시 성동구,Latilactobacillus curvatus LB-P9 프로바이오틱스,,,
2025-7,20250210,(주)화인비에스,,서울특별시 성동구,마리골드꽃추출물(지아잔틴함유),,,
2026-17,20260518,주식회사 유한건강생활,수입식품등 수입ㆍ판매업,서울특별시 강서구,찔레나무뿌리추출물(RosaFlora®),,,
2026-19,20260518,(주)종근당바이오,건강기능식품전문제조업,경기도 안산시 단원구,프로바이오틱스(Lactiplantibacillus plantarum Q180)·미세조류(Phaeodactylum tricornutum) 복합물(CKDB-,,,
2026-21,20260703,(주)휴온스엔,건강기능식품전문제조업,강원특별자치도 춘천시,하고초추출분말,,,
2025-8,20250226,(주)성우바이오팜,수입식품등 수입ㆍ판매업,서울특별시 구로구,마키베리추출물,건조한 눈을 개선하여 눈 건강에 도움을 줄 수 있음.,마키베리추출물(MaquiBright®)로서 60 mg/일,"1. 영·유아, 어린이, 임산부 및 수유부는 섭취 시 주의바랍니다. 2. 특정질환(알레르기 체질 등)이 있는 분은 섭취 시 주의바랍니다. 3. 이상사례 발생 시 섭취를 중단하고 전문가와 상담하십시오."
2025-9,20250326,(주)마이크로알지에스크어스,수입식품등 수입ㆍ판매업,강원특별자치도 강릉시,티아이소크라이시스루테아분말,눈 건강에 도움,900mg/일,"영·유아, 어린이, 임산부 및 수유부는 섭취에 주의할 것, 특정질환(알레르기 체질 등),이 있는 분은 섭취에 주의할 것, 이상 사례 발생시 섭취 중단 후 전문가와 상담할 것"
2025-11,20250326,(주)그린스토어,수입식품등 수입ㆍ판매업,,밀배유추출물,피부보습에 도움을 줄 수 있음,30 mg,"① 영유아, 어린이, 임산부 및 수유부는 섭취를 피할 것   ② 특정질환(알레르기 체질 등)이 있는 분은 섭취에 주의할 것   ③ 이상사례 발생 시 섭취를 중단하고 전문가와 상담할 것"
2025-13,20250326,(주)메디바이오랩,건강기능식품벤처제조업,서울특별시 구로구,프로폴리스망고스틴껍질복합물,,,
2025-12,20250326,주식회사뉴트라코어,건강기능식품전문제조업,전북특별자치도 임실군,헛개나무과병·오미자박추출복합물,,,
2025-14,20250326,주식회사 프롬바이오 익산공장,건강기능식품전문제조업,전북특별자치도 익산시,보스웰리아추출물(FJH-BS),,,
2025-15,20250326,주식회사 엔비피헬스케어,건강기능식품벤처제조업,경기도 수원시 장안구,L. mucosae NK41과 B. longum NK46의 프로바이오틱스 복합물(NVP-2106),,,
2025-16,20250326,주식회사 큐롬바이오사이언스,수입식품등 수입ㆍ판매업,경기도 수원시 영통구,단삼주정추출분말(SAGX),,,
2025-18,20250328,(주) 엔에스쇼핑,수입식품등 수입ㆍ판매업,경기도 성남시 분당구,헛개나무과병·오미자박추출복합물,,,
2025-20,20250512,한국오츠카제약(주),수입식품등 수입ㆍ판매업,경기도 화성시 만세구,대두배아유산균발효물(SE5-OH),,,
2026-22,20260703,주식회사 헥토헬스케어,수입식품등 수입ㆍ판매업,서울특별시 강남구,Lacticaseibacillus paracasei BEPC22와 Lactiplantibacillus plantarum BELP53의 프로바이오틱스 복합,,,
2025-21,20250512,유니바이오,수입식품등 수입ㆍ판매업,부산광역시 동구,상추추출물,,,
2025-23,20250512,주식회사 제이앤제이바이오헬스케어 전남센터,수입식품등 수입ㆍ판매업,전남광주통합특별시 장흥군,덖음귤피추출분말(JRC),,,
2025-24,20250512,(주)알피바이오,수입식품등 수입ㆍ판매업,서울특별시 강남구,덖음귤피추출분말(JRC),,,
2025-25,20250512,주식회사 비티씨 오송공장,수입식품등 수입ㆍ판매업,충청북도 청주시 흥덕구,모로오렌지추출분말(Morosil®),,,
2025-26,20250512,주식회사 뉴트라잇,건강기능식품벤처제조업,서울특별시 강동구,라임과피추출물,,,
2025-28,20250625,(주)한풍네이처팜,건강기능식품전문제조업,전북특별자치도 완주군,녹각효소분해추출물HP(NP-2007),,,
2025-29,20250625,대한켐텍 주식회사,수입식품등 수입ㆍ판매업,경기도 과천시,저분자돈태반펩타이드,,,
2026-26,20260827,피비엘바이오랩 주식회사,수입식품등 수입ㆍ판매업,서울특별시 종로구,Lactiplantibacillus plantarum NK151과 Bifidobacterium bifidum NK175의 프로바이오틱스 복합물(LB101,,,
2025-30,20250625,(주)서흥헬스케어,건강기능식품전문제조업,충청북도 청주시 청원구,오미자박추출물,,,
2025-31,20250625,주식회사 지큐바이오,수입식품등 수입ㆍ판매업,경기도 성남시 분당구,오미자박추출물,,,
2025-32,20250625,주식회사 메디톡스,수입식품등 수입ㆍ판매업,서울특별시 강남구,Lactiplantibacillus plantarum LMT1-48 프로바이오틱스,,,
2025-33,20250625,(주)에스앤디,건강기능식품전문제조업,충청북도 청주시 흥덕구,감국감태추출복합물,,,
2025-34,20250625,(주)빅썸바이오,수입식품등 수입ㆍ판매업,경기도 군포시,복분자추출물(RE-20),,,
2025-35,20250625,에이지바이오테라퓨틱스 주식회사,수입식품등 수입ㆍ판매업,서울특별시 강남구,루테인지아잔틴추출복합물,,,
2025-36,20250625,닥터블릿헬스케어 주식회사,수입식품등 수입ㆍ판매업,서울특별시 강남구,파비플로라생강뿌리추출물,,,
2025-37,20250625,주식회사 쓰리에이치랩스,수입식품등 수입ㆍ판매업,경기도 고양시 일산서구,병풀추출분말,,,
2025-52,20251016,주식회사 데이젠,건강기능식품벤처제조업,서울특별시 서초구,지초추출분말,,,
2025-53,20251016,(주)알피바이오,수입식품등 수입ㆍ판매업,서울특별시 강남구,강황추출물,,,
2025-38,20250728,(주)알피바이오,수입식품등 수입ㆍ판매업,서울특별시 강남구,해바라기종자추출물,,,
2025-39,20250728,대한켐텍 주식회사,수입식품등 수입ㆍ판매업,경기도 과천시,살라시아레티큘라타추출물,,,
2025-40,20250728,(주)에이치엘사이언스,건강기능식품전문제조업,충청북도 충주시,인디안구스베리·새싹보리추출복합물(IB Complex),,,
2025-41,20250728,(주)펜즈,건강기능식품벤처제조업,서울특별시 영등포구,한삼덩굴추출분말(HSy2),,,
2025-44,20250904,주식회사 뉴온,수입식품등 수입ㆍ판매업,서울특별시 강남구,백출양춘사추출복합물,,,
2025-42,20250904,(주)네이처텍,건강기능식품전문제조업,충청북도 진천군,연어코연골추출물,,,
2025-47,20250904,동아제약(주),수입식품등 수입ㆍ판매업,서울특별시 동대문구,Akkermansia muciniphila EB-AMDK19 열처리배양건조물,,,
2025-43,20250904,주식회사 씨에이치랩스,수입식품등 수입ㆍ판매업,서울특별시 영등포구,Lacticaseibacillus paracasei subsp. paracasei 327(K-1) 열처리배양건조물,,,
2026-25,20260827,주식회사 한미양행,건강기능식품전문제조업,경기도 파주시,고소애가수분해물,,,
2025-45,20250904,(주)에치와이,수입식품등 수입ㆍ판매업,서울특별시 서초구,녹용유산균발효분말,,,
2025-48,20250904,(주)미래생명자원,수입식품등 수입ㆍ판매업,강원특별자치도 강릉시,테트라셀미스추이건조분말,,,
2025-50,20250904,(주) 뉴트리,수입식품등 수입ㆍ판매업,서울특별시 송파구,홀리바질추출물,,,
2025-55,20251016,주식회사 리스큐어바이오,수입식품등 수입ㆍ판매업,경기도 성남시 분당구,Latilactobacillus sakei LB-P12 프로바이오틱스,,,
2025-59,20251117,(주)옥천당,수입식품등 수입ㆍ판매업,대구광역시 동구,보리수나무열매추출물(Elaea),,,
2025-57,20251117,주식회사 위랩,건강기능식품벤처제조업,서울특별시 성동구,서목태추출물,,,
2025-3,20250210,주식회사 아리비앤씨,수입식품등 수입ㆍ판매업,경기도 용인시 기흥구,블랙커민추출물(FJ),체지방감소에 도움을 줄 수있음,신청원료로서 900 mg/day,"1. 영유아, 어린이, 임산부 및 수유부는 섭취에 주의하시기 바랍니다. 2. 특정질환(알레르기 체질 등)이 있는 분은 섭취에 주의하시기 바랍니다. 3. 이상사례 발생시 섭취를 중단하고 전문가와 상담하시기 바랍니다. 4. 공복에 복용하면 위장 장애를 일으킬 수 있으니 식후 섭취하시기 바랍니다. 5. 수술 전·후에는 섭취에 주의하시기 바랍니다."
2025-65,20251224,주식회사 현대바이오랜드 안산,건강기능식품전문제조업,경기도 안산시 단원구,사프란추출물(AffronⓇ),스트레스로 인한 긴장 완화에 도움을 줄 수 있음,28 mg/일,
2025-51,20251016,(주)뉴트리원,수입식품등 수입ㆍ판매업,서울특별시 송파구,강황추출물,,,
2025-66,20251224,(주) 뉴트리,수입식품등 수입ㆍ판매업,서울특별시 송파구,미배아발효분말,,,
2025-60,20251117,대상웰라이프(주),수입식품등 수입ㆍ판매업,서울특별시 종로구,어린도두꼬투리추출물,,,
2025-61,20251117,고려대학교 세종산학협력단,개인(기타),세종특별자치시,어린도두꼬투리추출물,,,
2025-67,20251224,콜마비앤에이치(주),건강기능식품전문제조업,세종특별자치시,아쉬아간다추출물(KSM-66®),,,
2026-1,20260206,(주)비케이바이오,건강기능식품전문제조업,제주특별자치도 제주시,Lactococcus lactis subsp. lactis CAB701 프로바이오틱스,,,
2025-68,20251224,코스맥스바이오(주),건강기능식품전문제조업,충청북도 제천시,라임카카오추출복합물,,,
2025-10,20250326,코스맥스엔에스 주식회사,수입식품등 수입ㆍ판매업,경기도 이천시,밀배유추출물,,,
2026-23,20260703,종근당건강(주),건강기능식품전문제조업,충청남도 당진시,연어코연골추출물,,,
2025-22,20250512,(주)바이텍 익산지점,건강기능식품전문제조업,전북특별자치도 익산시,골드키위유산균발효물(Kiwibiotics®),,,
2025-27,20250512,주영엔에스(주),수입식품등 수입ㆍ판매업,서울특별시 송파구,히알루론산,,,
2025-49,20250904,영산홍어(주),수입식품등 수입ㆍ판매업,전남광주통합특별시 나주시,홍어껍질콜라겐펩타이드,,,
2025-54,20251016,주식회사 녹십자웰빙,수입식품등 수입ㆍ판매업,서울특별시 성동구,강황추출물,,,
2025-62,20251117,국립식량과학원,개인(기타),전북특별자치도 완주군,어린도두꼬투리추출물,,,
2025-56,20251117,주식회사 노바렉스,건강기능식품전문제조업,충청북도 청주시 흥덕구,피롤로퀴놀린퀴논이나트륨염(NOVAQ®),,,
2025-69,20251224,(주)에치와이 평택공장,건강기능식품전문제조업,경기도 평택시,Lacticaseibacillus paracasei HY7017 프로바이오틱스,,,
2025-64,20251117,주식회사 비엔지,수입식품등 수입ㆍ판매업,강원특별자치도 춘천시,마르멜로추출물,,,
2025-70,20251224,주영엔에스(주),수입식품등 수입ㆍ판매업,서울특별시 송파구,마리골드꽃주정추출물(지아잔틴함유),,,
2025-63,20251117,대한켐텍 주식회사,수입식품등 수입ㆍ판매업,경기도 과천시,콘드로이친황산염,,,
2025-71,20251224,(주)헬스바이옴,건강기능식품전문제조업,전북특별자치도 전주시 덕진구,Akkermansia muciniphila HB05 열처리배양건조물(HB05P),,,
2025-72,20251224,삼양식품(주),수입식품등 수입ㆍ판매업,서울특별시 성북구,Akkermansia muciniphila HB05 열처리배양건조물(HB05P),,,
2026-2,20260209,㈜오라틱스,개인(기타),서울특별시 성동구,Weissella cibaria CMU 프로바이오틱스,,,
2026-3,20260209,주식회사 푸가,수입식품등 수입ㆍ판매업,대구광역시 북구,포도블루베리추출혼합분말,,,
2025-58,20251117,(주)에이투젠 부설연구소,개인(기타),대전광역시 유성구,Lactiplantibacillus plantarum ATG-K2 프로바이오틱스,,,
2026-4,20260209,코스맥스바이오(주),건강기능식품전문제조업,충청북도 제천시,레몬버베나추출물,,,
2026-5,20260209,주식회사 노바렉스,건강기능식품전문제조업,충청북도 청주시 흥덕구,Bacillus coagulans BC99 프로바이오틱스,,,
2026-6,20260209,(주)팜스빌,건강기능식품전문제조업,서울특별시 강서구,Weissella confusa WIKIM51 프로바이오틱스(Wilac D001),,,
2026-7,20260415,마루온 주식회사,수입식품등 수입ㆍ판매업,경기도 성남시 분당구,파비플로라생강뿌리추출물,,,
2025-17,20250326,주영엔에스(주),수입식품등 수입ㆍ판매업,서울특별시 송파구,호로파종자추출물,,,
2025-46,20250904,(주)엔테로바이옴,건강기능식품벤처제조업,경기도 고양시 일산동구,Akkermansia muciniphila EB-AMDK19 열처리배양건조물,,,
2026-8,20260415,(주)가피바이오,수입식품등 수입ㆍ판매업,경기도 화성시 만세구,삽주추출분말,,,
2026-9,20260415,대한켐텍 주식회사,수입식품등 수입ㆍ판매업,경기도 과천시,마리골드꽃추출물(지아잔틴함유),,,
2026-10,20260415,주식회사 노바렉스,건강기능식품전문제조업,충청북도 청주시 흥덕구,Latilactobacillus sakei K040706 열처리배양건조물(노바사케이),,,
2026-11,20260415,문경오미자향토산업육성사업단,개인(기타),경상북도 문경시,오미자추출대두복합물,,,
2026-18,20260518,(주)메디언스,건강기능식품전문제조업,강원특별자치도 춘천시,자색옥수수속대·포엽추출분말,,,
2026-12,20260415,(주)가피바이오,수입식품등 수입ㆍ판매업,경기도 화성시 만세구,구기자나무뿌리껍질추출분말,,,
2026-13,20260415,(주)종근당바이오,건강기능식품전문제조업,경기도 안산시 단원구,Lactobacillus delbrueckii subsp. lactis CKDB001 프로바이오틱스,,,
2026-27,20260827,(주)나일랜드,건강기능식품벤처제조업,서울특별시 송파구,블랙라즈베리한속단추출복합분말,,,
2026-14,20260415,주식회사 지놈앤컴퍼니,수입식품등 수입ㆍ판매업,서울특별시 서초구,Lactobacillus delbrueckii subsp. lactis CKDB001 프로바이오틱스,,,
2026-15,20260415,대한켐텍 주식회사,수입식품등 수입ㆍ판매업,경기도 과천시,해바라기종자추출물,,,
2026-16,20260415,고려은단헬스케어 주식회사,수입식품등 수입ㆍ판매업,경기도 안산시 단원구,콘드로이친황산염,,,
2026-28,20260827,주식회사한미양행,건강기능식품전문제조업,경기도 파주시,고소애가수분해물,,,
2026-20,20260518,한국식품연구원,개인(기타),전북특별자치도 완주군,감태추출물,,,
